ra,dec,phot_g_mean_mag,bp_rp
264.3078046233656,-14.134901183023143,12.774835,1.9474144
264.0986025995324,-14.135416083869734,12.723602,1.5415325
264.1876266320942,-14.061727741636753,12.8654585,1.680151
264.4531141140938,-14.054118415326428,12.872042,2.0063753
264.8151084681875,-14.038327170081061,12.783342,2.2835646
264.84297393748926,-13.975385471319413,11.639829,1.9949684
264.8806017623009,-13.914239073187634,12.231197,2.2527342
265.0272045982046,-13.893919839724493,12.946845,2.0942545
264.97925459882504,-13.84236655939608,12.703168,1.5640802
264.5778324368842,-13.885033433709115,12.344632,1.5955276
264.5328482836559,-13.806569198865416,12.506233,1.5965738
264.59143031173915,-13.804414389204483,12.662562,1.6061821
264.21389410091274,-13.790768130969008,12.746979,2.067175
263.89893996982335,-13.78102483474726,10.867607,1.4703741
264.1559447968295,-13.728939848056497,11.810801,1.8835249
263.8836226439742,-13.685836083409074,12.8528385,1.5928888
263.96148744239684,-13.682614319631135,9.3125305,2.2667103
264.31395461263463,-13.783916321100069,11.861321,2.500681
264.4621752068666,-13.682546991724376,12.745816,1.0147429
265.1787460167834,-13.75685102608763,12.285061,1.6277361
265.011562738384,-13.741007394690312,11.630116,1.9589205
265.2853644402294,-13.625148447126053,11.902706,3.993453
264.8408484379564,-13.476929500299617,10.770499,1.4950476
265.16715948706127,-13.40089528388254,11.928933,0.9544306
265.034151222998,-13.326934679028586,12.496641,1.9083462
265.3176107651734,-13.412281595054397,12.942474,1.553318
265.4904547212211,-13.34720786713818,12.966935,0.90080357
265.4521895396697,-13.281255985607014,9.920931,0.8896675
264.5783240167569,-13.333896349340195,12.707187,1.0872822
264.51457543648075,-13.182666712213116,12.852623,1.1517363
264.680386032728,-13.15777934308386,12.287361,1.7505856
265.1518630122712,-13.025897005743717,10.857926,2.2823162
264.999407953307,-13.012135666699374,12.251979,2.6108952
264.8074724655167,-13.003338780630775,12.670186,1.9260874
263.7036500508383,-13.785218240481358,10.865001,1.5709028
263.7206031629958,-13.765026423945812,11.496546,1.0931969
263.64658948394737,-13.686811558831105,11.98484,2.0148888
263.48412253585593,-13.673939107556821,12.042919,1.7382345
263.93844385484675,-13.40970933461304,10.850525,0.9584751
264.23077109548245,-13.263922162617497,12.38872,1.1130886
264.0449327343364,-13.26617453092958,12.028173,4.0063086
264.1876098753941,-13.226852257137661,11.971014,3.37984
263.88271824811727,-13.116983685487547,12.051096,2.5040426
263.40566350170036,-13.20585611190765,12.78915,2.1592636
263.47894159435356,-13.210732339756344,11.654121,1.0770445
263.2038465425094,-13.216551534521514,12.930965,1.3195953
263.61765660724285,-13.16423912560131,11.592711,1.025486
263.66884986622216,-12.985629801826212,12.320842,3.8995905
263.87065564138965,-13.028679193191854,12.697533,2.649335
263.8257304243033,-12.962577080322584,12.988788,2.0788155
264.39858307098797,-13.12439437144618,12.495502,1.6780615
264.44153015274867,-13.056674012506452,9.605813,0.8787117
264.67110104708894,-12.851627645109746,12.160213,1.1774807
264.69538653917954,-12.697840310219117,12.955909,1.2690115
264.8851701470292,-12.708134127489599,12.651385,2.2091436
264.8207403259352,-12.621980628032032,12.676198,1.3729248
264.5769826436122,-12.489220679937404,12.881356,2.4079351
263.9552172526037,-12.88071957214343,12.799898,1.209898
264.0279342619261,-12.79267829208554,8.928677,0.5745783
264.1079705803285,-12.677899218392666,9.006422,2.1992974
263.8644047924683,-12.473330736540921,12.965163,1.2235832
264.4639725878275,-12.528171979970299,12.585396,5.33899
264.601312192756,-12.363892842584276,11.726048,1.9645615
264.38021405276226,-12.2058801956575,12.958489,1.9470739
265.8076984642448,-13.128287118084756,12.826668,2.5747404
265.62914897020926,-13.081327122093853,12.551282,1.0911674
265.68766946075436,-13.076832983448206,12.638006,1.1074495
266.0642401433367,-12.980361631107183,11.816193,2.8354654
265.53475681583853,-13.013371352584972,12.993193,2.5698147
265.6984225908387,-12.995731651419998,12.984967,2.4867477
265.76155375936884,-12.942528017421127,10.665437,1.5942793
266.18974895795765,-12.74009519561969,12.376738,0.9041872
266.0206470403538,-12.808948138347622,12.835452,1.8820829
265.51325858726256,-12.75399196743862,12.02992,2.5432873
265.4913381182844,-12.751227039300566,11.923045,1.7334785
265.3654627507853,-12.701658512068256,12.387033,3.2674723
265.88021370064604,-12.505423429160363,12.473678,0.92272663
265.7423060021888,-12.465756937031074,12.738016,2.0167465
265.83770084495126,-12.354085547816657,11.782332,1.1728945
265.5934607159133,-12.340327558777526,11.414366,1.0334444
265.78720496893317,-12.254470397422496,11.269903,1.9594173
265.9109498385395,-12.156903237820709,12.212851,4.038183
267.0518065549964,-12.019042812513128,12.444561,1.7140932
266.6862204357265,-11.86816169163641,11.11628,2.767418
266.09845696768804,-11.836419682681665,12.470257,1.4537125
266.5936789514629,-11.899082836498897,12.180679,0.99723625
266.22548191442576,-11.754097514618204,12.440159,3.0772047
265.2004897739153,-12.467926305561594,11.280375,1.2838478
264.81366470808854,-12.345866671177046,10.071555,2.1155634
264.8565073013439,-12.32274407379889,11.200429,2.1252966
265.05505542437623,-12.195061386545383,12.437788,1.7348509
265.2651354756819,-11.954604427056443,11.965613,2.1779642
265.4480635057586,-11.763902443951473,12.645497,1.7895098
264.62883756753894,-12.139741397801822,10.190453,2.0911188
264.6928969695155,-12.010501519436007,12.0088625,1.9276581
264.43348605375024,-12.070084646946125,12.652151,2.0079374
264.90140122923043,-11.646667444283647,12.818421,3.2277927
264.90893793320186,-11.635426170237952,11.259233,2.8177176
264.97175633044424,-11.519524077626867,11.704806,1.8351345
265.0875485541758,-11.514341961332494,12.146719,2.5166378
265.694368352614,-11.92150203147948,12.188956,2.0030546
265.6652253378279,-11.901354664668466,12.810728,1.9811821
265.5381218691619,-11.796338319556709,10.480856,2.2973003
266.06752716453633,-11.579744445920808,12.262474,2.7872477
265.7321965463407,-11.4541576110085,12.231558,2.305172
265.5497868690611,-11.374962283983646,10.531882,1.8094234
265.65261392893257,-11.367137022316914,12.001993,1.6723547
265.35437683916666,-11.385629703264211,12.58502,0.9855223
266.0784734389705,-11.1483777854046,12.8691845,2.425272
263.2565431712889,-12.949407482461892,12.771047,3.1341076
262.9678373115827,-12.641320863212924,12.872529,1.793397
263.305354702574,-12.889303131280066,12.934488,1.1041784
263.44080707466065,-12.765580555562506,12.9103,2.6817236
263.3784706054234,-12.75193603295092,9.558448,1.1861315
263.2326254471631,-12.713895188632229,12.8617,2.8429632
263.31042313137385,-12.667508199339341,11.882901,1.170476
263.29518786873376,-12.389978850837954,12.356626,2.0203543
262.68850116242186,-12.519006945202955,11.371855,4.4046564
263.01882386828686,-12.326075694603066,7.787573,2.5119987
263.76070268519857,-12.168863298567311,12.743214,1.8123589
263.602502911831,-12.210958560490342,12.724438,1.953392
263.8940829520351,-11.992490679099207,12.450492,1.2737551
264.0259557279043,-11.82818168854323,11.5803585,2.441059
263.2807430842707,-12.194476997786582,12.504389,1.4951487
262.31579149911494,-12.155986925025971,12.746879,1.3550606
262.22606511146614,-12.183768790127811,12.132382,1.8325758
262.3749584148055,-12.08866443441357,11.510348,2.0602894
262.4764801174332,-11.867962545840571,12.223635,1.7346497
262.68809369789295,-11.798580448206932,12.504021,1.5465126
261.79389171126684,-12.145831223166503,11.892892,1.1134253
261.67748600126697,-12.117439567096534,12.314387,2.863965
261.82195351913487,-12.007821487782216,12.28798,1.6742821
261.9628850207551,-11.980089579358767,8.961525,0.6780882
261.91404658598674,-11.801481673926421,11.3259,2.032795
262.87088478283056,-11.902518223973567,12.63789,2.2328596
263.0951561284354,-11.782357005800542,12.771352,1.3829584
263.0315625412621,-11.599315910959218,12.79675,1.971283
262.78959256313027,-11.335523469133594,12.5981,1.2726479
262.32647976271795,-11.41763594767599,12.459423,1.0077858
263.1304958320032,-11.201897919359347,12.696828,1.7696562
262.82445684505234,-10.973293676636017,11.573982,1.7977972
264.46081962426763,-11.537117850003519,10.034948,1.7199478
264.71087150626556,-11.621940831136836,9.620108,1.6627645
264.12027461318246,-11.573838812631706,12.613518,1.7525139
264.14317894916144,-11.546570045819813,11.928743,2.6204891
264.1198918373194,-11.513254958907114,12.637486,1.4077873
264.2411438029776,-11.394656928462146,12.7565,2.5173616
263.8596642091054,-11.550363172478853,12.407476,1.3470001
263.9737693025507,-11.44150729335925,12.860385,1.5062695
263.73611070788826,-11.462967306041591,11.305321,1.8492775
264.4851547520575,-11.02730282023018,12.001102,2.0343008
264.91025524293946,-11.093403590855482,12.500917,1.9311352
264.7299539089071,-10.886380268235685,8.244056,1.7036738
264.9497586197612,-10.87375466797918,12.957343,2.0279427
265.2391250101852,-10.658040187898582,12.167481,5.5897264
264.83837546670605,-10.571683715499757,12.075974,1.5879126
265.18080777845114,-10.336876766399778,12.861206,1.6109829
264.1242509648186,-10.667993273190486,11.544649,2.0386963
263.8949153598075,-10.637076679365633,11.601748,2.8869362
263.5290343026935,-10.860406486839684,11.3434725,1.693161
264.49169854918523,-10.312665174387039,12.75498,3.6506453
264.77489486917176,-9.953656021167019,9.084638,1.8509617
263.9097942961024,-10.170690797115203,12.89196,2.3954182
267.2057007720563,-11.751524983604948,12.018527,1.4260626
267.17269943093356,-11.753550112119271,11.104718,2.8484783
266.81538730376076,-11.302443751194803,12.746057,
267.42268308302033,-11.126564454907768,12.96406,1.5813656
267.935935173156,-11.272613604964064,11.974963,2.4088984
267.76965430170554,-11.216550346571811,12.938663,3.0999193
267.9211348924087,-11.161476298032882,12.862059,2.3156385
268.0701837564265,-10.701784866979262,12.581469,2.2341204
267.46807522734514,-10.828304462526047,12.211659,1.2808104
267.90731469638837,-10.53458018816171,11.71666,2.1903849
266.17267266913785,-10.927357665818828,10.679256,2.064166
266.2453957518255,-10.69360339339977,11.587709,3.4402237
267.387692383792,-10.329601790614229,12.403805,2.4203072
267.3814385084011,-10.287495593464916,12.391618,2.5620823
267.3266355233144,-10.193875040540842,11.200587,4.023303
266.9177005257865,-10.332582587975743,12.161328,3.1624327
267.4256650986044,-9.805611874188903,12.608276,4.5625467
268.72011750952373,-10.326918489833274,11.651699,4.916417
268.998645808568,-10.382771769298865,10.140353,0.95558167
269.16053529990535,-10.11176837749809,12.140069,3.3226213
268.7901138653474,-10.062957132585787,12.440761,1.5391922
268.3462175896932,-10.089692194252452,12.55129,2.5413294
268.5777051522434,-10.155630888697214,12.851626,4.03461
269.4908594381296,-9.796490980032162,9.878983,1.0728273
269.81073099813415,-9.502608727904615,12.558045,3.5372305
269.50827636255906,-9.643855522175862,12.805732,4.45022
269.47787261228063,-9.618461515623421,10.510296,3.8637495
269.5953991098227,-9.428539233812176,11.019568,1.3447561
268.9533602512468,-9.669358161362787,12.951477,2.4233284
269.1305896548713,-9.522371024724606,12.076587,2.8907928
268.92066948657515,-9.536643543023777,12.438041,3.426279
268.9835463001131,-9.277048518962609,12.489064,3.3968563
269.2295746698781,-9.072669884688263,10.845276,1.478301
267.6881418674567,-10.009998980460711,12.661677,2.3649483
267.8673759433147,-9.84493575101432,12.138154,2.1041813
268.29829466598545,-9.741705091206216,11.599808,1.3266907
268.41422858432037,-9.661912689044827,12.505538,2.3225794
268.03606402872896,-9.552076326201348,12.286461,2.2144003
267.3146377865487,-9.540338112260573,11.705973,2.5407734
267.460171603481,-9.363294430220117,12.570625,2.7190275
267.52323311286847,-9.337157117087648,12.841633,2.305665
267.86565323938527,-9.568444713084025,12.9622,2.8347635
268.5240217339963,-8.93123352161972,12.121016,2.1772013
268.24654629008256,-8.957374328071461,11.995869,2.757903
268.39539899985164,-8.70837419904733,8.037596,0.48509264
268.34763616287876,-8.701027218150905,12.983662,2.2884836
268.59582227227395,-8.600723359649086,12.163856,2.1060286
268.63589049187664,-8.554984937797126,12.534811,2.3167276
265.625258416326,-10.666691480635562,12.641528,2.8606262
265.63605778935346,-10.644151066502646,12.073801,2.0459127
265.941478187477,-10.453827655171393,11.317799,2.4835186
264.3673830488646,-14.311561082780013,12.752404,0.82948875
264.33479002581,-14.27262082900102,12.524416,1.5449896
264.6418479356609,-14.176021448317774,11.177317,2.0685768
264.3141123704571,-14.128928555473543,12.579941,1.5101337
264.08400929262984,-14.16880248964859,12.873949,2.2791452
264.72269533121397,-14.086126106844345,12.751864,2.232585
264.63592853234087,-13.952047975677848,10.512112,1.5016584
263.843114726422,-13.833770851219874,10.4175825,1.4163837
263.848124775902,-13.76221338064473,11.865956,4.1352654
264.5766533170282,-13.666732199688171,12.158928,0.8318615
264.1965324252438,-13.699131216612196,11.657762,2.417101
264.23446066778774,-13.656439956999009,10.211079,0.7859888
264.11183126444433,-13.592890207092013,12.809648,1.1050272
265.08980492077137,-13.646880640826488,12.536942,1.4690428
265.1335812329073,-13.593654771836889,12.995382,1.6674938
264.9891920670512,-13.571817175877193,11.6665745,1.6915598
264.8476033641776,-13.484544899339541,12.250809,0.81703377
265.14787422946046,-13.466871801538053,12.022635,3.7366962
265.10983521612343,-13.357686604456717,12.302644,1.7154503
265.1281201304815,-13.325641146721495,12.5645,3.1793442
265.6578913200561,-13.19478573579884,12.10042,1.6524487
265.15788952692526,-13.213683397453673,12.645354,3.2751026
265.2964995014448,-13.110600268101242,12.152903,2.9329653
265.4170168788092,-13.075531694785864,12.34764,1.8036613
264.66777461973396,-13.38400653714216,12.406649,1.5685549
264.75532912914616,-13.273802577504778,12.101141,2.4063177
264.9341017296791,-13.27419295529312,12.510527,1.7923069
264.574509811415,-13.361173215467987,12.415354,1.9459581
264.68283237457547,-13.058021501106506,12.703977,1.1746073
265.1138927555364,-12.955948412404613,12.903214,2.3274908
264.9289977906595,-13.057179749499841,12.376895,1.232832
263.78876116518313,-13.668670029132977,12.72552,0.9558153
263.6754822019318,-13.585852046868288,12.036045,2.1896067
263.55801875170283,-13.435489882392634,12.658997,1.4755278
264.14853054435395,-13.35845522705277,12.275893,1.6165905
264.1435857287744,-13.371720510546455,12.589973,1.8112192
263.97150184357344,-13.421766344255587,10.59744,1.3855944
264.2427865403315,-13.299233196126885,12.881809,2.2380915
264.1844163420451,-13.136868359229437,10.985694,1.7061882
263.13415369514047,-13.166032419279075,12.745464,1.814333
263.62561650715764,-12.699877632090203,12.346297,2.1038342
264.4152907820352,-13.074300300048122,11.853526,1.0307922
264.5950465227403,-12.881009905506623,12.996806,2.1016273
264.25286169045705,-13.024007392886007,12.743554,4.0727987
264.24113236172485,-12.792065202409951,12.865891,2.0644436
264.87275743852086,-12.783287064795068,12.1845665,2.9492292
264.7447854011205,-12.648953920506505,10.604272,0.92321205
264.0388371360064,-12.771692716546315,12.878814,1.8277264
264.1958931818155,-12.77264202687635,11.2816105,0.9502611
264.55236026494185,-12.38168795069118,12.682186,1.1004877
265.85780134274086,-13.177024975174193,12.736059,0.97584915
265.7039685734952,-12.941240519429407,12.428437,1.76542
265.6660103057445,-12.960396250044923,11.74536,1.417058
265.8206508282538,-12.904184519954345,12.562097,2.716073
265.84331925861443,-12.80316151088918,11.99315,1.1646738
265.7371961723507,-12.790224438679202,10.516111,2.7415447
266.1773492458826,-12.816012329593288,11.9780855,1.5886927
266.19958004506515,-12.693112506496913,12.230157,2.0107012
266.08400599092016,-12.48946854334936,12.735913,5.496998
266.0600818491285,-12.421948307451105,12.599607,1.8921785
266.1755781177531,-12.398018257197721,12.43936,2.58986
265.26918217580925,-12.750222748976668,12.442161,1.9811125
265.20679598014607,-12.688791206354654,8.283763,2.576108
265.3264673040226,-12.570379079526052,11.963457,1.0893145
265.2818307546876,-12.553275896639963,12.145978,2.5375166
265.40885448775987,-12.589741780387792,12.572941,1.0465546
265.527603196677,-12.454593773352663,11.720382,4.369336
266.04126468037003,-12.315576190065027,11.222906,0.9840059
266.3807899371066,-12.506483936283667,12.794225,1.8078184
266.32277437486226,-12.448189379938595,12.150596,1.9737959
266.3332371972325,-12.375003388632093,12.741074,2.0695677
266.71347293301,-12.17841141929718,11.231584,0.75673485
266.7465133471165,-12.159003379552319,12.062129,4.202387
266.7027538779755,-12.014053943665619,12.826765,3.8382359
266.7679899000625,-11.848269650599798,12.816765,1.4475193
266.8131786610412,-11.753837773752998,12.235161,2.1310158
266.00737903215037,-12.064493084981311,11.753025,2.114789
265.88216037716103,-11.95880212554128,12.7677555,3.4646673
266.05994214085473,-11.837681946596152,12.283445,2.2588272
266.37181677087324,-11.886038927648908,12.670027,2.9502344
266.6429398188867,-11.800578538996477,12.66209,1.294591
266.6831136263572,-11.723411314474,12.227837,1.73845
266.5520060013144,-11.702268473246232,12.890104,1.745903
264.98265183735117,-12.139133388379538,11.022782,0.81523514
265.08510679686833,-12.06233382572528,12.799802,2.382763
265.35152640351816,-12.160578401578807,12.898156,4.6429462
265.46310490121493,-11.820012997276878,12.306089,2.7993164
264.74806485004075,-12.216674746661377,11.846446,2.4086952
265.87094907697303,-11.875918597382132,12.950883,1.4989462
266.17601099309013,-11.413074287414386,11.141362,1.3073702
265.92271522926194,-11.52880525810849,12.494362,2.4636927
265.9212933471159,-11.42535241433606,12.955658,2.951438
266.1072705258123,-11.327793349791477,12.126757,2.4610233
265.21401088418094,-11.341541779481505,11.988038,1.9027538
265.34976583734607,-11.329073269097593,11.480277,4.7698965
265.45842334657715,-11.183429621887559,12.958134,2.6282492
265.880908987215,-11.266831156568092,12.231097,1.2583218
265.6693990100721,-11.178875639810748,12.510477,1.3064041
263.23315547728885,-12.98914022959626,12.681692,0.79551697
263.29242318299293,-12.905852810046065,12.054671,0.9920416
263.4995255004235,-12.70086735744591,12.27499,1.9707499
263.1891915615784,-12.688242561161294,11.647316,3.0159292
263.28216706837395,-12.462957533717251,12.733808,0.77199936
262.65975747670825,-12.787755916907606,12.910568,1.3387356
262.7868104776993,-12.515669450396741,12.382021,1.4315224
263.2037897460166,-12.360139624979531,12.677562,1.4060335
262.68550095418146,-12.315942041659758,11.915917,4.2435627
262.95222362183864,-12.212865706925058,11.243422,1.8545113
263.86053776412797,-12.402084998320204,12.268404,2.4168167
263.8677003179098,-12.195873307486908,12.674569,1.3252974
263.9771725124679,-12.09893729636365,12.550016,1.878622
263.39808317210077,-12.24286163393217,12.057129,2.4639578
263.5712096172677,-12.109505850516829,11.387169,4.9979916
263.3720007802238,-11.954355022765428,11.739373,1.3214788
263.4242363979085,-11.669095702253586,12.31912,2.6643581
262.04235658914865,-12.409266625187,11.797955,1.9152813
261.98629977085386,-12.33253314459462,12.827056,1.9194288
262.7856016876392,-12.110870852441638,12.957574,2.0066395
261.90558134093135,-12.2762252711102,12.960079,1.845768
261.85236457874754,-12.190003846607055,12.87909,1.2890596
262.27276410628656,-11.940414262781955,12.806599,0.77603817
262.0552687469255,-11.768171930643028,11.654055,2.0496082
262.22591160133635,-11.718236791378274,12.4430485,2.128254
262.14445142361876,-11.689990507719738,12.925127,1.8669128
262.01948018359485,-11.776567848486131,10.469114,3.3655863
262.28706115573726,-11.601457257786272,11.895708,0.99342537
262.86055930572144,-11.742100769554593,12.674115,1.4232101
262.706310832577,-11.742804018307524,12.932859,1.8780394
262.91701881881056,-11.46208737099188,10.134682,0.9395218
263.12393839132767,-11.339415030973834,12.10713,3.2159948
262.79981731177133,-11.469160599696073,12.708018,2.3821764
262.8595238815487,-11.41817105350926,11.217852,1.0072575
262.67752390953376,-11.405444585705114,12.016221,1.9658308
262.36317820838616,-11.448063382980772,12.97041,1.9017382
262.5080877028809,-11.245405058404012,12.31295,3.9740667
262.73628506807546,-11.071967802774386,12.25251,1.8123369
264.589386137545,-11.687366044021992,12.886936,2.342248
264.4982357053778,-11.724030989691393,12.595815,1.2225008
264.1223075917129,-11.714031268665872,12.888823,3.385168
264.39234848047045,-11.588809706445948,12.679892,1.1129026
264.82726498032974,-11.382045335422749,12.171551,1.9632721
264.5225584881487,-11.497167170539246,11.4489155,2.0573912
264.84299143756084,-11.237192230023217,10.9075365,2.0933962
263.96472036493304,-11.467106378405456,12.484122,3.1428747
264.28492800609473,-11.411257726753504,12.808229,2.006734
264.36413176662705,-11.372059500011396,12.2985735,2.8764486
264.5864343315761,-11.106222174698445,12.32495,0.96850204
265.2175354574833,-11.148264503674062,11.594202,1.7148657
264.92724181728886,-11.023477851551858,12.963888,2.63931
265.2127395992182,-10.839098111599997,12.093555,3.1419392
264.7921358056615,-11.007566394901035,12.756347,2.5974445
264.83421391113114,-10.70108151815879,8.999426,0.8178654
264.8757821375272,-10.600655336063866,12.060187,4.2099304
265.0974223109647,-10.32401194270715,12.778076,2.667183
263.8029402146868,-11.164600892909464,11.950379,2.2614803
263.60838264717194,-10.688866349969357,12.509595,1.7007322
263.62537144558166,-10.656986844292241,11.784803,1.5880909
263.4068391818277,-10.460162285166195,12.962582,2.1814346
264.4905972708979,-10.363910284502257,11.71945,2.040948
264.3693578479049,-10.326341104353972,12.239068,2.5008278
264.67316031720696,-10.346301872469486,11.954369,1.1745424
264.6343271207698,-10.283141320856316,10.583932,3.220438
264.11123499517737,-10.29637624363294,12.26184,2.4676027
263.85165684068534,-10.221918571504306,11.542578,1.494463
264.08973604512653,-10.004930416496135,12.566652,1.8530016
267.32998041085716,-11.851660365963713,12.65259,1.3455591
267.3146083054875,-11.69832169119488,10.373833,0.97603226
266.88091078220293,-11.71128409516887,11.515523,1.57302
267.7261989841122,-11.54264752191788,12.889056,5.019227
267.74817905637497,-11.408481680260808,12.921854,1.8565035
267.3783570331439,-11.44840424651637,12.523793,1.4997101
266.9985114657216,-11.068591636225989,12.351324,2.867978
267.9424316747465,-11.189539710920398,12.3872,2.9554615
268.22529003982015,-10.7497517334664,12.81253,2.345461
267.7790266651225,-10.867256272396427,12.911621,2.9659595
267.8318175940794,-10.734916932777086,12.105076,1.3366203
266.5681683819748,-11.152799741058507,12.540803,6.1127825
266.7599543352517,-10.781903650842413,9.815954,2.167842
266.3020249033684,-10.826202093763643,11.273216,2.1452217
265.97733729252684,-10.666795862462893,12.627523,0.9818325
266.1253317717491,-10.625880373511404,12.981444,2.2014408
266.62252501892215,-10.630439610888883,12.753885,4.257827
267.4505198311054,-10.042792564007897,11.128322,2.1234436
266.91228883334196,-10.274572421535249,11.866853,3.3261795
267.066730654053,-10.025529501667148,12.67085,4.8703203
266.94830777836415,-9.8518172164651,12.179227,1.2844028
268.8121456561069,-10.32530812389723,12.137096,2.6118584
268.91882801035405,-10.315324172647072,12.366778,2.6822262
269.00742023954473,-10.113815038664129,11.673682,1.324048
268.39728931934513,-10.123002189283826,12.98388,1.7447319
268.3368106237096,-9.87531856720617,12.974287,2.672533
269.0154599833749,-9.916820276134763,12.78614,2.681776
269.08531685874044,-9.776935686233708,11.903514,4.0987215
269.65603093818055,-9.667164583876183,11.5934,1.4974527
269.8853664776437,-9.513286590489546,10.904881,1.4691563
269.1741974016675,-9.582193152772168,12.9791975,1.7274027
269.0718047480966,-9.615543520524222,12.25405,2.5180197
268.79418449057016,-9.714930334565421,11.7787285,1.260436
268.84641326903574,-9.67609212051193,10.505661,4.1522894
268.7815210181217,-9.583482468435538,12.830018,1.3262072
268.00406798042513,-9.980555718891914,12.616299,2.4161968
267.4011515471527,-9.63028750571415,11.345624,1.8784628
267.87626090522895,-9.430867296965614,12.553525,2.627098
268.1072946506719,-9.231576513375002,11.9659395,2.5092678
267.8397603659711,-9.183021186918326,12.283634,4.667388
268.5817455649316,-9.136497275021824,12.696787,1.8140411
268.6108405122447,-9.108507069299597,11.443201,2.1653843
268.53778251531867,-9.00351893425015,12.325394,3.1454792
268.4727388668888,-8.897224475003505,11.0941105,1.0803127
268.50980837176473,-8.832463934011011,12.7625,1.592742
268.80608541250683,-8.71992769620551,12.439906,1.5925674
266.0217061716157,-10.443055894036195,12.960491,2.1036434
266.29937910750874,-10.305849949214322,12.087676,4.3565226
264.35497016274456,-14.381964559602315,12.7453375,0.86260986
264.2761155203595,-14.275309603321244,12.546093,2.5777617
264.39141194371894,-14.195497640591487,12.926319,0.90672207
264.6731000738813,-14.18691222964453,12.946697,2.3322563
264.49134128395923,-14.136328328412821,12.231915,1.5616055
264.5136712307204,-14.092542922010576,10.8396,1.3253565
264.3282833049718,-14.139945424423562,10.622574,1.0120564
264.3233602652957,-14.105402950188749,12.414829,1.6354427
264.2889042858429,-14.08433175832421,12.451832,0.9213791
264.82942732537833,-14.059861934997283,11.786894,1.6265764
264.62540549887973,-13.980475158183577,12.540007,2.804616
264.8324264156153,-13.80181122271565,12.1002445,4.3616714
263.9595390571914,-13.912966396653392,9.182434,1.7562094
263.9503340281273,-13.824284430616151,12.636838,1.1469631
263.89801486517763,-13.729387009998607,12.036742,3.1792288
264.42535552211245,-13.73406899793988,11.018802,1.6077366
264.446322872014,-13.618681840432238,11.568175,3.692008
264.6702741563409,-13.573095630067481,12.44466,2.11275
264.43903514704573,-13.554295041714564,11.369036,1.0012932
264.24543802056485,-13.59490943788168,11.490712,1.6102438
264.42300611134493,-13.474464924080658,12.893923,1.7450876
265.11072818070227,-13.789608731717186,12.5979395,0.80648327
265.18014330625175,-13.629131504836062,12.547655,2.5093803
265.1549594671944,-13.50902702996478,11.895785,1.0908031
265.28666375370386,-13.453642875446388,12.422005,0.65928555
265.0287874494044,-13.585746676893121,12.7630005,1.8702374
264.86443251036053,-13.515902630141186,12.199331,1.0729971
264.8487361581155,-13.464688342916878,12.385014,0.9495697
265.174472255407,-13.461770092718387,12.662625,0.76318073
265.19115612948343,-13.396223256095414,11.332553,1.7265205
265.4594456391371,-13.40132662752403,12.841075,2.742939
264.88956847282725,-13.35174813952094,9.61664,2.6309185
264.9023892579556,-13.196344664041606,12.164491,1.7048864
264.62268059559403,-13.158475648564343,12.922448,1.0399609
264.5498751084577,-13.170170369689382,12.139556,1.7581568
265.10008206765303,-13.06597865708077,12.11816,1.0712633
265.1559506268806,-12.945556482763767,12.915978,1.8119955
263.7790321802774,-13.62585876390731,12.287874,3.3531246
263.4298258419185,-13.640120213776116,12.462823,2.180582
263.5872768839429,-13.570738434862225,11.499635,2.2801447
263.4746521901361,-13.48536175507831,9.514228,2.4341354
263.4894344297421,-13.481382447644128,12.608359,2.3071518
264.0379958850287,-13.538387882845552,11.562389,1.7408361
264.3053290591803,-13.272527745289683,12.962621,1.2647381
264.12747004797205,-13.19232044163734,12.913685,2.3810425
263.8972835138549,-13.21600422379383,9.920684,1.6200113
263.85281385461496,-13.12550872042094,9.930097,2.523345
264.13705387502523,-13.102378850210092,11.518557,0.98133373
263.9448189890072,-13.076663673796281,12.777207,1.8463001
263.41530677265246,-13.456289657571512,12.617932,1.4713659
263.2807956857484,-13.374368691190028,12.419199,2.2978678
263.32651798699936,-13.333871723298914,11.755913,1.798008
263.32968839389224,-13.137781179810661,10.768047,1.6677437
263.9063425137393,-13.023670862726993,11.920285,2.823141
263.84423524182296,-12.838417544153753,11.41961,1.7526064
263.5096601433995,-13.030752499638009,12.899905,1.1359787
263.61027542700174,-12.960739928244235,12.899344,2.9597807
263.4202066140245,-12.897982840379381,12.577973,1.9768181
264.6486963740463,-12.96097859698103,12.484603,1.6230087
264.17775536092273,-13.00938843432253,12.499854,1.7739067
264.4559875327496,-12.797576600597875,12.648065,3.3107014
264.7822114185211,-12.757333523625386,12.967741,2.3513231
264.46171061552343,-12.639717641045797,12.029296,2.2554045
264.7481472566,-12.544673973498991,12.237213,1.1203957
264.7458217082373,-12.535706053079242,12.8007,1.2559433
264.73831209760834,-12.470986320907716,12.431535,4.4431953
264.22880416619466,-12.671958714851439,10.72446,2.2825422
264.4254007516783,-12.217698887160063,10.24222,3.1177979
265.78565887214046,-13.108956339319342,12.272578,2.822711
265.8542530487714,-12.901992934013654,12.945931,2.817647
265.7716244119963,-12.934554315711823,12.655744,0.9428911
265.66513112457875,-12.91591176789837,11.826919,1.1202173
265.23801720479474,-12.675676642459393,12.127861,2.0398703
265.66497608375397,-12.473920817584196,10.468327,2.9089937
265.83076784657607,-12.336086944713623,11.895373,1.1403522
265.7274458884964,-12.35152039175029,12.122604,4.8984127
265.4696462066651,-12.314282833850726,12.528409,2.3757267
266.52415373946536,-12.4604520029308,10.891375,1.1765461
266.72703854346275,-12.346541932527813,12.2611685,1.4491911
266.71071788099994,-12.316069996686544,11.989407,1.8385086
266.91259688847606,-12.196897757597053,12.478386,1.9519377
266.87196437650647,-12.06430258973481,12.904225,1.502451
266.9854668813818,-12.039982198237823,12.214465,2.1029205
266.9821419234268,-11.909325622647449,10.778738,2.897684
266.12848280026617,-11.80951206376782,12.863923,2.0204515
266.1901957588401,-11.799692085280252,10.753716,1.8776789
266.473241471859,-11.992173550563352,12.942312,1.6983852
266.7595332607516,-11.735137295289949,12.976973,1.4692106
266.27279400406013,-11.69961919837369,12.076053,1.8858576
266.5449391135332,-11.641609543867068,12.676014,3.7401304
266.4177750834315,-11.577481240035478,7.735565,2.7355833
266.42299083402577,-11.498742243062452,12.732103,1.26124
265.0420315417773,-12.395929257156434,10.378475,2.2155418
265.23475526645973,-12.214528091780046,10.802841,1.7472782
265.08270913098494,-12.209026446848089,9.461734,4.166857
265.1324656734876,-12.080921255460895,9.517098,1.6286592
265.4589125600001,-11.820505102088182,12.54625,1.9191542
265.4035918635246,-11.78620871514307,10.210418,2.0024643
264.91393284085586,-12.10247997442735,12.293538,0.71511936
264.56768734958973,-11.93951868467421,12.614226,2.141533
265.0883545037675,-11.984923716122983,11.277286,2.3532562
264.9507943964616,-11.839448324825945,10.018025,0.83235264
265.3031706349576,-11.718725384669591,10.939377,1.8013391
265.3422210534702,-11.705859777323244,12.4462805,2.3492098
264.84336445967574,-11.701647668582526,11.437112,2.1249704
264.845959374598,-11.688404136798107,12.877701,3.1212387
264.998356598249,-11.581873167463854,12.330725,1.2588778
264.99426781793125,-11.56069883832462,11.544987,2.0987911
266.3398496172741,-11.337640180632471,12.998685,1.9220705
265.60547004670457,-11.52850084980142,12.689382,1.865756
265.37119080120317,-11.288863718492845,12.2127285,1.4309244
263.091190272282,-13.063249511689833,12.728203,2.3342037
263.00101089769305,-12.962983777938934,11.4093075,1.671607
262.8683505354443,-13.008012828015747,9.640467,0.71600056
263.4061741752759,-12.73117989915114,12.782779,2.9473305
263.1778805842581,-12.760237857414648,12.743573,2.2065697
262.6622011579225,-12.595773467415288,12.641586,1.9579515
262.4890560245125,-12.516864417581159,12.749731,2.523182
263.7088141918951,-12.247298950593091,12.349649,3.0678606
263.79481225899497,-12.21503272962933,12.470139,1.8849173
263.9662960663169,-11.868140435117564,9.83656,0.94553185
264.0831845037045,-11.810045222223856,10.732368,1.9372139
264.0827532185089,-11.817748204553679,12.013331,2.039071
263.4096318113315,-12.192489181828421,12.723439,1.1473036
263.1763416770951,-12.19056581768502,11.972953,1.0452843
263.57366322614087,-12.093752477582152,9.80264,2.531866
263.32892824020496,-12.030717518408254,11.4710865,3.153098
263.3357636629712,-12.021051625128553,10.594974,1.7197161
263.55131485801957,-11.930115718464428,11.509969,1.8032961
263.87744099910316,-11.695529775367518,12.608663,1.8765888
261.79271107682746,-12.146277943036274,9.660025,0.83388805
262.15117777526046,-11.896758091754183,12.980767,1.916275
262.30098254944966,-11.736957852672669,12.186723,1.7212048
263.0522773348945,-11.948458957467624,7.4073825,2.20854
263.06260730336174,-11.90046345012025,10.921266,2.5641842
262.87807155012405,-11.502242403444301,12.882885,1.2500076
262.88828287590127,-11.487996590007539,12.5479145,1.8645716
263.50393513628654,-11.5265742780015,11.098583,0.8271303
263.50870955379764,-11.454082330608253,9.574253,1.9798584
263.11612583255373,-11.536123881440517,12.959126,2.706399
263.21550532802263,-11.389240946814724,9.444679,2.3925142
263.26318010494185,-11.285232596697492,12.790449,2.5689945
262.8259427158011,-11.398526688384312,12.271315,1.26262
262.6227270560493,-11.303255199116252,11.364995,3.9268007
262.61750959777424,-11.15683040874507,11.984914,2.431016
263.0693156289627,-11.026182359720513,12.773395,1.4671812
262.74729021277517,-11.186604455352935,10.196736,0.3211584
264.5408106385454,-11.638331953839472,12.520154,1.7482529
264.3631241219106,-11.69190337999689,12.533388,1.3134947
264.4808203644978,-11.625454112458216,12.695833,1.2838116
264.73795737561676,-11.421082008573448,12.506582,2.1476755
264.16083952453045,-11.430241241424511,12.3907585,1.0884609
264.0630875129342,-11.365241343520443,12.439929,1.9136877
264.3217732473393,-11.172889586179855,12.801883,1.2299376
264.6731359068336,-11.069434927590867,10.50027,1.6198092
264.59707037841144,-11.018680828917855,11.601166,1.1323814
264.2858606220653,-11.182504356582884,12.582123,1.4147491
265.191893388841,-11.109267245006167,10.845992,2.3903112
264.8232708012793,-11.180975484873086,12.23326,1.908411
265.54929999570305,-10.875068356338643,12.796245,2.3133335
265.24058247071537,-10.675420089316129,12.674433,2.3596754
264.5379626118326,-10.886261147853077,12.303023,2.2896395
264.60287193956947,-10.74477521692215,12.332879,2.0703793
265.25941648282304,-10.506843797437204,12.149129,2.4789238
264.9094027350519,-10.38154257231502,12.740039,1.9802294
264.09079783058104,-11.0246611772005,12.232497,0.90573883
264.0203222733427,-10.954918640741187,10.568538,1.302784
264.05521536311215,-10.853572702105588,11.773676,1.8758297
263.5373517711779,-10.75522030493898,12.698367,3.5465279
263.17032382833867,-10.805416592423315,12.645251,2.749586
263.4797487193689,-10.658462952496187,11.604608,2.0051079
263.6565783236926,-10.762431757839021,12.833998,2.3322887
263.57704949192663,-10.621105818728841,11.825379,1.1518316
264.67812394328246,-10.474624981888763,12.697037,2.0894604
264.2552712682226,-10.364687161481125,12.681002,2.0191526
264.02564678963205,-10.245716994957673,12.926621,5.7913475
264.17904576162533,-10.024385683552183,12.495957,3.192196
267.43393911808874,-11.79708504722305,12.450809,1.0757046
267.3675814816287,-11.32936069727776,11.669634,2.338481
267.6662375510676,-11.288488285498548,11.761043,2.156455
267.32415781704145,-11.004730990811522,11.789103,1.4089546
267.7185604628083,-11.220841747635337,12.9281,2.3124123
268.05319654881316,-10.839368471423217,11.733852,1.2837896
267.5415215329324,-10.56251196113388,12.539885,2.302764
267.81703017160885,-10.726755424476782,11.644886,1.0798159
266.4949811644767,-11.24960924966289,12.453577,1.6165342
266.2419092016245,-10.990560241898397,11.915059,2.2628536
266.37817061155994,-10.823180550976844,12.160725,1.3383112
266.1952625721711,-10.834380336749097,11.983841,2.9904957
265.9450834019535,-10.893468806702025,12.481084,1.9103956
267.0965501018139,-10.41983814126631,11.65623,3.922927
267.06406469034044,-10.33458467139738,12.9414,4.0826902
266.9439725458554,-10.338790718573096,11.954964,1.542778
267.32400754552253,-9.782962379767907,12.932349,2.5974808
267.28735273164915,-9.771082377966177,10.818834,1.856925
267.28535495947546,-9.695875208381562,11.230157,1.2822132
267.1689537824888,-9.636007721819698,8.938628,1.7583828
268.77599856688073,-10.37483220521459,12.18517,3.008442
268.51502479496304,-10.52576983415142,12.645991,1.5834732
269.25249973099807,-10.186801261237193,11.468153,3.1915407
269.2186386728287,-10.16145909611855,12.998525,1.8091469
268.29805734184225,-10.372018833906681,7.7918916,0.7296457
268.33213847255536,-9.843034957124258,12.996622,1.5040255
268.48058621044066,-9.744411761208436,12.755412,1.8151865
269.5381119444576,-9.90801824623732,11.362067,1.4996767
269.0141919760783,-9.77942078680465,12.52922,2.4317522
268.89390731915165,-9.71878083108555,12.375476,5.110014
269.0347658644587,-9.521166172354564,12.194477,1.1317406
268.95713534581876,-9.564884368438086,12.122272,2.6029768
269.2317456429495,-9.485896321731033,12.071992,3.1042414
268.3092464312268,-9.487320024571865,10.976928,2.3278284
267.72922840137795,-9.70016419346766,11.890116,2.5781431
267.9063330143576,-9.479614033686312,12.60769,2.36158
264.36905031975715,-14.34762536471748,12.408616,0.91381645
264.56555510337284,-14.074658378242198,12.189539,1.6831264
264.1599331635908,-14.234168065960336,11.576099,0.93964386
264.2052252693172,-14.201886494150795,12.922995,2.2612886
264.26581221515636,-14.192354571086002,12.934875,1.6005726
264.0691802435273,-14.174515356213991,12.026883,1.5484161
264.3625267943526,-14.113205346800536,11.848743,0.5408087
264.8539652773851,-14.05153403860822,12.671809,0.7340841
264.7456930238493,-13.886896451071012,12.843623,2.0574894
264.5302750397527,-13.772032694770274,12.485128,2.7080326
264.0371315075504,-14.128954506864604,12.825392,1.5632753
263.9845318814507,-14.056702518919284,12.631246,2.796258
263.8674805056498,-13.995037960691425,9.848134,0.34942722
263.79901026842975,-13.891839459172397,12.320989,1.8974638
264.5502179664,-13.681439809448378,12.928312,2.9483347
264.5286349555161,-13.476135130930016,12.140789,1.5571394
264.343583539731,-13.5655081405853,11.599477,2.4304228
264.1660261596523,-13.578766115349792,12.942503,3.4569426
264.3051697137111,-13.47872322124789,12.547096,1.7774639
265.1264994733032,-13.814266388447606,12.236292,1.5064583
265.1605836645103,-13.692909353135502,12.952286,2.3499804
265.1925833044448,-13.592546798250275,11.448084,0.49163532
265.1461903137262,-13.527904434753372,12.803328,2.1043797
265.02698319595703,-13.526507806560742,12.274056,2.4149141
264.99584015112123,-13.51491394051222,12.675676,1.677702
265.1147373631121,-13.42276271448069,12.981203,2.7798996
265.0459049671011,-13.349913305707382,12.128406,1.6426382
265.5827393429269,-13.41614228038243,12.348886,1.7292061
265.61993637395966,-13.26307590476314,12.462359,1.6732397
265.3475159190206,-13.122843313329282,12.688609,1.0869904
264.8886806431263,-13.256080214629815,12.889411,0.9634495
264.85830079759523,-13.137319869245584,10.065646,2.6695013
264.56952385870994,-13.362705358948483,12.565071,1.7305632
264.5743335625907,-13.31892775715345,12.704023,2.4880972
264.5725410257148,-13.304737211434531,12.732461,2.0788088
264.76685439015125,-12.981949015358728,12.541539,1.7499466
265.0311498068292,-13.154708502729848,12.298872,2.3174534
264.9715265426446,-13.066868450187963,12.619386,1.2016106
265.17107400252314,-12.851885057694876,12.631997,2.1431122
263.7257513146454,-13.632863673926646,11.456727,1.915515
263.8585769067127,-13.57689247938574,12.976068,1.271924
263.62949590578734,-13.546912427590833,12.801339,1.1046429
263.5851080878646,-13.438538555891848,11.670728,2.7453108
264.32820835020925,-13.245762069777921,11.806112,2.2792635
263.80446811565923,-13.13243271573018,11.806971,2.4377165
263.8854197133659,-13.102560409662336,8.611986,1.7561078
263.586965575782,-13.230047128881095,12.105171,0.97204685
263.14186932030066,-13.376730297464384,12.858246,1.840827
263.2497703375826,-13.26539618565875,12.611379,1.8042412
263.29358229920894,-13.170546593523419,12.268751,1.1193027
263.3533421048667,-13.11627972560091,12.244477,1.0572319
263.1878631231632,-13.087510300194097,12.554671,1.3021393
263.606967527026,-13.10675585681722,12.923406,1.831274
263.56562990994047,-13.06960176524402,12.799563,1.8572302
263.8284982579734,-12.901916557323794,12.372744,1.7241592
263.8088883838804,-12.893083031905459,12.925409,1.5599003
263.70624396108514,-12.882272663570433,12.953604,1.4600153
264.25038485060867,-13.095484202433568,12.398053,2.3535347
264.07929139075003,-12.91688285141389,12.911356,1.3469
264.89526075110626,-12.766675079969191,8.993573,1.9037828
264.9020981825188,-12.740265337756355,12.734003,2.1711884
264.95325008364665,-12.56933767880525,11.235798,1.7066889
264.092882361515,-12.454891589659402,12.094263,2.1413813
264.5055182594698,-12.343801155046217,12.768661,2.5520744
264.2931392810022,-12.379510240151813,12.523609,3.3181572
265.74272177217966,-13.141049105626376,10.523217,2.9528627
265.78834849312705,-13.160430212413289,11.232675,2.1276617
265.802526444362,-12.987592175442424,12.507519,2.7310915
265.79924631512114,-12.951478096396572,12.993417,0.89256954
265.916371897701,-12.838664246022086,10.5856905,0.61700344
265.7606633580761,-12.95206415453616,11.971639,0.7847595
265.5840142935122,-12.9164039209852,12.672407,2.8889055
266.1840880908563,-12.77118857715515,11.32775,2.1807194
265.30186453662543,-12.538303437941698,10.072656,2.1481667
265.41069159819574,-12.440574998865147,12.07088,1.7946615
265.7846805595028,-12.527295402405356,12.098966,0.85991
265.800187547558,-12.483967349628342,12.965377,0.8875952
265.6373905698777,-12.334423719726523,12.976092,2.0505123
266.52331707916903,-12.483581596256636,12.66454,1.8078613
266.6276778002466,-12.402799174444572,12.013741,2.2398787
266.7840223577783,-12.360124857435379,12.982114,2.1064224
266.90164801863153,-12.21024796216761,12.914705,0.9680567
266.6720568241226,-12.057078672280648,11.646092,2.8406582
266.18820357123997,-12.249622058670539,12.859603,4.019582
265.90063008382197,-12.097578064334561,12.326351,4.4662905
265.85117951177557,-11.964997489996657,12.286605,1.0486526
266.45047811514934,-11.657481590300202,12.539564,2.2215452
265.2311033679639,-12.274423993955411,11.173159,1.2886772
264.88883421624763,-12.367470572582617,10.571719,0.97464085
265.0928286950027,-12.294855394271586,12.634018,2.307228
265.4231082572824,-12.251204536905446,12.874502,1.841342
265.41985349734324,-12.134794412832862,12.645162,2.8734055
265.384307423771,-12.106938061580136,12.179365,2.029585
264.84152520175314,-11.97458967421489,12.34352,0.94410133
265.1292583413006,-11.778432776513569,12.524683,1.9901924
265.0363342776311,-11.814588502722717,12.942099,3.8279343
265.78526729732727,-11.754809222581267,12.56082,1.5308056
265.71751002358394,-11.697059132573326,11.67529,3.5506992
265.62136621307883,-11.657682781577966,12.560171,2.3013
265.935736910468,-11.433167762334797,12.975071,1.4015732
265.5499931909653,-11.36164352437387,12.521631,1.9747934
265.24302742874886,-11.39859122872569,11.958233,2.1297636
265.7943021182965,-11.31641378624504,11.209733,2.0006866
265.7567137628587,-10.955487736892053,11.936274,1.1505241
263.04396378914885,-12.86901355452487,12.054516,3.1708755
263.51468992042743,-12.646029030010325,12.856323,1.2566042
262.5992106313495,-12.582854771055338,12.224244,2.0917969
262.6723627990181,-12.504177240932894,12.120264,1.4083309
263.8128091311647,-12.480459501502947,10.19237,1.6542578
263.70949705945986,-12.49920331083939,12.195153,3.002058
263.90112044136515,-12.324626059578767,12.868855,2.7209063
263.5011559452878,-12.442654623489743,12.873836,1.3162928
263.7895080391337,-12.13206946860931,12.891625,2.0762854
264.21408098227744,-12.029668589556435,10.820758,1.0835276
263.60441301572314,-11.974785379733072,12.067429,1.8820715
263.51847041701825,-11.829934944974527,12.55717,2.9223127
263.5077830413538,-11.813721941249725,12.942432,2.3295975
262.24405207693115,-12.187369872786077,11.590232,0.76817703
262.8831709105391,-12.015859111698889,12.987525,2.6772108
262.100741357485,-12.062852499315747,12.835005,1.0817051
261.9782257535542,-12.020838667285151,11.964293,1.0130415
261.7905982393999,-12.019183442271292,11.409341,1.7102308
262.2890680057288,-11.989961006431896,12.614705,2.0876608
263.0427608321044,-11.706817286544664,12.998709,1.3138657
262.92695378918756,-11.500408402702487,12.81277,2.5730524
263.33871076917325,-11.47030384069104,12.228805,1.3176994
263.45906896582494,-11.443618173082918,12.532146,1.8415041
263.44540094548927,-11.418172213402432,12.957836,2.351099
263.4202277331905,-11.287084979817001,11.842293,2.7517004
263.2003958501467,-11.259241078768817,7.2729363,1.6614461
262.6764738726197,-11.570143367327747,11.691027,1.7167435
262.7832395190565,-11.348519251768748,8.176897,1.9998813
263.1459009919952,-11.20781929477518,12.403716,2.0962038
262.9187104311465,-11.085575593937088,12.291276,1.3492765
262.85909675287223,-11.12760747059051,12.404804,2.68754
264.9137234962372,-11.344506536187263,12.916009,1.333889
264.62810056912093,-11.257351088525876,12.465434,1.8013849
264.0393446990894,-11.24844328155249,12.984507,1.7817144
264.2171841358921,-11.130489580318297,11.988538,1.1392794
264.36939376506814,-10.94190571065133,12.976058,2.3022242
264.9496050441277,-11.301595482956289,12.688456,1.9414806
265.1830495246914,-11.01474475028897,12.98715,1.9098377
265.6443394189577,-10.827080171737274,12.242434,1.6736774
265.5010682139574,-10.80564128527244,11.804326,1.2150621
264.66112808200256,-10.902341426226837,12.956517,1.479598
264.6901618846436,-10.911447743061405,10.954827,2.1224957
264.65427736461635,-10.73894876399145,12.845501,2.0063858
263.5228953177877,-11.171582184262878,12.306689,1.8287287
263.5975651513826,-11.171272120280095,10.285853,0.83579254
264.19124579209347,-10.80760356193258,12.87269,1.3231964
263.6305853525404,-10.61216467505937,12.721721,2.8496513
263.52547056107335,-10.623940828474097,12.089914,3.611947
263.5832374435683,-10.475856747336504,11.265635,4.410514
263.72273367060035,-10.334631329746019,12.668689,1.6694889
264.4626645917628,-10.45607390482486,11.5729475,2.180704
264.49274462967963,-10.357125366907555,12.345683,1.3524837
264.74296354956346,-10.203506554015911,12.8299055,3.2526064
264.5976952425554,-10.228932491583397,12.331277,3.0291977
264.64589821583803,-10.173522517979581,12.4554615,2.2405462
263.9582269498541,-10.322015024472684,8.8919325,2.220779
264.16501121866867,-10.037771862999898,12.762455,1.8843002
263.90771986944657,-10.02839680474298,12.737376,1.7551928
264.5819649434061,-9.995790061232661,10.544438,2.9753542
264.1160872326624,-9.899827971376642,11.134521,4.308568
264.1083124176113,-9.87760714290166,12.944692,2.0602741
267.19991432372996,-11.959446483804102,12.463028,2.0051098
267.25998347725994,-11.761302898883262,12.523998,1.8784409
267.56119765403207,-11.637154667949423,12.096918,2.9057188
267.46076426133607,-11.4459477631418,11.682971,3.9225616
266.65412514367966,-11.417766524939692,11.099925,2.0833015
267.6199005902081,-11.103188533757333,12.839509,3.8580046
267.84919458902425,-10.941022244518471,11.748643,2.219244
267.9341242415729,-10.622129285621256,11.845884,5.3812275
266.52785135050397,-11.281554612034713,12.289962,2.4724932
265.9395915783331,-10.752074149485809,12.003494,1.4165964
265.99007549613265,-10.670286031443,12.950606,2.1403236
266.54810111839384,-10.286667383623168,12.340341,1.4741001
266.9029847036361,-10.535217204686157,12.756811,3.6102638
267.15938796755404,-10.249089553057363,12.46876,1.4028215
267.3607069458383,-10.309222606033329,11.183417,1.0784512
267.6122041816387,-10.007073521097682,11.421431,2.1072378
266.82081557318105,-10.312639255204116,11.209405,2.1654549
266.67171751886553,-10.242781061014556,11.250187,5.730088
266.623977520533,-10.142016053821912,12.398129,1.7585583
267.24725542620916,-10.112087172766854,12.779629,2.9395075
268.6526055349635,-10.653534537987175,12.602278,1.8986015
268.5935030655604,-10.275440578477115,12.621481,3.142253
269.03153322491227,-9.98859719188689,12.82286,4.6671505
268.08275741869335,-10.279406649273785,12.22322,2.8613443
268.02229714531165,-10.3053066144364,12.65541,4.4059906
268.9039159314657,-9.643182167710483,11.248556,2.855116
268.79011484726834,-9.49134815607495,12.459772,2.4110327
267.900123338555,-9.702093014033279,11.9168,4.428089
267.6159144805721,-9.785741951639675,12.857862,2.0705757
267.59233337586085,-9.755963039738823,12.865429,2.6478548
267.4607256587851,-9.591913267272504,12.476016,2.1080122
267.3210472058614,-9.601832940222579,11.98527,1.6323128
267.2106875947567,-9.610244617849391,12.581096,2.4002094
267.9390683794901,-9.411750714475795,12.890265,2.4014616
267.8373907148279,-9.377154624905309,11.676414,1.1981449
267.65574611236235,-9.290089901600378,11.182585,2.17066
267.64153093209256,-9.214840461236616,12.276586,2.9388838
268.7403951337314,-9.415770505074494,12.934238,3.1082916
268.677020925134,-9.359966957569199,12.85352,2.2344065
268.73421942947414,-9.237874226046374,10.629475,2.5371475
269.01373692856095,-9.11330385090202,12.911329,1.5616741
269.1363935481108,-9.109807251836656,12.792658,2.4225903
269.1033475741945,-9.112817800544134,12.323095,1.7395487
268.80401646345325,-9.042481078221073,12.748538,2.3635015
268.3966786745804,-9.131563950327445,12.730589,2.185338
268.46585989734103,-8.992777522850268,12.871562,2.308916
268.3367409872438,-8.970405448340586,11.849847,1.8667345
268.3478377783676,-8.962328626419714,9.876993,2.0639524
264.45361358043124,-14.238941229612363,11.637745,2.21587
264.55611381311803,-14.25743535888511,12.32527,2.229209
264.5611249729956,-14.14201632787188,12.719421,2.294465
264.5336880452064,-14.089662831946242,12.291741,1.5324821
264.3307184260131,-14.130818016597674,12.540784,3.5111942
264.1070420690056,-14.12473092465758,12.05973,1.7057467
264.21789126724025,-14.017239411347857,12.49488,4.563387
264.9219263304789,-13.884978278477876,12.108968,1.9439478
265.0053787590031,-13.923079572385346,12.708334,2.0400782
264.5063905314839,-13.74839253795709,12.43841,1.6263227
264.6999006844202,-13.816351300431961,11.869535,1.478632
264.67205584599463,-13.755571736166816,12.171741,1.5296793
264.12789392626627,-14.077254052468774,12.276641,2.2569685
264.0389369278708,-13.960742046789157,11.927401,0.7278719
264.1358250328324,-13.73548253461063,12.680496,2.2528324
264.2729149745979,-13.693007925360735,12.680157,2.7567835
264.5089657649136,-13.542916113637437,12.102605,1.3769112
264.2116175037719,-13.663071976185696,12.214701,2.8416119
265.02845659476606,-13.772561111755234,11.954405,0.86485386
265.1662004421264,-13.75066318569911,12.135574,1.7748213
265.0620839274278,-13.575223287213463,12.540535,1.2406721
265.2233241491219,-13.492707410869816,12.899529,1.1440382
264.92897236756926,-13.639399974135157,12.987185,0.6904917
265.0149369946266,-13.561693263749262,12.882573,1.9686861
264.89285811072233,-13.510533660140126,12.705438,2.9426003
265.4305156587977,-13.518967878410487,11.740679,0.8491678
265.43825990931145,-13.451332273475451,12.954188,1.3660355
265.5036701799315,-13.062397620314723,10.84931,1.8193426
264.831757349601,-13.344275977180098,12.165862,1.080843
264.5117614696915,-13.217245625416181,12.58458,2.2546053
264.73011123494774,-13.20903453300205,12.994416,1.9905806
264.7482840451759,-13.044520327698711,12.624778,1.735755
265.3007578265665,-12.993539048422365,12.819342,1.7840576
263.68579667697276,-13.77261922311845,10.287358,1.6565466
263.6096673091862,-13.762635639968996,12.258007,2.2759018
263.612964403332,-13.681629544351214,10.675234,1.0234604
263.6224814576512,-13.587965712022575,12.556327,2.3857794
263.79993408764955,-13.420275996731043,12.954772,2.1338682
263.5934425609498,-13.34082500768839,12.25707,1.6616707
263.68291328327086,-13.362899879797647,12.909332,1.8034449
264.25824901674633,-13.168851322579805,12.842288,2.7543344
263.8659827200273,-13.28941732048614,12.471018,0.6593151
263.96252672887204,-13.292327213993964,12.7236395,2.2278633
263.99703308877554,-13.009341550739142,12.576057,1.8945322
263.1558804235074,-13.385437782235563,12.445348,2.6334286
263.0214187157987,-13.2811129615454,12.345989,1.1895123
263.6616977873306,-13.10566289461329,12.274569,2.543377
263.6089159747959,-13.123235146680084,12.802753,2.9622116
263.89443428039834,-13.02134450474728,12.795682,1.7721786
263.74504690882543,-12.754666826874503,12.608843,2.1376228
263.5521391260274,-12.785437223644257,12.831813,1.1822796
264.35345311111683,-13.001414649689725,12.633548,1.0999184
264.7162083132599,-12.936463481671664,12.987991,1.667243
264.73800967183064,-12.733103755491621,12.400966,2.1633377
264.8201448435077,-12.46922271025518,11.911886,1.800416
264.68429686558653,-12.447921060257716,12.305914,3.5077772
264.6734267139211,-12.419810083763846,12.757082,1.7808056
263.8762180002348,-12.77381474471357,12.608385,1.6233921
263.78899484955025,-12.633977256611361,10.495583,1.7371597
264.31380335107264,-12.462255156966103,12.265033,3.0068417
264.36027387266023,-12.410855699900189,12.718004,1.5015993
264.3783740079833,-12.15871120358446,12.743487,2.0352793
265.7313933901393,-13.166950000703592,12.256873,2.8570862
265.8603715593051,-13.029044373144187,10.310774,1.8928566
265.77590008138225,-12.946558401005193,12.309144,1.8296518
265.5825998660029,-12.880685794343425,12.478569,2.7260542
266.25526526169386,-12.832095563548249,12.219117,1.6736689
266.159632076433,-12.607902550304393,12.466403,3.623208
266.1419374659671,-12.452719730029814,12.979012,1.3289108
265.52871429258647,-12.786858662279949,12.877422,1.8549519
265.2664091693629,-12.513063173970266,12.475488,1.1106434
265.40404713978836,-12.470540781969216,12.539094,2.8841963
265.3921006088525,-12.46024634136267,12.867773,1.8172455
265.35726122112817,-12.428611729544912,12.706675,1.8545837
265.39482768611015,-12.405597410025724,12.500092,2.374032
265.9587996938926,-12.479162902810128,12.604497,1.1186733
265.4873304878493,-12.321459601885756,11.820709,1.7997398
265.84656335355817,-12.256302822647045,12.88863,2.3468847
266.53441495462823,-12.549605582096795,10.915873,1.0950527
266.639443963011,-12.451536750938008,12.586372,1.9041109
266.23318132003243,-12.337545485520439,12.6417465,2.0381594
266.46375979749564,-12.245376783380692,10.271103,2.1773157
266.28774677580805,-11.850236126328173,10.1356125,1.0195065
266.51566985765885,-11.533149001682702,12.839501,2.2306757
265.07081073754495,-12.46818687595049,12.802576,2.2051182
264.83260239778474,-12.367447932689153,12.474041,1.1384249
264.8184041437656,-12.338492546813688,10.7102785,2.8553953
264.8878150386907,-12.331690440790117,12.345683,1.2064323
264.7562977464125,-12.341294635493874,12.71363,1.401722
265.6719095987968,-11.997019445816358,12.165557,1.8396521
265.20273345317105,-12.098396580449691,11.19273,1.0052013
264.9942880939595,-12.004509424615039,12.495803,3.258357
264.91467532561046,-11.940557887219288,12.292633,2.3727312
264.90170718974036,-11.87405617341033,11.927792,1.2836151
264.7190943612615,-11.761623777898867,11.354421,2.6184788
265.0528810320672,-11.908831931151383,12.8739,2.1160192
265.2021206774036,-11.791817983171336,12.086052,1.292614
264.8196279868965,-11.74686596800431,11.913891,2.143879
264.98655431285874,-11.512531306662328,12.785811,2.079422
265.958469210541,-11.740727026297218,12.447141,1.1910295
265.53731819867784,-11.71018008174736,12.760313,1.4238958
265.4784066512621,-11.375672326211312,12.839445,2.52028
265.60410022466755,-11.32018682341549,12.994108,3.2152338
265.193175190741,-11.382785317129057,12.828452,1.3037453
265.8552395564244,-11.210808028971602,12.427935,1.3450785
265.9270881766558,-11.164453149500243,12.616261,2.0769396
265.70925654964924,-11.000814687666471,11.777863,2.267603
262.9677824085461,-13.197065072954244,11.429893,1.1603775
263.161157605526,-12.96442549414587,12.500885,3.2463093
262.716736151645,-13.016439100832736,11.959631,2.1780643
263.17737799249454,-12.616216359789309,12.90719,1.0120945
263.2257370779623,-12.598406049886734,11.617482,1.9329052
263.16999511686987,-12.55937548930777,12.8597975,2.4742403
262.6609197929204,-12.647983269276809,12.0639515,1.1999359
263.15397167645574,-12.367264936012857,12.338016,2.052538
262.9657217155595,-12.209140354260832,11.876308,2.470173
263.86172905602234,-12.337846163169086,12.8431425,1.2043667
263.8195513789345,-12.347838535639173,7.518207,1.3140621
263.8808692587888,-12.258078090300824,8.073188,1.610537
263.65801485883253,-12.267168417025221,11.972788,1.7031336
263.52947675220213,-12.181240651567663,12.861525,1.2583427
264.0708253161979,-12.088749869626751,12.744212,3.0751085
264.12717326292443,-12.020310400515305,12.150938,2.8504858
263.86347198176435,-12.10368911640681,11.860987,2.1046886
263.73854401761315,-12.005851564292625,11.483931,2.398652
264.0340865392272,-11.749958410498012,11.382296,1.0398026
263.3461418563934,-12.209993806154301,12.588556,1.358201
263.2456967249789,-12.031883196354244,12.362141,2.015769
263.2260937130999,-11.993486464841977,11.192499,0.94330025
263.1158669726237,-12.009970678237984,12.836364,2.3324041
263.11978512205945,-11.944423908385067,11.580471,1.6065798
263.3533220123414,-11.785655091264571,11.720165,1.9090805
262.2640773767693,-12.404828227932684,11.135361,2.4439116
262.2770026391702,-12.191723713783547,12.772296,2.067031
262.36191468882936,-11.80243427723819,12.672884,1.250063
262.11076960312596,-11.58449421006192,12.873298,2.0486727
263.23144089132785,-11.74451504652018,12.146752,1.3902645
262.8125743257616,-11.5695735827493,11.862024,1.7262602
263.46187204141216,-11.548019101408238,11.673022,1.3467016
263.20773610342377,-11.326997398718056,12.311754,2.0384512
263.1660088322923,-11.251500541559727,12.963543,2.4530067
262.7359419516461,-11.547787711384517,12.922225,2.1769953
262.4788544613071,-11.59197867502945,12.986065,1.6527624
262.6223341771739,-11.505787187675237,11.955525,2.4299488
262.49902614315744,-11.274740559575646,12.880461,1.8633518
262.91637612003655,-11.259568708758067,12.564961,2.2011175
264.9213111292019,-11.32813229531125,12.598425,1.236124
264.5009256702295,-11.416764028234027,12.654511,3.9848194
263.8251752110199,-11.527177025792207,11.797216,1.7677441
263.9584217073881,-11.28188300947027,12.925743,1.4674397
264.3707506335142,-11.40301842250099,12.446142,1.2331343
264.43675089426364,-11.346844581134059,11.429042,1.8573685
264.24446189638843,-11.212399059993986,11.631767,3.4106932
264.1726533185374,-11.034594006975558,9.63833,1.6948967
264.3632599570983,-10.94746072481331,12.714737,2.3820057
265.1037082629142,-11.317921837443537,12.771682,2.0736551
265.27346144052376,-11.194873131986949,12.432884,1.4135847
264.9946202600859,-10.953777548454212,12.812442,2.2702274
265.16818624119406,-10.821058690881378,10.680072,1.1012373
265.2678834574128,-10.682643863342372,12.561664,2.1345472
264.7676919209927,-10.978240636575357,11.790737,2.328658
264.95241880360044,-10.7251675865209,12.937964,2.1230745
263.74642040619204,-10.852522058542972,11.868927,1.5440445
263.4399446782384,-10.719349832936086,12.03146,2.137228
264.67209757808166,-10.488718399424735,12.769844,1.570137
264.24252718967017,-10.440278239489095,12.813103,2.8165903
264.30150763766045,-10.387270277583925,10.255844,1.0318193
264.5750969965018,-10.076932463466422,12.87877,2.1832266
264.5190884884096,-10.02127954408581,12.396503,1.4132729
267.1379256302514,-11.912543030800816,11.006615,1.133358
267.14336318813315,-11.811699340467825,12.639368,4.870714
266.9807269328554,-11.746751571748728,11.183905,2.8391685
267.27844902621274,-11.498744679476031,12.924869,2.3941793
267.3780225859421,-11.530063696750673,11.4443035,5.43009
267.066582227862,-11.44172243886888,12.497233,2.9117584
266.85842250945984,-11.266859547402449,12.817218,1.5103035
266.73457742900865,-11.264378863455848,12.945499,2.3200407
267.2686183932182,-11.341574470560557,8.360304,1.7662287
267.20295028340695,-10.91513168887446,12.593755,1.706255
267.8521266518549,-11.186076086007,10.306419,3.1531324
267.85129670045717,-11.152862644003969,12.873798,1.3886328
267.73619708630343,-10.96914389103887,12.644313,3.114398
267.5071689842471,-10.947751617507805,12.981082,2.375723
267.4859797560676,-10.887599896147655,12.402922,1.976326
268.15663361515226,-10.440604953956772,12.592789,2.2106504
266.43197432168495,-10.868420746727871,11.151591,2.1042185
266.5390960267185,-10.801287265089023,12.75533,2.6232529
266.7213334939594,-10.678453611904573,12.357709,3.6721954
266.338366927474,-10.813229140713206,11.99238,3.1809292
267.1616170695057,-10.274355923184237,7.9102626,1.4599519
267.539054744432,-10.140473691512602,12.891188,2.4297438
267.47386432246975,-10.046964261282644,11.543729,2.5152779
266.882423866536,-10.170488393708206,12.972459,2.6589022
266.737824102407,-10.017544960249692,10.751671,1.2838221
267.1937567405329,-9.799798029870624,12.961863,2.695304
267.1548162733023,-9.766351506557061,12.509662,2.2084856
268.5899542233413,-10.63356369133465,11.747682,2.5689182
268.5255186592302,-10.32081055005912,12.043322,2.408867
269.0919020440531,-10.19000787090648,12.63394,1.9648476
268.1493136461847,-10.33381014665125,10.581237,2.3050766
268.52499907856213,-10.180629886551783,11.181266,2.3244743
269.10187338251643,-9.76333532649329,10.64437,4.293309
269.70901982125514,-9.559463936126532,11.297566,1.133482
269.53098062896186,-9.649778966941128,11.524239,2.2491379
269.36097212421475,-9.61477144873642,12.093418,2.4346094
269.131921522322,-9.628351069170993,12.97033,2.4803343
269.4057187709325,-9.215380050894044,10.26713,0.8464985
268.30753555751727,-9.650790374630692,11.562152,3.1645775
268.0364650146531,-9.627528447955882,10.9315405,1.0731106
267.3363512603409,-9.553904825484539,12.917594,1.4472408
267.89049392971805,-9.160467312392917,12.767659,1.5448837
267.86922985188795,-9.106100516209013,12.749755,2.651597
268.31593638006086,-9.137141815551315,11.648272,1.3570442
264.4463489819501,-14.123366102685365,9.923475,0.4078083
264.141083146491,-14.13751944621508,11.4795065,2.0785542
264.29130683855584,-13.981273433770607,12.157057,1.6172981
264.73275635447766,-14.089451769803098,12.551558,2.510604
264.999770349616,-13.910649311038542,12.235924,1.647955
264.98324276385387,-13.779701346100124,11.878124,1.4160414
264.65276513538873,-13.818355667889403,11.5026,1.7756977
264.74431568198474,-13.65561521982372,11.987881,1.4438715
264.08036287080375,-13.967601010440427,12.318241,1.581461
264.2349996969085,-13.91123904921144,12.794535,2.7663393
264.2527393443613,-13.839127314151334,12.787038,0.7857361
264.0823380494219,-13.892449902730066,12.523274,2.845005
263.7666438496939,-13.932766916582258,11.811546,4.012993
263.80390331048744,-13.822170969214536,12.962207,2.0356865
264.44866530642975,-13.71923416859144,12.878319,1.0839596
264.4521170390463,-13.526319018556464,12.56573,2.0469408
264.51693304079186,-13.491538688494428,12.295717,1.0829782
264.33172917878073,-13.518895067521102,12.968786,2.6747599
264.4878681576113,-13.40563717374883,10.615307,2.3996944
264.33038774725725,-13.398830887539612,9.818972,0.76861095
264.39883721022306,-13.309937048463091,12.24712,1.7724228
264.3702656049641,-13.321438677705448,11.650125,1.7316694
265.03227632968276,-13.69217605075113,12.818594,0.70559025
265.207899966977,-13.494651438578275,11.529272,1.4616194
265.52686214586106,-13.46017699747741,12.005736,1.6180668
265.567059130719,-13.433040511287189,11.872742,1.0094318
265.459317802177,-13.328485132768403,10.514116,1.5806761
265.55067879456044,-13.138226747666419,12.379775,2.7065983
264.89293188957663,-13.206537149918791,12.533359,1.597949
264.49755441942955,-13.246417621604325,11.618725,1.9327831
264.6118589691326,-13.144226530245179,12.820195,1.7579432
265.0311793714473,-12.92901951722322,12.866056,2.146307
265.04082563676604,-12.911141890228,12.733917,2.1142206
264.8732640244271,-12.947582668219368,11.559082,1.5032654
263.72549466643335,-13.642544871328877,11.795994,1.6394119
263.81909775339733,-13.632006792343772,9.486634,0.73585224
263.82559927699486,-13.539390676016064,12.909438,1.101779
263.78867796860266,-13.560917837366427,12.003778,2.53294
263.5418140675344,-13.645404545166143,11.50931,0.42419052
263.6032460943726,-13.444624264798016,12.058128,1.6392918
263.59466870996454,-13.375793991012467,11.873803,1.9916716
264.0006141340612,-13.302585447850898,12.936484,1.750308
263.84231055805265,-13.283591494179714,11.156025,1.6093864
263.85530672399597,-13.257904145806963,12.55384,1.7261133
263.3119517477362,-13.515076107356427,11.60431,1.7666473
263.1570159912479,-13.401609340065338,12.922906,1.303402
263.62840655076764,-13.214026181417461,12.677641,1.0746241
263.23545292705836,-13.235972325744912,12.899743,4.23114
263.25052773987244,-13.069254593977911,12.736505,1.0667458
263.53261106014355,-13.020001869102089,12.712896,1.5733662
264.92965875804236,-12.711149993600078,12.828038,1.8144588
264.9111145239889,-12.645694767318773,12.764926,1.8858461
264.7115436403399,-12.607212627429025,12.300049,1.0906715
264.74396837790977,-12.462779220404803,12.781515,1.6902304
263.84101206063804,-12.496898631178894,11.392394,3.062869
264.34746545847355,-12.565206786571036,12.848285,2.6519356
265.88004053543796,-13.046627962181729,12.412859,1.7261515
265.63593268907584,-12.976935742709738,12.720114,2.6901073
265.74614595574366,-12.782510332266597,12.902694,1.980401
265.98417601432357,-12.523330676661818,12.338311,4.4163713
265.5069749405909,-12.703008931019838,12.690631,3.6405344
265.6015931475059,-12.582553406461818,12.216289,1.1150169
265.20916769190745,-12.742755743919034,12.810299,1.7882519
265.46711857738023,-12.546752654878098,12.92757,1.8754358
265.4904697695083,-12.403567917632373,12.930014,1.2766256
265.8502915377888,-12.382701774371123,11.51531,1.0914669
265.8228512726826,-12.331370430925423,12.593952,1.4007349
265.6101698069142,-12.381637785571613,12.355761,1.4100647
266.39986521507257,-12.486033072381625,11.763503,1.2123528
266.57150417162273,-12.254352825194257,12.593199,1.9175367
266.2778064126919,-12.425720379264414,12.169439,1.4053679
266.47742644519735,-12.270807469785593,11.574776,2.0654287
266.42213885873014,-12.106121677806229,11.426496,2.8319988
266.91212814489853,-11.851141996788098,12.632016,2.02291
266.07482435593244,-12.229479794713983,12.657204,1.3253708
266.2350489780115,-11.669884814815426,11.81266,1.885642
264.8692716261707,-12.276764206055432,11.9092655,2.035264
264.9787254531934,-12.14963607246317,11.622557,2.3524542
265.2519525070985,-11.982249423050257,12.286117,1.767251
264.61376003579767,-12.154592826568722,12.458351,2.2234802
264.7730183275341,-11.867267303417897,12.046988,1.8457003
265.8867073480342,-11.77000353780526,10.508947,1.9646645
265.9830017244861,-11.614414301593543,12.472366,3.2332563
265.47060415462755,-11.703339959595015,12.466431,3.486558
265.84547127602497,-11.375889958866257,11.540223,2.0093594
265.9998456992159,-11.265311274002345,12.502327,2.100443
266.00304386510754,-11.242503936283914,11.533683,2.3174095
266.0375254971608,-11.247345726599828,12.816488,1.2918873
265.8311329910108,-11.285470271245527,10.559153,1.8890734
265.9129869835569,-11.02651793858332,12.773246,1.2234039
265.8273606158034,-11.060023752182408,12.919842,5.9237375
263.0893908998409,-13.01402528302995,12.722181,1.2016888
262.79761033086714,-12.969598296310663,12.569532,1.8439159
262.71458579650033,-12.986467295908165,12.4862175,1.2630196
263.46576372515085,-12.752322122538502,12.54997,2.4285107
263.59019938440895,-12.649620622772778,12.861754,2.7546864
263.11809367993106,-12.68284495137487,12.9554,5.8698034
263.2143058641395,-12.64371719623891,12.611156,1.9906244
263.03919374913346,-12.652509104797172,10.928859,1.1417809
263.28144165627583,-12.470879050343267,12.824027,2.3535128
263.3105250565384,-12.455847646708861,12.599722,4.0136843
262.60060741423433,-12.455197102665608,12.320693,2.1812172
262.9752826579401,-12.619007137690213,12.064369,1.6409616
263.1581687455686,-12.426105868175144,12.554753,1.2922001
262.8406618718019,-12.361580460899589,12.349521,1.83708
263.871875961282,-12.218470776501695,10.688279,1.9473934
264.03188369911805,-12.309741879777814,11.886475,1.8625469
263.86241319402427,-12.14619752870441,12.9879,2.912716
263.26927786336813,-12.146958578157408,11.008726,1.7194719
263.7515357405337,-11.941028694398275,12.920813,2.1268864
263.853185023073,-11.636408474458504,12.469481,1.7040672
262.1963484344568,-12.4503951103545,12.4400835,1.9765949
262.40553112087366,-12.313313976218724,9.330329,2.766059
262.2576203449485,-12.041606780100619,8.730323,0.9590759
262.599137509977,-12.199536328609295,11.308758,1.9764185
262.7386239179477,-12.211094098382727,11.113709,4.4926376
262.7522842236047,-11.947000699032795,12.251038,3.9327383
262.57451560307646,-12.060043678940291,11.713036,1.1130886
261.6708781241373,-11.9582421853354,11.885931,1.2403316
262.15428613227834,-11.8630975398793,12.632665,1.4974375
262.22332755138507,-11.714050840274508,12.427736,1.1279821
262.3699943932832,-11.50823707083351,12.647059,1.7928696
263.3416377124719,-11.547377948390062,12.455887,1.9090776
262.7568197173082,-11.551458488222439,12.160734,1.2781601
262.66219776517977,-11.578508742823313,12.667336,1.9357367
262.7940387477686,-11.398580742389143,10.920261,0.85754776
262.45963612132033,-11.40697591943291,10.476599,0.92242813
263.090412965846,-11.022640550390632,11.812545,2.15909
262.8343066321414,-11.10223969778887,11.844387,1.8387995
264.5130982990224,-11.808126726541241,12.696922,1.9976635
264.50523735327005,-11.602682295127092,12.041188,1.7497692
264.30401297688405,-11.553955605432455,9.738831,1.0442514
264.6528920989059,-11.515377471574915,8.436033,2.2412357
265.01804300184915,-11.391995907802526,11.447273,1.3453188
264.90620126341634,-11.402547552531491,12.704571,1.0856447
264.6696623097238,-11.339692259814209,12.887389,2.741951
264.7903971977739,-11.177580182281577,12.615904,1.065136
264.2395357997505,-11.512612670246385,10.7158,3.6179142
263.85055624595657,-11.46124284927674,10.788987,1.8723688
263.70360954754244,-11.434777980976634,12.471967,2.0274515
264.458928117817,-11.252333052860825,12.728796,1.778573
264.1908655884159,-11.023579359769561,11.586305,1.515337
264.29419397402125,-10.961839903323328,12.711143,1.391078
264.9931104238884,-11.224910499648658,11.914581,0.60247993
265.0799257191402,-10.932257671716597,12.666171,2.1908321
265.0965310153229,-10.865337743041213,11.336154,2.00879
265.6283896304015,-10.933435982196047,12.088028,2.3538513
265.2111883556509,-10.791975641237316,12.901424,1.483676
265.51419709329525,-10.579343943995879,12.629541,1.4656992
264.8918798737004,-10.908753289057312,12.663168,2.1370144
264.7288529894658,-10.55373365220605,12.952753,1.484271
265.0212086017298,-10.553591577788996,12.348489,2.050024
265.2583339749664,-10.5287296347888,12.483507,2.0245218
265.13942969807175,-10.47382831319348,12.53655,3.2761621
264.9330222387116,-10.54049631135238,12.133054,2.228487
263.5606690467026,-11.255911683333698,12.586019,1.3622265
263.4141470966118,-11.098263805447218,12.982848,2.2744207
264.30038369242527,-10.824036136539991,12.5956135,3.1018314
264.16926220184155,-10.74600933594832,12.392632,1.9406328
263.738366320637,-10.566548599202568,12.20909,2.4412642
263.6570938916691,-10.472592040527285,12.160884,2.632145
264.30437279963195,-10.301189354764704,12.48406,2.2452612
264.35859669938134,-10.263980776639674,12.009466,2.2260284
264.93029909302885,-10.129214038773396,12.35114,1.9785213
264.1059487631766,-10.327494888019464,12.9475155,2.2824173
263.8225215183269,-10.288647314959107,12.87942,2.990139
264.56101666486666,-9.913613685813225,12.633822,4.220312
266.891818579647,-11.761369642157502,10.752691,1.1227045
267.0279875270335,-11.028691102553575,12.365014,3.0733604
267.8792696068577,-10.9535700879451,12.597805,2.1910763
267.82853601714584,-10.906107747359062,12.116444,1.4866791
268.10682544512673,-10.928178449919137,12.387735,3.1411152
268.4496845184058,-10.882342292062912,12.937793,4.93462
268.446778884244,-10.831863572385734,11.9350195,1.1558027
267.81546522531994,-10.745344571290135,12.68557,2.675067
268.03428401990385,-10.655474363457481,11.839282,2.3043528
268.0326739902858,-10.628789323744389,11.674887,1.4693327
267.88992770397783,-10.599916724108487,11.528483,4.071471
266.5340384237643,-11.238484368079417,12.196872,1.2296677
266.9921088777818,-10.871941901427437,12.029814,3.074562
266.87613959692317,-10.82681282055841,12.374572,1.4029865
265.89794446287345,-10.871191585065123,9.664644,2.1748343
265.9259267791893,-10.746458892091376,12.975936,6.2805443
266.1251028660758,-10.712637113004229,12.996253,2.3860502
266.52114280748617,-10.522905721076876,12.892885,2.3955507
266.79252833730516,-10.13465458043616,12.671494,2.3442984
267.4625063637358,-9.854276339679865,11.843737,1.5086632
267.3189806825839,-9.91078117370101,12.136984,2.510376
268.7907925372768,-10.590624597697284,12.75469,1.8717785
269.11236602014054,-10.189117716110895,8.78592,0.95352936
268.2818353004361,-10.371721267942338,12.9443655,2.5889854
269.42271508475136,-9.640822210127713,12.578935,2.7082462
269.51429308162255,-9.490361719319555,11.029066,2.8863106
267.71913259544306,-9.805094119606336,11.841988,1.9922972
267.90456460900214,-9.661941155053865,12.684928,3.300787
268.21789259321326,-9.746932105783227,12.217307,1.7959805
268.4090575729664,-9.553073242336245,12.910491,2.4383888
268.1938640035052,-9.569409015753406,12.256832,2.2462854
267.65708865880123,-9.77766852910396,12.859712,1.4870138
267.590715348641,-9.599718493090274,11.910846,1.3749342
267.46543395900255,-9.61592497365255,10.707709,0.9369526
267.5116144681947,-9.60908336681294,12.792323,1.4279194
267.51687525718626,-9.511656749790163,12.339135,3.7435246
267.64140104247343,-9.424640578646626,12.037021,1.917139
267.91461573544,-9.510921679158052,12.420359,2.7175436
268.5966490386306,-9.439553982087316,12.1547785,2.0630217
269.0707463292134,-9.093574487857143,12.537904,2.4830284
268.95436519027476,-8.880638757502421,12.162541,4.112707
268.40161821900665,-9.1487361739128,12.491069,5.525757
268.4361217419478,-8.862423600797944,11.857611,1.1983681
268.07061210184384,-8.942526869848688,11.630563,0.82467365
268.73041058830233,-8.757407101326526,12.613598,2.5476122
268.3975629383954,-8.600331658191017,12.383152,2.5920715
264.10580571811124,-14.165834990867815,12.624776,1.8056631
264.0981910088024,-14.158496200608242,11.928835,2.3730335
264.27150977465493,-14.080590075805311,12.144897,0.8317995
264.89815013129845,-13.966765822205145,12.590759,0.986742
264.5715263570939,-13.948275634683581,12.884306,2.0356636
263.99956420947564,-14.118030718144457,11.823113,0.921834
264.2007422472941,-13.988731442858692,12.859648,1.462328
264.2314406865315,-13.737903923754047,12.395291,0.85324
264.1443316266861,-13.702797810001556,12.8850565,2.2269573
263.8764360963523,-13.706968610398981,12.570679,1.611619
264.2898508876156,-13.562082993245225,11.386733,0.67607784
264.34241669348035,-13.580930400284485,12.936767,1.5270653
264.31909451025825,-13.556048747768275,12.442105,1.6289816
264.328854623791,-13.396697369091278,12.741107,3.3220873
264.3349208674809,-13.299919231027141,12.924569,1.067131
265.123761035343,-13.668592935828979,12.576669,0.97499657
264.8264355076042,-13.553870183817477,12.870539,1.4054432
264.8194995506692,-13.486879380971546,11.250404,1.659709
265.0681919723582,-13.438462895802195,12.001846,2.2081995
265.45632162778134,-13.297208733232004,11.858687,1.5338707
265.63239416639806,-13.32037755418378,12.489316,3.7435665
265.53741474341496,-13.317725244031035,12.598558,2.1733494
265.57038376453426,-13.220925809684786,12.2168,1.1123047
265.1770541257444,-13.20728344070295,12.774986,0.9871235
265.38370435343296,-13.177675958797607,12.029506,2.1626978
265.47476588457215,-13.134026084929992,11.301972,1.062254
265.49422378806327,-13.081287640453482,12.991705,1.9162655
264.64791153798643,-13.31945374755994,12.647892,2.0587435
264.7491152632946,-13.259918054625578,10.0862665,0.9310026
264.64201322399333,-13.181397327395574,11.791269,1.1082153
264.4814362680516,-13.297293797305674,12.210597,2.3926525
264.4435653798342,-13.246837610534449,9.560682,1.5370331
264.5413180790083,-13.192709720047988,12.316407,1.6856413
265.14521486934,-13.104074086538107,11.706131,2.0965557
263.7695696796761,-13.533416527147264,12.821671,1.0470114
263.44366103778566,-13.492258418711886,11.223861,0.93695354
264.2925511434671,-13.217994178793733,12.658461,1.8700027
264.22268896763364,-13.14779158404434,12.256327,0.99331284
264.1226099991906,-13.119100343406949,12.094999,1.0948191
263.9245041999432,-13.086003788122554,9.236265,1.5238295
263.29469359866,-13.394263898355575,12.888061,1.9341993
263.34170719297344,-13.351993789729587,12.290814,1.8020525
263.45824200659956,-13.156063024622869,12.4330015,2.2375526
263.20578444456567,-13.299162751760683,9.460181,0.7277746
263.30496185604835,-13.016245803736163,12.920814,2.2454138
264.65052700001945,-12.901637321790254,11.123575,1.0700607
264.1153918921169,-12.875961719271002,12.59102,1.7999048
264.3668565926952,-12.77783753073945,12.621504,1.16823
264.1300067943867,-12.601473170474975,12.987618,3.029313
264.1412379431858,-12.365297270477694,12.522054,3.0746794
264.09468675321443,-12.272213776020301,11.720381,2.097849
265.6919361928497,-13.143511783402182,12.970674,1.7354841
265.7276937065994,-13.024799588442628,12.403977,0.9900427
265.94349701068865,-13.08150304428915,10.67624,0.85677433
265.9835084434729,-12.927181347803455,11.151209,0.6060953
265.93991689728347,-12.924536396725445,11.535163,3.1530867
265.9710065134761,-12.907920827245343,12.626144,2.5202541
265.80241054442286,-12.894947860696911,9.420908,2.3541298
266.0880899419588,-12.828180569963829,11.435242,2.3952599
265.36043685228327,-12.783212907350539,11.058929,1.8515215
265.57271729957847,-12.513359681446735,12.612727,1.9689703
265.4331067486428,-12.348544434029776,11.540929,5.4422283
265.9025070281569,-12.409943276847658,12.698874,1.7171574
265.5098294390049,-12.36172949246889,11.774413,1.1212912
265.49877013774915,-12.36652339550196,11.649696,1.9686546
265.88509915757925,-12.115797781337003,12.309823,1.9097576
266.167892543431,-12.346643295642073,11.789794,1.269927
266.17693570676823,-12.319899648781151,12.936126,1.386795
266.8995609233805,-12.166529439042934,10.887907,0.84374905
266.8378802463572,-12.058758671094521,11.22526,4.043313
266.80379056399215,-11.816091371573764,12.841662,2.1616344
266.14161542958544,-12.315152146116136,12.203751,1.3133955
266.23489979900506,-12.138007316272542,12.232789,0.77282524
266.0855024020525,-12.17578640369047,12.8362465,1.8609104
266.22178115853933,-11.980739750420236,12.973338,2.0482607
266.25977536761735,-11.971987185958515,11.696964,1.2492847
266.02107063144217,-11.900512319540557,11.500894,2.496952
266.1759686199226,-11.764524527096354,12.4247875,0.8174763
266.61457689882485,-11.900023291089273,11.365492,1.9101858
266.3131990552238,-11.66257237813526,10.975222,3.1666374
264.9375046666699,-12.416923508009528,12.86853,2.1431446
265.30862433988426,-12.059525855928468,12.783835,1.4380207
265.37731385899116,-11.985202834858704,11.899205,3.469575
264.7520528879549,-12.219965991718794,10.444456,1.8983145
264.9048572924177,-12.029065621003495,11.133824,2.1874657
264.89141260793144,-11.999881059936872,12.569251,1.9532785
264.6947300683996,-11.911517324939398,11.953352,0.7774086
264.94604590288236,-11.619380602222833,12.672273,1.9881697
264.87951250925636,-11.645326510246743,12.956309,2.7624807
265.1386036914211,-11.601248808888839,11.614866,1.3597956
265.02365928861127,-11.473998281973506,12.143725,1.7745419
265.8428823025144,-11.859080869902053,12.81115,2.1023798
266.04470362206115,-11.544995743310968,12.438926,2.4439611
266.2262182370516,-11.357086666416645,12.575006,1.5866032
265.93609240044196,-11.104404154131817,12.865663,0.94471645
265.9534418740395,-11.09233967853061,10.912053,3.0333872
263.01103928296624,-13.206155319242919,10.966621,1.8876858
263.2127635780872,-12.880765513924533,12.708419,2.646758
263.3897363909394,-12.725559513580313,11.406292,1.022438
263.0528434507408,-12.565009160131005,12.972096,1.9261494
262.634645264977,-12.541818140316144,12.286522,2.4778748
263.0552580059783,-12.34284108423878,8.988941,0.73972607
264.2050951382639,-12.086762532872886,7.6809545,2.272119
263.69416276968474,-12.029892128390706,10.479065,0.6822624
263.9748484049376,-11.816910522383154,12.991867,2.0887432
263.5108881535299,-11.694495992748907,12.21311,2.7651415
263.7072544501976,-11.62554058898505,12.933942,1.9783678
262.417213227394,-12.378242268818642,12.358882,1.6834507
262.80350329474317,-12.0653207230025,11.389131,2.1716309
262.6880910890114,-11.956329558180892,12.670384,1.3443203
262.5769253467856,-11.830592407030446,12.142269,2.3627024
262.14041837468676,-12.05966737818947,12.350801,4.3370523
261.8984139674692,-11.925075421725301,12.58051,1.5889406
261.8725372112111,-11.817395596680766,12.300369,1.880084
262.49338543063124,-11.669547696699714,12.313186,0.76844406
263.0042810099659,-11.856877209443612,10.115352,1.6554937
262.89988239695435,-11.831078266855025,9.098892,0.6651535
262.82870094896793,-11.686669098294969,10.686764,0.9051485
263.3039882544778,-11.600190091072347,11.878912,1.3996286
263.60075601567115,-11.447309972436438,11.87886,1.2533321
263.2590844747879,-11.232450793032582,12.786138,1.2981882
262.6338543999771,-11.258462902172479,12.80227,1.8612566
264.56137555470684,-11.829555243193976,12.913175,1.3735676
264.8660323946695,-11.406222922362325,11.689992,2.443016
264.6654817441886,-11.40500932413331,12.800719,1.6799736
264.76218904122226,-11.335097734283247,12.823938,2.1248875
264.76377952621993,-11.319345245288831,9.918035,2.8018827
264.0699035641155,-11.55828262675393,12.374134,2.0830688
264.0727666231887,-11.242165977475308,10.925974,2.6973143
264.0925396740434,-11.234285980793471,12.492151,2.623355
264.2563654366597,-11.268172006558594,10.547365,2.4294329
264.6017259985628,-11.193431212519965,9.728839,1.9310093
264.199297763768,-11.148130579221299,12.592523,3.4613762
264.2091345278045,-11.084238429351869,12.526772,1.2496853
265.188849834723,-11.241334703371788,11.985524,1.3503284
265.336160949254,-11.14312115339093,10.421559,1.8007097
264.96931533463584,-11.11090051973308,11.332821,1.2587862
264.8145458957419,-10.871677691253558,12.95585,2.3207283
263.68516357721296,-11.142139181138752,12.547816,2.0814066
263.89448289514604,-10.999432846105732,12.726859,1.4064598
263.65052629423906,-11.009720303898604,12.536238,2.431736
263.3333764629295,-10.529444536899828,12.781736,2.2057924
264.3067880363532,-10.74451502774743,12.306101,1.8568125
264.53020757372974,-10.61681445839084,12.78921,2.175315
264.41086346464954,-10.251326367038528,11.89999,3.1827154
264.72900842705246,-10.39078967747202,12.441544,2.9029446
264.70858488146763,-10.313189472900962,12.580097,1.5063381
264.79358110067795,-10.195258248759792,12.489774,2.5255756
264.69037384314,-10.218873103527397,12.61345,1.5332851
263.99954765805757,-10.476386347249486,12.487811,2.3023567
264.14386156319074,-10.020446470762575,12.591863,1.6001444
264.32943951715714,-9.915481588711444,12.561957,1.7220249
267.44143285554264,-11.655113375922667,12.860711,2.1839504
267.29046801383157,-11.694816050301792,11.294968,1.1679926
267.2124306804179,-11.622400061200851,12.931479,2.0370312
267.1013461480934,-11.603237077439674,12.297648,4.7303677
267.7365848054567,-11.30374914297733,12.976292,2.2908392
267.3143974783869,-11.410657257414348,12.717553,2.2387486
267.24454506100665,-11.386945062496194,12.733978,2.985384
266.8671980379735,-11.676759861914755,12.230601,2.0207253
266.94194800340296,-11.580162761808854,11.810374,2.736906
267.24753942140836,-11.361088766604949,12.989307,2.7163591
267.3532318435667,-11.233920643777813,12.665636,1.525218
268.2716036533908,-10.864331669312367,12.489321,1.4238367
268.10540266485754,-10.775708487448835,12.468534,2.3421164
268.26343846563924,-10.744089362484639,12.0542555,1.9487057
267.52477620574996,-10.955422613072791,12.199648,3.315237
268.1480876838564,-10.423674168449294,12.394963,3.9469051
267.6283570424811,-10.460903204228543,12.870324,3.9657402
266.48857276904124,-11.343092864422424,12.259185,2.3583727
266.64328118818,-10.877718286572444,12.066742,2.1102686
266.47686050926717,-10.773486910570483,12.391945,2.2042208
267.36589625821154,-10.381467209037543,12.722926,2.4486923
266.77656700318767,-10.069015449055922,12.917108,4.9260674
267.14990218105424,-9.634525661449883,9.570524,2.0342302
269.0443886244329,-10.179790552658517,12.37166,3.8723097
269.1051233245661,-10.117492153700015,12.160152,2.717372
268.7174846069651,-10.060797993391187,10.989509,2.8294592
269.27629131796755,-9.931475704485027,11.164453,2.405962
269.2475894239974,-9.875550956185444,12.470932,2.9503937
269.20322925768545,-9.771693840778347,12.968109,1.4458351
269.46840494346657,-9.325189962413775,9.536538,0.8824072
269.11836662777546,-9.311573750824682,12.231768,1.5030861
268.0407990354046,-10.047683496429649,12.024525,2.7075262
268.0039552668611,-9.978254891915737,8.765012,0.4937601
267.94663148312554,-9.700947301142524,11.8625965,2.1908731
268.45270062502453,-9.64083310539836,12.25522,2.310831
267.35406862414334,-9.645830092686756,11.000631,1.8018417
267.8038145544012,-9.392121305366683,9.876797,2.5467129
267.8754471623644,-9.261537969248474,12.978759,2.6065807
268.70650765286945,-9.142227789218149,12.761313,1.7174892
268.2630887157857,-9.117055667353734,12.905609,1.4617414
268.4821323861559,-8.906602014147978,12.618708,1.3265343
268.05821775223404,-8.92745446661728,12.450519,2.0232048
268.4578456634412,-8.850716061836113,12.87576,3.160615
268.72988359695233,-8.761061935368172,12.210572,2.831689
265.63408064307237,-10.543196840763981,12.595811,1.9108458
266.2163057185337,-10.234197901113484,11.578717,3.2337399
265.95563442269656,-10.216863165384337,12.535731,2.1355429
266.1057822537535,-10.12881007718641,11.911183,1.4044027
266.1064535416236,-9.990360981835012,12.18019,2.1113348
266.13107342067366,-9.909814835393412,11.974618,1.3402977
265.63368523813364,-10.284059520229764,12.882232,2.047494
266.52155564850693,-9.660203131544025,11.758798,2.0959272
266.81135895718444,-9.758509243406625,12.130433,2.5552254
266.9011691632801,-9.673025563265552,12.608274,3.0252247
266.9684587865984,-9.58685657750835,12.821918,1.660531
266.63136323884044,-9.500186031387335,12.697314,2.1357126
266.3130056850227,-9.576283303448802,11.462493,2.1734638
266.49673224485184,-9.355479601597107,11.953993,2.056716
266.6890908722755,-9.260212502172275,12.743142,1.7599735
266.1663427493642,-9.283971158569209,12.994241,1.583684
266.3046864992065,-9.281381278167558,12.273011,2.5557365
264.5771612816477,-14.290098023241825,11.293365,1.5927324
264.20077118581327,-14.312047806748952,12.496728,1.555357
264.380044878611,-14.02864996036085,12.575415,2.5504303
264.27863946268826,-13.980871342129944,12.738498,1.014184
264.73743706484515,-14.07820425029309,12.163124,1.427208
264.6684779765154,-13.98015462386527,12.813039,0.69390965
264.79753730807084,-13.815722135571916,12.220739,2.159565
264.51685495382935,-13.942589101604563,12.094932,1.5100269
264.7011821607405,-13.739959228149699,12.595958,0.98069763
264.04839305133896,-14.09166612378696,11.3281355,3.2494125
264.0304625822108,-14.07502300209118,12.770056,2.1513433
264.1517044474297,-14.029278723461449,8.218477,0.38896418
263.9558757220562,-13.67225138601498,11.878236,0.95046234
264.5259319520163,-13.694741686987554,12.921005,1.1561804
264.4440366008165,-13.612527204200346,10.770875,1.3945961
264.4437468394695,-13.50794268757652,10.942051,0.8648367
264.253648249174,-13.467971862615746,12.092762,2.6630983
265.13558899127514,-13.649285842941849,12.874558,0.94585514
264.87597693729265,-13.649698819697008,7.479246,0.5162997
264.94867340596875,-13.563931004871455,12.917546,2.5624762
265.12379008655387,-13.370566151026525,11.983481,3.389966
265.3385659631681,-13.402860792250198,11.502515,2.4746037
265.61153578773286,-13.34333359428159,12.549934,1.1314096
265.59028174321537,-13.338924835896332,11.70699,0.93053436
265.62628974333035,-13.274082063965238,12.563412,1.0308475
265.49098600090593,-13.241955267699922,12.800475,1.4681826
265.5545908055514,-13.114107511105962,12.743171,1.223855
265.3288233070001,-13.063337440933424,12.4043665,3.5498009
264.7713306627222,-13.048489780239146,12.435875,1.9676285
265.03554231185814,-13.068581571955232,11.442914,4.402629
264.90391744575487,-12.946613483671761,12.040436,4.1075897
265.1900284200206,-12.764755767966605,12.922406,2.6379595
263.7202269413923,-13.77688370386215,7.7192564,2.341826
263.53585036181585,-13.734695089548751,12.916479,1.6706648
263.52995938064134,-13.612569961444137,11.814202,2.1489544
263.6262759392351,-13.308652267561161,12.196635,1.6872845
264.0635696751611,-13.21364858324926,12.90764,1.2353001
264.21696301239336,-13.20451186146468,12.681722,3.8399296
263.89932012666117,-13.225941152053409,9.779751,1.8290949
264.1437381410592,-13.101337900477047,12.954745,2.9454498
264.06912648150023,-13.034528943897417,11.162676,0.97901535
263.52864130746485,-13.321161856411296,11.846646,1.5790854
263.4055819535223,-13.098217807421742,11.814784,2.043006
263.22605084452954,-13.038420671316008,11.605604,1.8367739
263.650880087659,-13.104272435163725,12.297364,2.0308647
263.6426246751281,-13.01033325195862,11.882884,2.2200737
263.89524417853437,-12.935818440346953,12.619321,1.1868715
263.68481881981984,-12.897004214371567,11.840377,1.4063272
264.1765845275861,-13.018593054716842,12.791378,3.7836628
264.57292435496623,-12.54592166021958,12.794853,2.346653
264.55486307446114,-12.501945764158393,12.692087,1.2334023
264.0452827119368,-12.412441654090157,11.696858,3.556466
264.61600363250477,-12.330222097127228,11.724499,2.5113277
264.52757139237195,-12.308935931162827,11.936768,1.9116488
264.31888177697374,-12.20658008794227,12.203135,2.0169802
264.34050145509514,-12.112782366057619,12.351887,1.9175043
265.73850140342506,-12.892672223010466,12.619294,2.7313986
265.7653189896925,-12.802823241591051,12.670003,2.2340593
265.7697494621397,-12.646861649289962,12.882581,1.1745291
266.2427560623564,-12.715889123990522,9.482854,0.95799065
265.95148581010943,-12.684582110627222,11.038885,1.4870911
266.09478500986455,-12.471118214186204,12.471581,1.4638224
266.0473189920224,-12.444441612987044,12.771902,1.0370617
265.38834338034826,-12.799154672435531,11.957928,0.77189064
265.5316344200591,-12.714678860799355,12.143345,1.7102108
265.9590900991889,-12.477976885545207,11.196659,0.90043354
265.985785323563,-12.442851105923914,12.743296,2.6723938
265.75881723992416,-12.070586553063702,12.60873,2.8678799
266.58227892642867,-12.444141592918166,12.887227,2.554185
266.3512904620068,-12.296823157542963,12.332589,2.3834648
266.55391672362424,-12.126926062694265,12.184177,2.440857
266.9957640598484,-12.101234611165353,12.800234,2.0082264
267.022248223496,-12.01018788197726,12.460396,2.7842426
266.72828481023737,-12.062777881675713,12.997959,2.699112
266.92584317601097,-11.946169347443574,12.822947,3.0720396
266.8484437553796,-11.788925043438299,10.909851,3.2941122
265.9154055957025,-11.920638045692987,12.85773,1.8532505
266.56571766787687,-11.797780185564454,11.8625145,1.3865347
266.2297980600829,-11.76286827449762,8.814055,2.7738318
265.41848027383577,-12.20363850821173,12.950211,1.210866
265.66939359191554,-11.9311664141336,12.859899,2.028349
264.88887858900824,-12.160471892659661,12.899182,3.3588772
265.07136581321095,-11.959696111485544,12.593456,3.4009295
265.99173834264803,-11.645403627723173,12.139021,3.8222036
265.71095052515955,-11.764343024056219,12.397461,2.0401049
265.676643427071,-11.690873123120719,11.296045,3.1703882
266.0422328497399,-11.440402130792796,11.79816,3.783966
265.36137226778146,-11.425192246422473,12.773925,1.9205265
265.3849358974185,-11.276353918089827,12.888086,2.697196
265.72753112281083,-10.916893583083025,12.203365,3.0407877
263.01972589842325,-13.19482844572244,11.245004,1.7333841
262.90513553666284,-13.046493828089533,12.8865595,1.3310375
262.87983993069764,-13.051243087134925,12.067819,2.203145
263.103656438605,-13.036605167366726,11.869781,1.0020027
263.3523539715913,-12.888097504560882,12.631453,1.3580341
263.1026029193169,-12.678884252298472,10.919376,1.2951183
263.11547691280487,-12.67925265597687,12.955899,1.2824926
263.2956503782972,-12.575726820889857,12.654519,0.786006
263.3082429370133,-12.479371894288573,11.488109,1.0158463
262.78196673860435,-12.703459016464544,12.494479,2.807702
262.9539108822852,-12.540665731770584,12.847938,1.3208284
263.808674675476,-12.394561996551943,10.832831,2.4717894
263.7573711082077,-12.25891637649597,11.608225,3.0659418
263.8140332048097,-12.221760236184299,12.786604,1.9567461
263.50774205494275,-12.286631623426299,12.82318,0.9744711
263.5184917371949,-12.180322975554407,12.565934,1.271718
263.7527758707891,-11.970190273343743,9.014274,3.7079263
263.9087474781814,-11.836167363092532,12.690729,1.4913845
263.12295614161303,-11.919274143682896,12.672746,1.364749
263.35211564033904,-11.915179336632491,12.329233,5.051426
263.5530483629648,-11.616049713591698,12.7388525,1.4052677
262.22410495766314,-12.53539976227361,12.68528,1.905016
262.59720179560196,-12.197369571902787,12.667909,1.577486
262.4187107909356,-12.056270958511751,12.154915,2.2414265
262.33071187772333,-12.047613706309697,12.555818,1.2937403
262.66766664525454,-11.939827149617745,12.594182,1.1027317
262.7002586606805,-11.929769875531509,12.842852,2.2619648
262.7241990323458,-11.922095522242648,12.757653,2.7207556
261.91301646640824,-12.20026618305907,11.67747,1.3710136
261.85082074007835,-12.089749063047373,11.736032,4.424266
261.6115602033061,-12.033653620041871,11.789664,1.7468967
262.257678404931,-11.489791639107953,11.966755,1.1466818
263.2548361855368,-11.674436046231513,12.481392,2.1625538
263.00946536706005,-11.568626229544398,11.638158,1.8081264
263.3645172269455,-11.673904496947895,11.540856,3.160139
263.5009729836701,-11.542584532218314,12.531372,1.8735399
262.59211639652835,-11.617002508968381,11.643798,1.08673
262.6395574615211,-11.521784448518659,10.328106,2.1615286
262.69847563309906,-11.194092902454877,11.155899,2.718624
264.3706954729127,-11.62319182242849,12.796475,2.8501396
264.9358627496107,-11.40639284842196,12.2572,1.8513193
264.74463690533713,-11.335627435656411,12.807796,1.2114019
264.73184691375536,-11.301352993649292,12.956118,1.9282799
264.2583944585764,-11.354767435497658,12.858036,2.4245129
264.69930841728484,-11.109333962742019,12.579401,3.0459595
265.1969893624886,-11.263492251645934,11.999594,1.2990141
265.0215145886504,-11.198589418325268,10.317568,1.2310276
264.5144993163544,-10.710676086340932,12.261887,1.2908278
265.1873175105774,-10.672467752169313,12.025044,1.97824
264.89509136922715,-10.48409509315003,11.656698,1.2962408
264.2203823135429,-10.681489590678364,11.8936205,2.3087454
263.7337596805479,-10.689304573116381,10.357433,2.0679235
263.7633698909848,-10.464695356999698,11.171722,3.9671898
264.7678484529526,-10.413618333193261,12.241797,3.2106886
264.0375851624343,-10.172560059525075,12.6693735,2.3305035
264.09079284346524,-9.995925270425921,12.613185,3.7327805
264.3827287622362,-10.008901556667459,11.62894,1.5506
267.156279291735,-11.817266592821788,12.828504,2.4790726
267.3683904766023,-11.736780182418723,12.43824,1.2802572
267.40638593975206,-11.614183935344816,11.289463,2.024622
266.95334394342535,-11.782060025069544,12.990668,2.22196
267.6489168039816,-11.58119224126125,12.800115,4.276697
266.8316694718295,-11.667062776219836,12.795075,6.256505
266.8356677238226,-11.584991910777447,12.248697,2.6336985
266.8515685946829,-11.545736377388483,12.669762,2.8278532
266.6822525983366,-11.42382512185213,11.870612,1.2644968
266.8001506986197,-11.321694428781617,11.480017,1.3566971
267.8329035701784,-11.16379909838503,12.874766,4.7977962
268.2548293536282,-10.885657314080616,12.609945,2.3781242
268.12540047538386,-10.858137196967801,12.124754,2.1372833
268.0476186502967,-10.894714327776722,12.526368,3.2174911
268.0851754502374,-10.644485258006545,12.342703,2.621296
268.29240172071934,-10.56561344086516,12.076048,1.3352661
267.8971535129094,-10.212728187838346,11.769764,3.8401346
266.8700184759065,-10.927444861279833,10.258673,1.4594603
266.8039888297711,-10.129191082621738,10.699496,2.4233942
268.7131159156414,-9.999575930676421,12.164512,1.4687929
268.43537154441003,-10.03302524973247,12.995398,2.889843
269.9159843455056,-9.656169832494399,9.313368,3.9005733
269.01760808396705,-9.538929222290207,12.150759,4.7207384
269.1561160720888,-9.42242058352798,12.722688,2.2520132
269.2380126095637,-9.073914026421834,10.667127,2.4045153
267.9605861167383,-9.822168897340989,12.924938,2.8024273
268.0793198379907,-9.723694333371864,12.005235,2.5557508
268.11970938529373,-9.698411487940232,11.797981,3.4304256
268.12630386937593,-9.481041750962142,12.875065,1.4475031
267.6784223445391,-9.61887114598464,10.939563,3.0014744
267.7337245533934,-9.470995633090352,12.8823,2.2219734
267.45192223476494,-9.401494037186252,12.384672,2.0077248
268.8758232186791,-9.25131350673898,11.946268,1.5631933
268.955098773142,-8.820634584780105,12.412172,1.5031261
268.499863217061,-8.921742264590575,11.7472105,1.2954617
268.1810292621661,-8.990224970616067,12.279815,2.0925941
268.2462104635181,-8.84328056948276,12.689173,2.1366358
268.55719694360414,-8.843554253733693,12.187992,4.2761354
268.4072480036227,-8.75990016344058,9.689655,0.69377613
265.9468478923219,-10.606429323881281,12.951411,3.278039
266.02557904167077,-10.500083207022954,12.383564,1.5358038
265.6884109748487,-10.492295059152436,12.950088,2.639555
265.34221876558837,-10.25636093957614,12.48371,1.4950104
265.8853176156543,-9.983183523768675,12.744462,2.0210838
265.64846253537627,-9.783589127275246,12.590548,1.9500532
266.32490665880357,-9.877866956373596,11.220076,1.8862162
266.32775925903417,-9.865604486709554,12.506509,1.9650335
266.5095728488691,-9.638661661490897,12.218183,3.1917076
266.9262486776233,-9.813890433744417,12.15149,1.2472639
266.16344804796347,-9.324297756309628,12.456065,1.5141506
266.32166560219,-9.21717482908608,11.251405,2.6322308
265.2980840184506,-9.917275475762073,12.189344,2.1587944
265.4030265587547,-9.719410256202094,11.601951,2.4265385
265.6518876975961,-9.65713123467975,12.944434,1.310996
264.95384929978803,-9.688918557687511,12.288419,2.1173077
264.4637355814744,-9.662160743083826,12.976386,2.6692238
265.0063871531351,-9.531016864898142,11.025418,1.1485443
265.0155907509053,-9.361669304076944,10.932556,2.7635012
265.0096733520955,-9.284803655714006,12.53695,4.0195236
264.9673005186874,-9.242557982771034,12.747147,1.5075798
265.1773500915442,-8.995886789399034,11.973343,4.704344
265.8491169994425,-8.593778307595162,12.493438,2.7590542
267.12168357285856,-9.158675974694422,12.667394,2.320816
267.51607473586967,-9.13647104983157,12.579078,2.1267395
267.4490233802577,-8.995107568714891,12.843854,1.5062637
267.5720859239857,-8.954404100493521,12.428726,1.3997469
264.4523691077946,-14.338361167584956,12.388849,1.9011202
264.19740378108156,-14.166881936729533,10.21157,2.7217808
264.2263894093384,-14.059045559462257,12.721633,2.3324423
264.18231230423174,-14.040948884624282,12.041086,1.5563984
264.70214683226163,-14.122597362794345,12.462616,1.6884232
264.78238647608816,-14.066222017886,12.42485,1.6426105
264.622668393052,-14.012790369397822,12.134627,2.9244843
264.8825807812832,-13.73174838597716,9.349878,0.57286453
264.4375834625278,-13.913288685585634,12.177724,0.8898716
264.50603075811443,-13.75916433700976,10.414744,0.81533146
264.81767140086464,-13.759422522188084,11.471032,1.5331354
264.83101430849865,-13.732359762765377,12.813437,4.3581944
263.92376973189846,-13.960251773017902,10.862295,1.5331984
264.1964212032671,-14.01186974543316,12.887822,2.1844149
264.08797324214686,-13.613088918335963,12.097872,2.3660955
264.32012717155465,-13.306976860956981,12.932507,3.5064373
265.07763905839386,-13.728242033648696,12.79379,2.239725
265.2448458452215,-13.481143689588956,12.500719,2.5234776
265.43375960851,-13.48821413399343,12.4961405,0.9308758
265.4365412096397,-13.381130361602839,11.212285,2.2650766
265.46116202109533,-13.093938935381368,11.942445,1.9858189
265.38915310378457,-13.089577838304947,11.600552,1.5691748
264.77592590894034,-13.474147429588012,12.872837,0.9645357
264.6140512379098,-13.411812510643825,8.671035,1.7752571
264.68766686439807,-12.982791019527607,12.947696,1.8064461
263.78403767777104,-13.621911993789102,11.950367,3.1021662
263.4445469055572,-13.492920225459809,12.389353,1.1321602
263.5920864021083,-13.396572868624249,12.535885,1.8958893
264.08736058781534,-13.38976346417018,10.943561,1.8171625
263.94178964551793,-13.426749304746625,11.115135,0.99448967
263.3335810116532,-13.502231348526239,12.055524,1.1391315
263.6505125746795,-13.125896635677783,12.980619,1.0440826
263.8475645653132,-13.015945316790486,12.39914,1.2391605
263.4911182769371,-13.079963452927696,11.261205,1.8169508
263.72361747171084,-12.794016182370877,12.860204,2.23631
264.4574345918777,-13.043374243219715,11.430562,1.9057455
264.3688284654912,-12.818490728923388,12.8657,1.8006344
264.2293718171978,-12.775777319475512,11.908495,1.7010965
264.69805309766804,-12.89068281397351,12.960506,1.0644951
264.93078556338975,-12.589336180705267,11.678102,1.9092436
264.71436656799267,-12.641587150115312,9.800652,1.7487822
264.0782012518559,-12.81268263876932,12.966931,1.7826796
264.0406927757455,-12.439583499146776,12.023583,3.4705067
264.3512281397019,-12.522579163754465,9.472159,0.8111038
265.8124699093292,-13.14414088890203,11.498376,0.84614754
265.9430828335826,-13.001499517568318,11.105355,0.7867489
265.65029299179673,-12.8860455496479,10.287471,3.8498068
265.81327202833467,-12.874342315429153,12.922241,2.668582
266.09705794570255,-12.670264311169268,12.256852,1.0054312
266.0138641294265,-12.704397895621305,12.750493,1.2063513
265.58454831565217,-12.71909270648988,12.93984,2.215829
265.4466397004303,-12.570766091390462,11.875671,1.7594337
265.85785332690034,-12.173740915529695,12.045915,4.2730274
266.60411520143055,-12.49136728791267,12.494584,1.7919474
266.7421714105396,-12.149181417036106,12.3514595,2.0071554
266.6076605108298,-11.998028810633045,12.842097,3.272604
266.07271421211016,-12.210990620074037,8.009094,3.468247
266.1593420071664,-12.049486596354454,12.893372,1.9968863
266.34197752215647,-12.014936360382816,12.411592,5.2394342
265.9601258105942,-12.098814883042797,12.350055,3.1172094
265.9700804019977,-11.950190069166798,12.62214,4.7637396
266.69301329853164,-11.622786735106839,12.772786,3.4405146
266.6050300603071,-11.65666499284655,12.25114,2.831153
265.2258325437161,-12.480931558831767,11.134217,2.7665882
264.83888405737105,-12.304560919941363,11.483603,1.8345613
264.96252316367554,-12.275021173353617,12.981778,2.205206
264.9809803591558,-12.153820075235776,12.534865,3.0156002
265.38530283059987,-12.288510447752907,12.86363,2.2786827
264.74169738174436,-11.745676013312215,12.3193,2.0888052
264.92740154281694,-11.554432271860263,10.246351,2.542719
265.8729174036385,-11.858300035999958,12.532841,2.5121012
265.8242170225938,-11.764523092821529,10.291687,1.0751696
265.94505856401344,-11.796845873612103,12.74857,3.2421436
266.11610810982063,-11.683762465823515,11.140134,2.7253428
265.8685271424726,-11.44638895114588,10.253957,1.8804798
265.47988537138383,-11.402566475538235,11.992927,2.7731209
265.2500042874493,-11.52381580701411,12.149726,2.6886826
265.39346373396813,-11.42254518883098,11.324918,0.9750738
265.2183078852607,-11.367881219566504,12.550085,1.3664694
265.435318836559,-11.242570413138452,11.782806,1.4091902
265.7992522632715,-11.0623145871871,12.204408,2.3907375
265.70968352481253,-11.045944946286385,12.805252,2.02738
265.7943624347363,-10.904248739217872,12.109821,2.0548964
262.49597362903654,-12.74376913724235,12.697126,2.920619
262.5453703846211,-12.701434962754094,12.483374,2.110652
262.5545336638759,-12.599753254151699,12.281838,1.2329168
263.135430459776,-12.436541398352814,12.362205,2.2272272
263.2009396218093,-12.319322030038231,12.836571,3.9281225
263.0174785172587,-12.317295220995582,12.906127,2.535841
262.8574346048336,-12.248750469265548,12.973106,1.3320255
263.63300752182425,-12.557235102831152,10.018596,1.9586554
263.5147531922879,-12.213316455484307,11.753603,1.1833391
263.62188324032275,-12.076576305569404,12.918536,1.356308
264.1310234349913,-12.207414446284591,11.012439,1.8639383
263.8489378214051,-12.165747083062676,10.747655,1.7863951
263.96260611811437,-11.887168421510692,10.71976,0.9800663
264.0034470491219,-11.838657621952143,12.772687,1.7849588
263.2360333579368,-12.246151727375441,12.541201,2.505412
263.41554077245144,-11.962449935533067,11.68019,1.7280092
263.55965213569664,-11.96826223552014,12.866788,2.4089155
262.77778734079976,-11.93316513589886,12.766989,1.5385885
261.6426712561652,-12.053273198312539,12.563291,1.8641319
261.89299269771453,-11.84254094674963,11.743522,2.1035442
262.36265353343816,-11.842502556585583,12.661605,1.3736563
262.17958988697364,-11.61635110884043,11.807888,1.8410063
262.284311616963,-11.456060050714942,12.69955,1.5325804
263.073764377253,-11.64869242082597,12.480133,2.3939018
263.2851785823366,-11.639029072902765,11.3252535,4.9918365
263.41216056386236,-11.375922670117898,12.4093075,1.9015045
262.76290798861,-11.494443765791607,11.560627,4.8091116
262.8600061527182,-11.37673016903125,12.678261,1.4078093
262.94554688695365,-11.210506073217392,12.342026,1.2978258
263.0032735940196,-11.14951063404435,12.832729,2.4838428
263.11169474045465,-11.21904798605615,12.581048,1.2007351
262.8713791741782,-11.14468773690061,11.963567,2.2878227
264.53721921080756,-11.607042435818775,12.45338,1.9359207
264.3141562292904,-11.575141345171781,12.202478,1.0766516
264.3319249950583,-11.07805252618702,12.200862,1.8001451
265.0561719620713,-11.05136135894165,12.788123,2.0001392
265.53315495593745,-11.01578283612386,11.094681,0.9999256
265.47357685535115,-10.632301749027881,12.827974,3.0960236
265.236277659586,-10.385053805219735,10.340616,2.3221588
264.859792670634,-10.4779767045315,10.085248,0.993989
263.740380462372,-11.150114994053077,11.114226,1.0254927
263.4745548977636,-11.15348523412559,12.900877,1.868104
263.47777893903924,-11.013237645092062,12.132052,1.9660425
263.9952077902688,-10.734036565455261,12.066865,2.1892881
264.1175151861681,-10.627229548044035,11.351208,2.2565832
263.6178653272786,-10.769195591833128,12.764333,3.0605593
263.7092866825845,-10.693355883634633,12.991579,2.809288
264.3029245646266,-10.613071016166694,12.885734,1.6595392
264.82539645416045,-10.254740717466904,12.805714,1.5688791
264.910727226952,-10.09361673749941,11.512262,2.0981798
264.4609199595102,-9.74606481585102,12.679852,3.6439734
267.2691747280216,-11.947641997291436,12.470821,2.1016674
267.3270720598372,-11.706000195489956,12.947969,2.809451
267.36788213100715,-11.649607898514065,12.736204,2.8351355
266.9737570564711,-11.644631902694623,11.874829,2.0115223
267.20012318257346,-11.648621515325527,12.005347,2.2662754
266.74366584877305,-11.628327492362745,12.38752,1.3458881
266.8110664338753,-11.516764821449627,12.773598,2.2533417
266.81375019538336,-11.361805098676566,12.726111,2.2096777
267.817105678266,-11.096272518668155,12.667428,1.2339554
268.0174027809338,-10.718466334722114,12.498353,2.3560896
267.4225980567952,-10.94165323895775,9.596253,1.0756416
268.01599053971063,-10.60810792893307,12.8085785,1.7927427
266.44979148136264,-11.081831090844902,12.365342,2.4299583
266.2996845134921,-11.092715891712846,12.301247,1.2481632
266.613534832915,-10.87443489405541,12.746984,2.5744686
266.0569921864299,-10.569541561334376,11.340201,2.3494616
267.09544654168684,-10.556585764954315,12.877895,1.6952848
266.9824723235542,-10.394072050913397,9.991456,2.3864422
267.4774275970367,-10.327161873416896,12.989296,4.7366934
266.605108233121,-10.198364840057724,12.34418,2.121479
267.32102168827015,-9.848091619526228,12.919881,1.4279652
268.6266646642561,-10.699370967538933,12.856877,3.286316
268.64119088824987,-10.242560146775359,9.177038,5.4397984
268.2032255894549,-10.179732275323413,11.882796,2.7740126
268.53841512638775,-9.80170090183407,9.708044,1.9672241
268.6703434018073,-9.756521232172997,12.322725,6.2622213
269.6878938173101,-9.64230053522405,11.32142,1.2823172
269.54718562637606,-9.387810744870936,12.690847,2.4308262
268.71638705114856,-9.694311233921505,12.649925,2.368538
269.2785313387901,-9.459837583027443,12.990385,2.4973373
269.1468523408816,-9.389309712105371,11.595748,1.3314428
267.6822541974258,-9.922247986525417,12.513384,1.9977131
267.7445098567699,-9.849711410491166,12.865682,1.512578
267.5573792258558,-9.78656975529902,11.873374,4.1196623
267.56282850429955,-9.662742472108581,12.48013,2.0009499
267.51657566781296,-9.677732638863363,12.951915,1.9940729
267.78774309318004,-9.590346072327858,12.692627,1.0935488
267.4356247152129,-9.535675508348538,11.456772,1.9397125
267.47564852265816,-9.407055450713438,11.757387,1.1802626
268.092783352533,-9.337212734085007,11.989202,2.0045977
267.7085541208167,-9.317740817696096,11.668887,3.8789682
267.6970096985372,-9.29354647317879,11.8122225,0.8592367
268.7618316932025,-9.262730043361382,12.558361,1.5917025
268.77637645479285,-9.075902173960067,12.495315,3.2220573
268.94985159112093,-8.737234649157813,12.019756,2.5413408
268.2489991819606,-9.09944490220204,12.925951,1.2022839
268.3166376529257,-8.97119309632907,11.807844,3.6204271
268.28824565026486,-8.906612042572378,12.83921,1.5603123
265.94723187170115,-10.411459180965265,12.760795,2.052168
265.68573370047955,-10.311962525904573,12.935139,1.5051727
266.1138315977791,-10.22427725827694,12.667271,2.3352299
265.9114915282478,-10.121124059016125,12.252975,4.2515593
265.94317365190653,-9.875730642322166,12.893255,2.2042885
266.5239198948141,-10.021553893256218,12.460528,2.0342531
266.32109272662,-9.92225162981917,12.256106,4.878358
266.5838679318821,-9.642896324789197,12.169166,1.3422651
266.72365261538044,-9.473369559780368,12.817493,2.4979439
266.1851487119114,-9.758657180377726,12.874456,2.8942184
266.22813782629606,-9.312974885658763,11.346803,2.2502298
265.1207850534756,-9.802412353407666,11.51113,2.721652
264.60113514864133,-9.743845707259489,12.827517,2.4329348
265.2740146772976,-9.373970991580771,12.073214,2.194522
265.97900478603447,-9.277715649204149,10.440933,2.5348082
265.605198702751,-9.076240172131813,9.376724,1.2773933
265.51159872457373,-8.8076596809513,11.002058,1.3800535
265.728603046697,-8.727284288323231,11.732565,1.7157936
267.26578494485886,-9.403434954057788,12.281188,1.8554392
267.11934200648085,-9.364740513061697,12.532229,2.4348574
266.9831985091242,-9.377833516619615,12.272117,1.3315306
267.14775024531116,-9.195866494443935,12.891522,3.0370722
267.2687634053829,-9.08928300748455,12.98857,1.5078526
267.4381755172847,-9.009583294530383,11.487624,0.8797388
267.3508343465244,-8.907079126552533,12.908077,2.1879196
266.76891055085343,-9.04814032382597,12.705623,1.6468105
267.11340483008576,-8.973994929652806,11.833596,4.9269075
266.64738511239864,-9.111650463687583,8.918845,3.015686
267.215643244953,-8.908186882329716,12.913773,2.5791187
267.23504593932006,-8.701311098423052,12.960372,1.7447834
267.0137977426496,-8.537928263174072,12.597239,3.0449238
264.4726714802838,-14.370839721165211,11.975795,0.9353771
264.2779241156741,-14.258422695112454,12.271591,0.8751011
264.34745504352173,-14.29716484757265,11.530421,1.0134106
264.5749536079002,-14.101637961281252,10.816338,1.3818855
264.2057761184202,-14.2101656310012,12.8530035,2.6565619
264.13580758725163,-14.214003246650302,12.61956,3.5531216
264.95029300765754,-13.924428501521895,9.825003,2.375926
264.7971644580237,-13.839366538950935,10.765889,1.4321604
264.6218308614748,-13.785121299691411,12.894563,1.2398138
264.73026462470233,-13.848760038426528,12.166508,1.410222
264.0299207543233,-14.04677844901973,10.156323,1.6163692
264.11208320666526,-14.003052146574877,12.388539,2.4300404
264.03083824766304,-13.897603008086785,12.776775,0.8086071
264.31117826609653,-13.896844305423228,12.933719,3.6202593
263.7682048261839,-13.873547047501148,12.644122,0.9907036
263.95169469527025,-13.650608227884863,11.889613,0.9723587
264.55221960111015,-13.483571004233845,12.164657,1.8016577
264.32097519302863,-13.330774767303584,11.648799,1.9671259
265.06699370182656,-13.729875814716186,10.767102,0.9177666
265.3328114675975,-13.601831614170434,12.48397,2.3471966
264.95484644075805,-13.595488113305557,12.950893,1.8253546
264.8163115465634,-13.625029910065823,12.3792305,3.329462
264.9167156001962,-13.49804282171582,12.372187,1.5432863
265.08246166713803,-13.384946193925913,12.196571,2.3783283
265.3776536928264,-13.34237882159724,12.385239,1.0733833
265.4167782759415,-13.304810484934448,12.259576,2.1184225
265.61082057530376,-13.156507840792077,12.666505,1.9417515
264.7187471583363,-13.508204930177703,12.057158,1.9668207
264.7644525616325,-13.12873581224007,12.262908,1.6604576
265.12658834284065,-13.04036698653762,12.539271,1.8464985
265.2883810497302,-12.958213541616285,11.448289,1.6993551
265.2353296872962,-12.928494876631916,12.374928,2.1544447
265.3044809197668,-12.839805226642621,12.8944645,1.3668413
265.0292129983669,-12.86861611273582,10.42274,1.5858316
263.5950154833079,-13.701132921326172,11.965738,3.9064808
263.78771464752384,-13.501094703816307,12.990005,1.7276888
263.4663607566105,-13.330210306848278,12.782567,1.0884504
263.2489358009475,-13.038621889844295,12.971266,1.1332693
263.31296634740266,-13.080031120758846,12.708878,1.3267746
263.70499316033215,-13.210512378811085,10.873162,0.65762043
263.67896577687276,-13.147640376265459,12.855635,2.3307238
263.8400291218399,-12.892784090334558,11.459121,1.1109419
263.5092672690176,-13.003647094924341,12.69014,3.9113188
263.60131715142535,-12.78222623369952,12.52572,1.8508759
264.36067404201253,-12.70286896525968,12.512813,4.990407
264.57567981959176,-12.52715136335687,12.914075,1.9930029
264.7569223384492,-12.364132172415145,11.957196,1.2157536
264.1587269855717,-12.771547973870785,12.524584,2.0996122
263.9314438919761,-12.816550763739876,10.788744,1.644577
264.5018530401907,-12.231070627044977,12.6551695,1.331811
264.23579784271556,-12.269185535082238,12.614715,1.3144035
264.31597586524265,-12.190345283902179,11.4908085,4.7456894
266.0199745831289,-13.008673275748786,12.623854,0.9531164
265.9059577250338,-12.953628398080104,9.901888,1.5808716
265.82683838803626,-12.831371710271773,11.854333,1.1271591
265.8743719343136,-12.80076562197187,12.967799,2.488781
265.66620845487415,-12.8315025446008,12.025051,1.8173256
265.6930800216438,-12.793902399492207,12.904283,2.3883047
266.2506006756363,-12.697275102741296,12.183448,1.7120829
266.0207956623169,-12.70447593462192,10.861577,0.78403664
265.544493345951,-12.688120022494394,12.925084,2.7050428
265.4136421332074,-12.556315810655677,11.992105,2.128087
265.755674472991,-12.529020943496278,11.20792,1.6805038
265.8952280595804,-12.492518727014913,12.603459,1.8628769
265.82904922241175,-12.224445705254729,12.298603,3.979495
265.800317179602,-12.1769202840879,11.883921,1.2411785
266.5948585533631,-12.314094714252677,12.143495,3.4952774
266.2289006239745,-12.398737581390169,10.427704,1.0758095
266.3553444961392,-12.233114601067696,12.351264,1.3602648
267.04499525508527,-12.129450533967555,11.822562,1.8142757
266.9462593129313,-12.089535251364527,12.041983,1.2314186
266.9702056395037,-12.08308904055801,12.960797,3.210063
266.5589532884317,-11.940024250215302,11.107129,1.9581175
265.021385635571,-12.576345573480781,12.934363,2.3932018
265.2343887083683,-12.431959240910016,11.836187,1.4647064
264.88192132289424,-12.360498114618737,12.888864,2.809124
265.5891282743342,-11.953446495426153,12.913838,2.056284
265.33885231986096,-12.016316771127137,10.346202,0.85266304
265.11868994253297,-11.756783928961353,12.746209,1.3095827
264.94562034152665,-11.605893389676236,11.673699,2.9846773
265.65826846605205,-11.914041869437343,12.5229845,2.5865908
265.9754981860678,-11.768273902604493,11.467159,1.0774374
265.3149660816057,-11.4328888721251,12.811639,1.8667946
265.2884203782665,-11.373367984796607,12.929119,1.3616648
265.9752246323542,-11.118713290111709,11.99217,1.8945017
262.9380726352392,-13.065836565833806,10.671456,0.8903084
263.26418732929943,-12.974877771319248,11.212482,1.0993481
262.99028068344563,-12.892431553139234,12.16162,2.1799564
263.43279953979885,-12.74359555786027,10.423963,5.603606
263.3225039443696,-12.574528895198906,9.293187,0.6385021
262.62273917835205,-12.808735870283734,12.349427,2.4782133
262.5408138566213,-12.818411648460978,10.24998,1.8459549
262.4427894617861,-12.595166093386146,12.60033,2.0384865
262.92056390650043,-12.439641635955313,12.782738,1.4713898
262.77789859424405,-12.44441248290085,11.025037,1.8318996
262.9564678253791,-12.215023662375643,11.478624,1.9794636
263.68334290739057,-12.441665550911017,12.578664,1.9183159
263.6248120569477,-12.320865255405726,11.886033,1.2002764
264.0302561916344,-12.261669035622596,12.648081,1.94386
263.8911321834668,-12.144957604603531,10.780377,0.92418766
263.1513135947543,-12.172332563448455,12.846515,1.8239584
263.2044851689096,-12.156395884396666,12.599459,1.4189253
263.6145378360726,-11.978666341176728,11.115067,1.0536995
263.40545119786157,-11.836914382634815,12.465884,1.9368277
262.17992924823164,-12.31315613720768,9.002915,0.78209877
262.0042386869598,-12.156586772745039,12.996681,2.1838293
261.95176659744413,-12.137563652062886,12.9068165,2.530285
261.8826548749434,-11.968553175392637,11.720516,2.5176706
262.7443001915445,-11.794565513290701,12.754015,1.5595617
263.2701386393416,-11.291746536934555,12.169785,1.9719257
262.82736073089256,-11.534418981846674,10.876334,0.73699665
262.7744414872252,-11.328678697257873,12.823954,1.7250662
262.901711450304,-11.113054739032307,12.183677,2.2288752
264.3225677293813,-11.659436103052823,12.1245,1.7716722
263.74881814405353,-11.438321994453734,12.12935,0.91258335
264.30758173457133,-11.106619756116876,12.566582,1.2882347
264.29162420132366,-10.954202719265222,11.902242,1.2940569
265.2735786687415,-11.120667846232202,12.115137,2.2105818
264.9406942281203,-11.097753575555116,12.68058,2.0808268
264.8250278625947,-11.122265175949186,12.348153,2.0446482
264.79605912166073,-11.074709313476292,12.6856165,2.7576008
264.8288337379432,-11.059180574526302,11.351009,1.8609056
265.5513716865464,-10.642267178155166,12.897031,1.56637
264.46408699294574,-10.878676109315593,11.665009,1.9858007
264.6891991898258,-10.717793656858182,12.948814,2.0598192
265.09230188114367,-10.541703030827364,12.710512,1.3588858
263.6931482421086,-11.241984485948505,5.505731,0.07296848
263.6422664062243,-11.166605927329586,12.560474,2.7910042
264.1828140900383,-10.814967111995434,12.113866,3.2395544
263.3408085053999,-10.869905392005693,12.846853,2.1845942
263.29725845957927,-10.851485779791538,12.390183,2.7366352
264.22359624129666,-10.397284515697633,12.605186,2.7769356
264.32861166708,-10.375660153259242,12.7898245,2.0660133
264.89220141136553,-10.327829581714115,12.747918,2.7760239
264.44625339739724,-10.108014014976467,12.39094,2.6103897
264.29867712016676,-9.95328236463089,12.338526,4.4578104
267.21454063480707,-11.991888909625516,12.03754,2.71391
267.10065553170836,-11.725639361951654,12.295906,2.4309406
267.11269306677343,-11.55585227568196,11.647744,2.1210442
267.16935951890605,-11.527027578534408,12.322578,1.5270033
267.63724454189196,-11.631559128603227,12.928458,1.6906424
267.03417199865703,-11.344616540648342,10.753671,2.4759579
267.269343054665,-11.341098876661956,12.281194,
267.1536271944179,-11.362624919640318,12.46702,2.6759872
267.9404699586663,-11.31011788738905,11.844938,2.5387783
267.98906948716353,-11.329293605871841,9.921971,0.9244251
267.53969712460884,-11.015304606640267,12.130239,5.3223133
266.29069366865764,-11.23811261236185,11.599691,2.233613
266.46217143728853,-10.867425180393312,11.91873,2.7993774
266.23723435816487,-10.823505228510374,12.354766,2.2276287
267.6007439252772,-10.449127643022793,12.589972,2.0396013
267.2492119033547,-10.06837005111914,12.139235,1.4617605
269.20881258932627,-10.142810093474186,10.713797,1.3885727
268.95189117059346,-10.163613079050396,12.662804,1.5128908
269.2600908557764,-10.040703554047672,12.162909,2.570509
268.6859407061428,-9.634968152496421,12.15564,4.4574337
268.60752513683934,-9.599836137347314,11.204348,1.2697153
268.86805235282424,-9.367984747612757,12.717595,2.1918411
269.4902084015369,-9.362524626079114,12.8805275,1.4628954
269.44199492765534,-9.325110636679005,12.5097885,2.4055214
267.77945403633925,-9.937150927940147,10.408837,0.9656992
267.7453767381839,-9.857142480899078,12.912471,1.9642754
267.68362201323663,-9.797487797537205,11.925846,3.752308
268.253906295252,-9.605223143924553,11.920993,1.6448183
268.350707378197,-9.658657407083293,11.593863,2.306552
267.29314674078944,-9.654774024540561,12.56375,2.4407768
267.89073850292743,-9.26195972809395,12.174983,2.569291
268.6047212472305,-9.570722401753786,11.555378,2.4647427
269.2028033410507,-9.040050587672377,12.74781,2.5684128
268.49457167095323,-9.045947875752347,10.950372,4.080983
268.0549941854461,-9.02856039784626,12.4452305,1.9704075
268.62105412237463,-8.729896002943791,12.520045,1.2652321
268.79793983257457,-8.677499253512464,12.954714,1.5389833
265.8125708473081,-10.46524522097073,10.968539,1.0526066
265.39673099712525,-10.230946628789903,12.72484,3.2050943
265.43098386158965,-10.165793796406767,12.034308,1.5026855
265.3836096017885,-10.120289925744107,12.347647,1.8655491
265.8220764668785,-10.01414085750147,11.893631,1.3242435
265.8819133805205,-10.027826022765137,12.438242,4.7136984
265.881727456887,-10.001172890949132,11.585205,3.435317
265.54939541491683,-9.8869130040342,12.064107,3.4899397
265.6073373255025,-9.86518171175825,12.9579115,2.215827
266.65982199601854,-9.999252296260508,12.863398,4.47423
266.9178509545655,-9.528926649366195,12.962239,2.7018623
266.771072982451,-9.448727241943791,12.625569,2.5505447
266.64813272047826,-9.327948350590384,10.40253,3.472269
266.36640575500246,-9.301738967943468,12.776532,2.6220388
265.04245608216075,-10.117335850103093,12.822395,2.1208706
264.9592084127953,-10.019292713087742,12.493275,2.1757011
265.0645647226902,-9.617150152289664,12.820456,3.50243
265.24255256797824,-9.605473235636705,12.5499115,2.8906507
265.868709935029,-9.270582421233627,11.988114,3.9783897
266.1112701457307,-9.020072128411918,11.706988,2.9515524
265.9374808745443,-8.961508830354589,12.458291,2.517208
266.07552248688927,-8.924535538513696,11.4215355,1.5647678
266.03235695030116,-8.845130415130672,12.407762,1.480156
266.00669569246503,-8.745621193247011,12.887263,2.511716
267.2175790309697,-9.530170450254992,10.247314,0.9210644
267.61337627107645,-9.032485554737242,12.054923,1.2379293
267.47628019596795,-8.829168274086468,11.519497,1.1837769
266.80694142698553,-8.973335185777485,12.836343,2.5962763
267.71148605093606,-8.747576438700253,11.558299,3.0656242
267.83612245669667,-8.508248417598864,12.850476,1.3418703
268.37608939974456,-8.531907967887502,12.957133,4.3638372
268.0662460555096,-8.4325210190877,12.827054,1.7936468
268.0144302061049,-8.404221196265546,12.865965,2.2081509
267.5216185318404,-8.293371440813162,12.660727,1.570344
267.8563403708633,-7.817274092687854,12.027889,2.272605
266.6549480985111,-8.67774356758952,11.953402,4.555977
266.296470560763,-8.756269170197362,11.184563,1.5907478
266.76882270283005,-8.500112721180182,12.357855,2.1757965
266.9570445683353,-8.35974661217997,12.675745,1.4751339
266.8770455550034,-8.125040021801636,12.462779,3.228137
265.99657956799535,-8.270531833764373,12.367401,2.015171
264.67093056153675,-14.148738440383392,12.989303,0.94154453
264.19347950895656,-14.281073802830818,12.907332,2.8071136
264.3185720721807,-14.207643422796275,12.590019,2.6325788
264.4058109131737,-14.055343814786449,12.946694,1.7366543
263.97190998224676,-14.106682142926203,12.82513,1.5725212
264.0833820414727,-13.995503028570699,10.788845,2.7058325
264.0617604300577,-13.972378437904224,12.750406,2.069107
264.2604523364476,-13.906168857857955,12.777991,2.4762955
263.886246069779,-13.944867297042729,12.061904,2.1746006
263.94148112582457,-13.89313096819077,8.953324,0.9636669
264.40485493564205,-13.738980110865269,12.862095,3.7134962
264.486797845236,-13.574184997929352,12.932474,3.7472115
264.4148297265354,-13.5433124636126,12.331974,1.0567055
264.5259201559216,-13.435347850340492,12.653493,2.5008984
264.19477349416184,-13.624911755310606,12.92147,1.7169838
264.2355655129488,-13.438968588833292,12.354455,0.9269676
265.07523372745015,-13.550552315765719,12.766956,1.131218
265.101624107198,-13.501249141123658,11.360708,1.6672554
265.4399672251838,-13.315257207216826,7.5506835,0.8588619
265.66445526289175,-13.253102831754338,11.893176,1.6135588
265.55543039537906,-13.250021443176218,12.808929,1.6511831
265.5082458667638,-13.246384270522318,12.577078,3.2162275
265.6465818540414,-13.192872681918002,11.778186,2.5605202
265.670744213044,-13.182803637081593,11.910228,2.1385908
265.1898589587394,-13.344275089362993,12.580596,1.1192322
264.8957297583038,-13.105624871526215,11.714117,1.1234102
265.0948963224417,-13.197109074392284,12.83919,1.2252388
265.2037608154425,-12.952055873014679,12.639581,2.1416788
264.9658880495761,-12.914969152877156,11.08977,2.0786238
263.6954425720047,-13.776077115098138,12.834482,2.7258549
263.78097241231274,-13.6379986428571,6.854424,0.09094858
263.46244754880007,-13.504795795078572,7.7463694,1.6327033
263.5871492539336,-13.435016848184008,12.853116,1.1458397
264.1150381394822,-13.344087380544739,12.321346,1.8491106
264.34566528690317,-13.267908891340825,12.822242,1.0320349
264.12770133901256,-13.200397237016237,11.220436,2.079937
263.772206229752,-13.218876510506652,12.83564,3.0193577
263.8219765747213,-13.217003247143914,12.017446,2.3020725
263.94018469299436,-13.135935265450021,12.999358,2.1069288
263.6862545660513,-13.148493212367503,12.670809,1.7506609
263.6321139797954,-13.102438532030298,11.876329,0.61943436
263.6486410062786,-13.080731459312593,12.0119915,1.4921818
263.63043016324247,-13.009935069888298,12.691175,2.0880404
263.9429468035844,-12.939232579622917,12.255699,1.1094847
263.55498730185553,-12.923477402908494,11.975626,1.725133
264.30410361571137,-13.020869021911265,12.791312,2.0519686
264.7341366428765,-12.79667233654099,12.256701,2.633319
264.8204700946358,-12.674937734520142,12.797427,0.94729424
263.94078427712617,-12.687278493191174,11.59148,1.3426933
264.16315633520065,-12.378559432713484,12.39241,2.234023
265.9534760274164,-13.028772851107723,11.621311,2.3345404
265.5589261868061,-12.850696031817217,12.260081,1.7545567
265.6486198930774,-12.764867961630355,12.674682,2.3634977
265.46837479564977,-12.847333128188641,12.685983,1.1889181
265.50392828128304,-12.809851594619479,11.960655,2.343896
265.5763656451251,-12.805359461422453,10.541568,1.6750164
265.3042008118483,-12.559874210617563,10.54468,1.033865
265.8428249681402,-12.476086422519765,12.639723,2.5958948
265.99203175251546,-12.250000601815008,12.697536,1.3090897
265.6129071458112,-12.37506914016726,11.986314,1.406414
265.74919524540394,-12.112958203952372,11.734833,3.5049791
266.2943148702645,-12.428900614385098,12.785777,2.0720673
266.721871796911,-12.138610577460568,11.054483,2.2387867
267.1311608033243,-12.034389773876198,12.588024,1.4273729
266.39378686254423,-11.836686937757065,11.683481,4.0922756
264.9700295669162,-12.218463586634028,12.457387,1.2975235
265.0175580108622,-12.188644948035353,12.23265,1.7089787
265.271682582461,-11.937106687189583,11.608603,2.3956413
265.4855797973065,-11.842543774571551,12.845842,2.2610598
264.5103242650003,-11.970576466969062,10.741184,1.1257086
264.9281689070503,-11.735657091951136,12.740409,1.3810005
264.9904870585568,-11.633552604954854,12.873352,2.6852894
266.3069122541244,-11.308941799914363,12.772134,2.7554874
265.4058580312705,-11.647251967683188,12.42262,4.2659616
265.2220953812176,-11.369446387827637,12.051005,1.8366938
265.8867837724515,-10.980821709793265,10.542514,1.0931273
265.9344229963026,-10.962831210026463,11.6822,2.1506672
262.6831637385439,-12.974578797948796,12.979502,3.4394283
263.1243359766432,-12.582138322527744,12.955176,2.4952602
263.2556098556014,-12.420931879070627,12.648075,1.9032278
262.3568086855486,-12.641152298940424,12.518761,1.2978907
262.50966093306414,-12.571574583980713,12.864676,1.9536381
262.8992543324865,-12.43642673104931,12.651806,2.7151766
263.59055936708876,-12.561261802470053,12.935014,2.0091667
263.7843847407451,-12.506498700862517,12.868044,1.8792686
263.7379835905815,-12.45243171315843,12.339078,2.3748636
263.9839840441661,-12.308753524991312,11.713184,1.953538
263.7616454218135,-12.375390499424716,10.802439,1.4265108
263.70814049646043,-12.357727256099329,12.128134,1.8889971
263.40622352462566,-12.271015764483076,12.755182,1.9311676
263.951391596611,-11.953802542674167,12.77675,1.9653292
263.13019452703,-12.006316939607721,12.870431,2.2366676
263.71256801650856,-11.762851106270139,11.782446,1.2757883
263.8106572469272,-11.758503548128182,11.682313,2.2998295
263.7185806449233,-11.706061886952421,8.589103,0.77466106
262.25348554379593,-12.448418633011821,11.614982,1.1153879
262.5154343664317,-12.234950612213417,11.409959,2.1507082
262.5088925730719,-12.02314371884959,10.768926,1.9974756
261.89877883858014,-11.933410532372443,12.834983,0.93422985
261.9217068483658,-11.888146804213493,11.298893,1.524682
262.1434909072485,-11.875214573096333,12.841731,2.5087957
262.9859085369179,-11.947131301778178,12.3880625,1.6001396
262.92959048438513,-11.781296444939418,12.582266,1.795289
263.33756399904524,-11.3499429571249,12.132814,2.1718855
263.35210540228616,-11.263796879974606,12.568042,2.3299656
263.35608938271344,-11.191433837737577,11.476944,1.9328499
262.30449476602735,-11.413611093077222,11.881568,1.830472
262.75395845954165,-10.997872096613285,12.76153,2.0663538
262.8244243701615,-10.971739814447371,7.350589,0.6414442
264.675427974698,-11.756066116266798,11.092019,3.3298435
264.5181778516245,-11.704040099297682,12.310685,1.7337456
264.1144715138785,-11.753954583256924,12.703767,1.9620619
264.8849808776527,-11.570805185216038,12.371955,2.3169632
264.7634336551324,-11.57373855551222,12.965296,2.4647045
264.7844537089534,-11.511290465935161,12.199102,1.1255741
264.94066362868296,-11.384638157436132,12.405099,1.7153769
264.65497624454673,-11.394731218626381,12.928525,1.7038488
264.4489871789798,-11.44118379628729,12.3729315,1.8209019
264.139044600324,-11.321743449274623,12.812802,2.0290556
264.89729770244384,-11.057106298496604,12.304197,3.5387602
265.1868641112617,-10.928900402736327,12.413726,2.0846043
265.6742550118485,-10.830801106974542,12.908045,3.2820244
265.0933046800447,-10.275453591449219,12.882513,2.215351
263.535272281971,-11.272257530650734,12.834386,2.6102018
263.6781869050069,-11.224622140459683,11.834302,2.5968742
263.53203167186234,-11.091753755079417,12.896756,1.1511765
263.19400130392296,-10.664400997798719,12.537051,1.277998
263.81479464410444,-10.544923028285357,12.184353,3.120369
263.6462987959756,-10.31822513438243,11.03672,3.9909105
264.5030359797681,-10.578784495370705,12.348806,2.6951218
264.28918567747263,-10.346076110856243,12.144376,2.22297
264.6761396345308,-10.458676735433452,12.832237,2.5043106
267.1864627222456,-11.906640665007956,12.822799,1.1175776
267.2893606456723,-11.768972457973591,11.373622,1.4243221
267.2477171487036,-11.670804962965143,12.881022,1.8956451
267.3617685325093,-11.687014382150114,11.088573,2.0872488
267.7019036786603,-11.331229746574829,12.136296,2.3484755
267.4785668764458,-11.36467343651119,12.6364975,2.5984602
267.42183418964436,-11.260119619564565,12.979748,2.357586
266.85662391034475,-11.598543367465979,12.124552,2.931447
267.35698286235646,-11.052370229340703,12.163911,2.8866444
267.8199199356103,-11.330255304540087,12.993049,2.4596891
267.4907276270618,-10.894219679941708,10.172954,2.2948933
266.34020780833623,-11.131528234013487,12.052689,4.8172503
266.25382340329685,-11.052392531485978,12.456374,1.8904743
266.2521069923004,-10.406822476123336,12.780103,2.4056225
267.47365560225825,-10.10643163884786,12.48752,2.845439
268.6681047741081,-10.50811927065409,12.50044,1.9490004
268.9933815682912,-10.214319431443762,12.121452,2.5167418
269.0877666189105,-10.035209716584998,12.543767,2.821025
268.8941844138198,-9.985611080187265,12.960363,1.8061209
267.91804425579187,-10.19313348456729,11.906609,3.036995
268.57283838087926,-9.763092295395873,12.793717,3.1230154
269.39053580382614,-9.623304859461767,12.133062,3.7190332
268.8973492773539,-9.686923095994784,12.39562,2.3111439
269.35482710925015,-9.504105036008976,12.969373,1.6022234
269.1919973077809,-9.261729417301106,11.242015,2.2125034
267.9337347713358,-10.120740080046247,10.728017,0.9554167
267.9218397232734,-9.76149956182029,12.912885,2.8460417
268.12626219402387,-9.686960090043504,12.538067,1.2671661
267.41413331147396,-9.463818505474526,12.761334,2.0852213
267.6498913220291,-9.19789629978015,12.431861,2.0399523
267.9619996248524,-9.096052520508383,12.58632,4.382571
267.9590704286836,-9.078502640403507,11.211782,2.1509275
268.6229282763286,-9.553606834386999,12.608487,3.3675117
268.618275000385,-9.117613400568713,12.592805,2.28617
268.0336010921319,-9.04068792172531,10.75621,2.3389149
268.1614785455432,-8.883386103407,12.978077,2.7067766
268.185708797401,-8.797576410056864,12.967022,1.9833002
268.896096881878,-8.694641645376151,11.807756,1.4288445
268.5354486846421,-8.597897331571923,11.852078,2.0279655
268.6933043105876,-8.491949674841798,10.980215,2.128315
265.9180183969795,-10.402625864794935,12.969709,1.0058956
265.92529058890665,-10.164364235941225,10.457496,2.4385347
266.09454529796545,-10.146319424733669,12.276724,2.89563
266.09097812093523,-10.125334713937184,10.994959,1.0836906
265.66935249479474,-9.992181662537568,12.966,2.521123
266.76874981174694,-9.564963935096033,10.298391,1.2527304
265.9366869269621,-9.609730178010555,12.43896,4.003683
266.354108994439,-9.413112806381632,12.663904,2.2916718
266.57654109771164,-9.299261755053351,12.942347,2.3814297
264.7900914327179,-9.925183076028274,10.17763,1.352376
264.931672236244,-9.59145403241645,11.814345,2.570609
264.68098231623634,-9.580441917210123,12.8375845,3.584466
264.44928635973844,-9.626253161942714,10.753285,2.503296
264.4087002862777,-9.61514339105959,10.093687,1.0651064
264.45433529808366,-9.554532269629895,12.899278,2.241109
265.23829543584725,-9.449067782537586,12.957503,2.527851
265.2767252307703,-9.247873630333503,11.971564,3.8995562
264.89443467662994,-9.149911389808878,11.676953,5.797227
266.318003409152,-8.85068964674035,11.351564,4.2737083
265.51519136317097,-9.056903150765887,11.039833,3.724042
265.7918095604796,-8.470004038473062,12.640212,2.3345318
267.36896119413626,-9.299016362753427,11.970257,1.8054171
267.0626652431664,-9.320064949363562,11.256234,1.8823977
267.64469037446366,-8.967864513714197,9.707898,2.436841
266.82493161335043,-9.195672072646591,12.694441,1.9444628
266.746534870211,-8.790702031737831,12.948923,2.6841288
267.60836506137986,-8.346345496276607,11.793121,2.1882553
267.6714937533581,-8.207659446720935,11.466998,2.5290575
267.9365686333878,-8.151355229116625,12.169366,1.6797342
268.1460691166345,-8.015085786624955,11.795112,2.4373999
267.79144712712247,-8.022605184153942,10.736575,7.1377926
266.37522485865367,-8.467304586314528,11.65654,1.5332756
266.15477984270944,-8.278140694561044,12.844975,3.009119
266.421096949537,-8.12758808241645,11.636714,2.724802
267.13397270913106,-7.92676323128533,12.860287,1.8931751
267.6083622369395,-7.821506332353167,12.871898,4.558337
267.61478257147064,-7.740413090814843,12.01066,2.1635647
267.46102446577646,-7.60973543653571,12.744446,2.2250328
266.94023564591043,-7.711868917402748,12.786131,1.4567223
266.6309521751723,-7.881055875271977,12.427788,1.3330269
266.81751202775746,-7.659283824634428,12.947875,2.0984144
264.3523092396654,-14.436029950471172,12.787152,1.4130468
264.2934269812717,-14.299609602403192,9.19686,0.24188995
264.57203711117427,-14.293419652457727,12.624486,0.7738123
264.61832210630286,-14.13422594364111,11.887549,2.2408266
264.62835300653217,-14.101391185277988,12.89468,2.2889967
264.37587417421526,-14.118182675594275,12.253716,1.5609875
264.3624811111721,-14.080461429213623,11.881472,1.6042728
264.37926974300814,-14.015290959064965,12.854359,0.9635525
264.2982840164291,-14.024463195730206,11.415375,1.4780436
264.2224646347924,-14.02798173172892,12.447981,1.6026316
264.7594929952158,-14.071621854855,12.888671,1.0822115
264.8786810782245,-14.013018197285934,12.519281,2.1725187
264.65933174107244,-13.867494086768485,12.545059,0.9809761
264.52733231078753,-13.742885890242805,12.418156,2.489997
264.7285095509653,-13.788166513747974,12.442955,2.2661943
264.81374961110515,-13.747092483257271,12.863271,1.7990913
263.9697273693524,-13.880908149087595,12.0837965,1.7982178
263.8186907826659,-13.777320677973183,12.828057,0.9994192
264.09197233900164,-13.63610919014304,12.732129,0.608222
264.329929195845,-13.785492125643628,11.19393,0.75061417
264.4437928770101,-13.496586552973087,10.794694,1.1612349
264.2708528133113,-13.633642653281228,12.691878,2.405631
264.3158124419768,-13.596883983274072,12.27086,1.2746258
264.2967559940342,-13.56143480208175,12.9663105,1.0043774
264.33212285237516,-13.383978636283043,12.423925,1.8408117
264.2526384948852,-13.374928669590064,11.246052,1.8249645
265.0884995771687,-13.71421268408032,12.536581,1.8346643
265.02520299929034,-13.639281387669621,12.134179,0.9424238
265.314838256572,-13.537413625075539,12.577948,1.652276
265.2250284849661,-13.539900049729715,12.851841,3.944501
265.1338472465106,-13.498293667186267,12.98865,1.1457062
265.1633031393153,-13.427472676217711,11.834673,2.3511887
264.99589996895935,-13.46103132293668,12.972516,1.546483
264.94613987165076,-13.407939950364097,11.6481905,3.1388645
265.09048918867154,-13.311806981895534,10.019159,0.8036461
265.4249802551267,-13.502400461137453,12.470791,1.1206455
265.45648039355495,-13.292480423221598,12.511317,2.1852646
265.1744531242846,-13.278955204541726,10.69688,0.8668814
264.5939859099908,-13.066160327192978,10.630895,2.5250902
264.7336032152588,-13.066127377333299,9.834727,0.7732868
265.06882310603896,-13.177170885919772,12.634984,0.7530756
263.74462230465116,-13.658766870316963,11.959815,1.7444468
263.7028456275336,-13.629768685080375,9.502546,1.5611897
263.770109401008,-13.569985692110238,12.906406,2.194664
264.337988530278,-13.26928443137142,11.897591,1.1595554
264.2902821823908,-13.250135003717537,12.055208,2.480029
264.0689268412101,-13.034639698801245,11.626159,0.9555149
263.498881570582,-13.233734623650315,11.772215,2.5742483
263.19263869729633,-13.103634222731996,11.939391,1.7108192
263.85329214671447,-13.052830370811996,12.368301,1.2223282
263.36220834303055,-12.917291204573479,12.718898,1.9929066
264.7056174729877,-12.889603805102208,12.104241,1.9684496
264.6944486139466,-12.767485022833531,12.961786,1.6519041
265.0534237221996,-12.625965847623647,12.419263,1.3311625
264.81206705999017,-12.584775076649251,11.959172,3.7552996
264.5326343412551,-12.716242985268078,12.566977,2.7773085
264.3109234263684,-12.579072210686212,11.416858,4.3516893
264.5159314804245,-12.15534153848952,12.935804,4.4777174
265.92109045624346,-13.068929528060703,12.757361,0.99402523
265.7391345834253,-13.116681498843885,12.399772,2.5611153
266.0741260635176,-12.894896266176248,12.934802,3.2673864
265.82405061247056,-12.88637120150673,12.850155,2.778142
265.7069329292589,-12.849535714124752,12.142075,2.2456064
265.9952845484158,-12.803904618296727,10.997384,1.0033808
265.860815763151,-12.628134722847712,12.058264,1.7091599
266.01858999853863,-12.448324755956012,12.359716,2.2823553
265.45980178077616,-12.854084384117524,12.488292,1.7441273
265.33473238038584,-12.764423835609115,12.295892,1.3327627
265.4330040076288,-12.713555578735452,11.888804,2.342
265.68151612987174,-12.69758935047906,12.075142,0.73501015
265.71908944342806,-12.661218149037488,12.802159,1.7853765
265.4655251351945,-12.618995933367563,12.864771,0.90021324
265.49766269847913,-12.522505287870567,10.712184,1.6798267
265.347702295779,-12.423975070352675,12.8344555,1.2179289
266.0645184245844,-12.336607053303513,12.102118,1.7994747
265.92973482239734,-12.28087858728679,11.675901,1.1611481
266.561116684452,-12.555719970562206,11.564691,2.7390804
266.41693896400955,-12.182653296381691,11.567832,1.8479538
266.861702933821,-12.253347223319258,12.095621,1.9817886
266.6693372669172,-12.022751634688015,12.718741,1.2149553
266.13025336346715,-12.172624771879285,12.310123,4.325219
265.90598259545317,-11.959403072918876,12.764623,1.902667
266.08246193104657,-11.796406049319645,10.660882,1.8899727
266.71759273624156,-11.736290905968325,12.533412,1.5662298
266.5980693430062,-11.748993990373773,11.686728,2.114667
266.4500251331398,-11.492337169012064,12.426693,2.565649
265.21844593750797,-12.496475752057291,12.809912,2.019414
265.2649187509646,-12.238260647646554,11.839891,0.94311714
265.030620076228,-12.084870368298331,10.596013,0.8221741
264.65077296067864,-12.260801815117057,9.961493,2.0861454
265.0095649277415,-12.038027828503186,12.683253,1.8894358
264.8563302678131,-12.056275498760195,12.669149,1.7271194
265.1645545810858,-11.656635002062496,12.086695,1.9619293
264.91854042035936,-11.71112500337354,12.6367655,1.3424311
264.7795348687188,-11.758496023885131,11.764662,1.1876488
264.7936103969433,-11.713773492938557,12.7181835,1.8936672
265.0702499711343,-11.67635917418762,12.178655,2.2714767
266.23538367322504,-11.621708402372743,12.827757,2.359146
266.0467237438966,-11.552208649936826,12.716842,2.68264
265.88351542936084,-11.40941228687366,12.783868,2.540246
266.14840913716876,-11.127227111752383,12.858428,1.4366341
265.4676216379697,-11.619989189809795,12.850018,4.128912
265.4052800329011,-11.664075002587968,12.856851,2.0706625
265.2592261811575,-11.563142063714155,12.759402,1.997241
265.42061634440347,-11.513633531578721,12.911148,4.204115
265.2770066951299,-11.50238554361181,12.757037,1.3635607
265.2268249579132,-11.502909678235469,11.371877,1.8516817
265.3924577578624,-11.421443420166936,11.706855,1.0440531
265.82144341956104,-11.085073155560996,11.770452,2.3094406
265.9305666367682,-11.067203890674367,12.089436,2.0159864
262.98957746396627,-12.988250096196568,12.593816,1.169816
262.87657047095934,-12.89250990243223,12.957829,1.2989197
263.24825628065673,-12.774142411514095,12.6196,1.1999035
262.66837251037873,-12.560547762004196,11.921475,2.8683615
262.55472838733124,-12.458859862393133,11.548549,1.5778818
262.9035510957257,-12.573430571081763,12.983927,2.3320694
263.2888021329592,-12.319274293813436,12.978205,0.86188316
262.9629403616829,-12.16313000847138,12.935953,1.9999619
262.9275378719401,-12.06656572667144,12.098127,2.190959
263.6720719775133,-12.274029627847163,12.076036,1.7280226
263.71958724464236,-12.06824280622866,11.987834,0.74547195
263.71217247739827,-12.075464436704209,12.977288,1.1845179
263.99742797379275,-12.294591556052595,11.727609,2.014288
264.0421399335585,-12.086487409330903,12.8136015,1.8960152
264.1456415840819,-11.874829532685228,11.852986,2.072383
264.02655245266476,-11.824990084819003,12.996501,3.5045853
263.12398346669534,-11.949078981464906,12.307901,0.97300243
263.24828953798396,-11.800474349967667,12.50524,2.5057993
263.794041292618,-11.709587670412823,12.388189,1.2630434
263.64737068916986,-11.66417805060134,12.450734,1.8922338
262.1250141009686,-11.910447722890334,12.940067,3.0167646
261.7821609446396,-11.922463809087343,12.419111,4.8781614
261.65526211982393,-11.951773706428142,10.928334,2.2620668
262.19576292760536,-11.890333307364505,12.480206,3.019184
262.39595357667787,-11.620257689776093,11.861742,1.2806063
262.3457303980075,-11.569448098734007,10.911688,1.7369928
262.9837966532864,-11.868861961339437,11.769553,1.3318844
262.7568961573011,-11.769320034398733,9.83231,0.8107958
263.33111874232037,-11.62398213142861,11.734368,2.685196
263.5140936167112,-11.339507310961723,11.37467,2.153079
263.0833438589011,-11.499538303881888,12.135118,3.7226353
263.1288579020635,-11.420468034144568,12.982946,2.2359743
263.24432219427496,-11.223090408475038,11.199033,1.7742758
263.01434302443806,-11.335253594469375,11.844946,1.9618034
263.2401455956626,-11.13425126701863,10.828455,1.2033005
263.1624267945596,-11.025109620425738,12.609521,1.4889088
262.8101609330377,-11.117792406920968,12.985141,2.3181381
262.9931100112161,-11.050803424768143,11.609632,1.0875845
263.0450445493361,-10.995707120740256,11.979849,3.3156853
262.9143968311649,-10.90751766809554,12.385699,2.0916967
262.96990739538893,-10.875618692183602,12.733687,1.7660723
264.39093446722984,-11.904308813323947,12.101048,2.5689316
264.28763766888375,-11.57999580755258,12.640987,2.2342186
264.81557114070256,-11.499354629213345,12.938732,3.5521793
264.91983087066063,-11.329053377471046,12.631432,1.2891579
264.0025540709581,-11.59214670854605,12.927449,2.1677828
264.164894866882,-11.56278424419808,12.502862,1.6705427
264.0733623979379,-11.542757663138172,12.20303,1.9601927
264.3176507596152,-11.455006640619137,11.823717,1.86724
264.0504260920184,-11.155162619960203,11.070198,3.3349695
264.37901911501933,-11.217609478147448,12.285648,2.7908792
264.32421082335173,-11.217282425792822,12.942625,1.8002205
264.1927849711362,-11.221173700386116,12.339971,2.1963491
264.34173020789643,-11.13751769420604,11.111189,0.98497677
264.3575704562294,-10.906546252826683,11.348355,2.279745
265.13520706798323,-11.240845303702908,12.696468,2.8377495
265.05812486345286,-11.107175691894344,12.96724,1.9666672
265.4507385461951,-10.690406117632838,11.438636,2.275113
264.7323495525304,-11.008132169508139,12.977406,2.8576775
264.85181561902095,-10.88844436109976,12.778626,1.457799
264.43662534946657,-10.845543362877377,11.22914,3.685072
264.8237529519974,-10.71798873493573,12.691982,2.1232042
264.83050328694094,-10.642866129978483,12.918792,1.7308197
265.21905364784885,-10.53040279645659,12.088214,3.1218042
265.1180014758515,-10.507750305236023,12.979119,2.069521
265.05703937638594,-10.515591890920874,12.193442,2.039238
263.8023346366985,-11.14907631114231,11.690427,1.1610918
263.61565670681273,-10.986843888446968,12.488396,2.245019
263.66198736643065,-10.943642467455124,9.938934,3.5250168
264.04652596707285,-10.94491308836164,12.943762,1.3559103
264.01733515296024,-10.868646006356819,12.970378,2.29463
263.51206053006047,-10.928270118594213,12.660442,1.5939674
263.9915058319328,-10.522599975437311,12.651898,2.382782
263.7854898515827,-10.459879915169841,12.700943,2.3563213
263.5437542332457,-10.600507925096316,12.639091,1.9780598
263.55644437376367,-10.513863027965861,12.625214,1.21492
264.79648789392513,-10.415382415937913,12.941009,1.8656492
264.5693747052488,-10.317574197177784,12.725713,2.4470406
264.6607936654374,-10.1306547049632,12.902095,2.37953
264.6317155625537,-10.067786524309312,12.451118,2.7338543
264.08556338185974,-9.906859204757005,12.100616,4.174221
267.22618007739646,-11.721380893405982,12.8021,3.1793633
266.96059474032853,-11.66747754088174,11.449742,2.1098948
267.18078613140324,-11.587746057967399,12.64849,2.3339567
267.2397749726536,-11.536070259912702,12.756679,1.354783
267.3540283035029,-11.05161863330613,11.0787115,2.0589733
267.77963742427744,-10.8026154400203,10.116281,3.3834286
267.35894760796225,-10.773996373569963,9.548683,0.93521214
267.9605264528536,-10.267074866543235,12.021473,3.0620975
266.5918740705453,-11.027645483849536,10.799913,3.1326818
267.04896036791996,-10.857628684264704,12.126175,2.588934
266.27516149837527,-10.774670187559432,12.912882,3.876834
266.10964250467396,-10.793651385377574,10.201095,2.01727
266.3142556138431,-10.560846173039817,12.727995,4.4137306
266.45314195093215,-10.322773184578164,11.815659,2.6425304
267.59881948303143,-10.422589272231942,12.85906,3.5155363
267.36745785251986,-10.126381692215306,12.422041,1.5917797
266.8259410141048,-10.017086622247254,11.830235,1.1408663
267.417075790721,-9.88576481039812,12.284585,2.1315918
267.0811928614649,-9.88118699115748,11.533396,1.2638474
267.19594105789537,-9.854206424404008,12.449728,2.159996
268.9547535319816,-10.335560356313398,10.331933,3.8967657
269.12850890059605,-10.243163691483737,11.946782,2.3691883
264.5452999114625,-14.261401639887293,12.200166,1.9270697
264.59896111625966,-14.103821534445743,6.646079,2.4227042
264.5297897759241,-14.035854795376535,11.891693,1.898221
264.14585118559086,-14.15524042000328,12.749189,0.9549837
264.07312923322553,-14.177959860208757,12.576963,2.169837
264.3927295745761,-14.15270805511131,12.5839615,1.7164011
264.3500952259056,-14.074868106536243,12.820567,2.05892
264.35732969824795,-13.96931783368856,12.884275,1.6185703
264.73420835277614,-14.079601920813017,10.482777,0.5939722
264.67202000683216,-14.000829489400877,12.978128,2.362959
264.59524034770595,-14.016395228980372,12.16562,3.1274357
264.6929478084684,-13.937771497459376,12.029734,2.2290478
264.92808921022964,-13.971245852956462,10.797051,0.38452816
264.70845385247753,-13.81203310545926,12.709458,3.053362
264.6790238547316,-13.750358395221665,12.945617,2.680253
264.7434618902476,-13.574547762324753,12.745868,0.6441355
264.17099068474636,-14.00421085718289,12.297582,2.0359974
264.0063629561394,-13.970549607605628,8.2644615,1.541234
263.7430650378999,-13.829582513484047,11.953097,1.7856512
263.9577215000583,-13.743854888252283,12.480235,0.86593246
264.4710366766614,-13.672738862098292,12.82005,1.5674133
264.5656214291308,-13.675256366147957,12.632379,1.994441
264.47257418091925,-13.42119302151405,10.624637,2.9762945
265.06057828455425,-13.826984402765344,12.831778,1.5638714
265.0253082324538,-13.625655801288426,11.697354,0.44371605
265.09728382802217,-13.56809765317933,12.631502,2.320448
265.2546989180555,-13.423960031972856,11.745658,3.1364756
265.227307320844,-13.416715377189398,11.622457,1.7117996
265.6328160468945,-13.294612112587894,9.767251,0.8301439
264.82524288144907,-13.387417763176924,12.998846,2.5276814
264.6766999637842,-13.393870794111308,12.764063,2.2584496
264.7715330365322,-13.333346440328038,12.38699,1.9511814
264.68930036211907,-13.297230199990773,12.6061325,1.7194214
264.83831262800174,-13.204037443304951,10.854539,6.8192825
264.5088543317207,-13.183327449589061,12.960521,1.1005821
264.6469079086896,-13.051738797428744,12.027255,2.3921385
264.9968324185279,-13.081549688384136,12.922515,2.409481
265.40281996558144,-12.9275359203631,10.557566,0.58313656
264.7624973728066,-12.95631955978873,12.453054,1.6873083
265.1620368175232,-12.792236279137049,12.384616,1.1027136
263.6799897645,-13.591983112017038,9.804873,2.2220612
263.52663263043155,-13.635669907174227,12.94668,2.5852728
264.14588563530947,-13.265911356398856,11.077143,0.8595743
263.2221139174725,-13.463815341794257,11.93014,1.2308712
263.22842373395,-13.377722323140665,12.978292,2.094636
263.65358427156195,-13.154307343701538,12.478035,1.2341814
263.6843970695388,-13.124428189822396,12.986638,1.7196875
263.53268475943196,-12.973003034436694,11.036156,1.6659222
263.6069373740022,-12.911595200811725,11.672064,2.0599966
263.60235785882907,-12.807480841133579,12.807783,2.0415468
264.4364043029619,-13.072239970027637,12.724205,1.1013422
264.3906721986008,-13.024585989717496,11.981954,4.247957
264.7002121227437,-12.883259739100021,12.932608,0.92260265
264.81001951845235,-12.784579840898918,12.69324,1.0696602
264.6626695229282,-12.799003854853005,12.374375,2.4587908
264.5070811714269,-12.74181180955432,12.96825,1.2935667
264.7762580676815,-12.5222322272633,12.667027,1.1171961
264.17218265310294,-12.543856709882768,12.919949,1.5123167
263.94083102358326,-12.59513901743668,12.788026,1.9348793
264.18300835574263,-12.429597458664945,12.403037,1.3500013
264.1316218585448,-12.313832242065068,11.281987,1.1604595
265.78453208287345,-13.147822143165405,12.61796,2.4842176
265.6911304818679,-13.151617043272356,12.650332,2.5123634
265.725328579849,-13.04863763878344,9.543103,2.221736
265.6710044914228,-13.064366140283278,12.578157,2.0410318
265.4876068343299,-12.924991012758847,12.872308,2.556838
266.11323735854626,-12.851554170057236,12.261486,1.8546419
266.0465142564339,-12.824704930291867,12.373877,3.1378813
266.1017229578141,-12.700417503281763,12.610165,2.6096506
266.10642375709773,-12.525055212427645,12.670457,3.643506
265.4524048194384,-12.823211897459768,12.442784,1.0457735
265.3665939800497,-12.715856629100594,11.887687,2.8422213
265.3020538821794,-12.695718872392222,12.91383,3.7382536
265.46773967640166,-12.516796061906659,12.815534,1.1420441
265.778302319152,-12.500550575797433,11.516631,1.7429304
266.02446212633953,-12.364217617321033,10.782267,2.5042572
265.88001063308167,-12.33585111715696,12.852314,4.647312
265.96014934639356,-12.214691523991087,11.786802,1.8994732
266.6650607834958,-12.468813867054852,11.017443,2.6250944
266.40818384548385,-12.159174247803104,10.703145,0.7775736
267.11343442639514,-12.00265219374688,12.115455,2.0078325
265.98201557062737,-12.092823295801784,12.697295,1.9708519
266.0089607350157,-11.97314168884526,12.8400545,2.1278868
265.98303510019554,-11.8677744252747,11.870971,1.1651306
264.97372253555903,-12.440859865280702,12.209641,1.9018116
265.3491710887596,-12.379355901742127,12.27335,1.2532396
265.16359465028916,-12.320067239411646,12.966714,2.6297722
264.9426672706792,-12.323238265174247,12.048547,1.6895542
265.09417112678324,-12.040841284542813,12.248891,1.9367971
265.1554817191884,-11.986442771267987,12.285601,1.3859425
265.2004854388397,-11.958880211441816,11.766791,1.8223486
265.3802445451203,-11.941804261838172,12.29693,3.809166
264.8934141826221,-12.053646066676965,12.513317,1.268713
265.06115211501,-11.563818299121813,12.860486,1.397584
265.8842313587492,-11.818190730884126,12.978843,1.0430126
265.884764356444,-11.688317054840361,11.256489,1.2022209
265.8681874827756,-11.660440990649542,11.279209,2.1316319
266.162113914438,-11.467498518125126,12.783033,1.5324211
266.2020149006228,-11.307747672701556,10.2513075,0.99770546
265.3918448195851,-11.568425413461076,11.130425,1.8981104
265.1546561627308,-11.381215681392169,12.111852,2.2787495
262.9701156585721,-13.212296055243655,12.903543,2.0371656
263.1221846674981,-13.010659179623527,11.695474,1.8812113
262.7594866383504,-12.887835054520787,12.473756,2.9006433
262.99140053170726,-12.884173312176419,12.198932,1.8540745
262.98558967095175,-12.814410475749582,12.859408,1.9971313
262.9961391147959,-12.708040612105021,11.338288,0.74049664
263.3194938201388,-12.834071375825838,12.368903,1.2153978
263.1388367155726,-12.513208290603762,10.341563,0.90401745
263.4401192283842,-12.507344381015463,12.386584,1.2053547
262.7800081887578,-12.79727121328389,12.717387,1.2797441
262.27364430053774,-12.630847485332355,12.412618,1.3720074
262.427789288247,-12.615139502538144,10.869985,3.3269186
262.91488119548933,-12.508976145030136,12.8911295,2.3425064
263.8255741828101,-12.476728243710033,12.995876,2.00311
263.55650063685437,-12.3488240397908,12.105795,2.289174
263.71871250431076,-12.244057623177241,9.9841385,2.2415924
264.2274465453845,-12.132421040463504,11.875627,2.3790932
263.75572341488095,-12.059138430703198,11.866593,2.9598694
264.03753117770185,-12.0096105588675,8.924498,0.6135025
263.3740055879796,-12.279044074704217,12.866716,1.2699032
263.324034584351,-12.237697729355707,12.27558,5.5113735
263.7352825204673,-11.747661369663893,11.349256,2.534256
263.745495676328,-11.66559936367164,11.074558,1.7903681
263.81141293257184,-11.686904756331012,11.770925,4.0360374
262.38614377931214,-12.499193667220602,11.427411,2.1022558
262.3396100700786,-12.144587052026873,12.750706,2.6548176
262.487621915687,-11.99813072655702,12.350789,4.0586214
262.54516425703747,-11.833653278756234,12.008418,2.4240437
261.8258498730848,-12.225472371847127,11.230247,1.9274006
262.17997057019124,-11.965166055479589,11.663898,1.2330303
261.72646168773844,-12.047993719740932,12.281965,1.7154636
261.7628217314299,-12.035859847404234,12.799195,0.90009975
262.0505486146348,-11.83838798890001,11.806326,1.3776407
262.47686534009785,-11.822624135294475,11.460317,1.1711245
262.99429986718087,-11.827498355640861,12.840539,1.979867
263.06073890686264,-11.763969598043149,12.413386,1.9432888
263.05069558196993,-11.65426668685222,10.873245,3.5397444
263.1532929390632,-11.65457600766316,11.9903,1.8669882
262.82952547733066,-11.810559897385831,12.968015,1.6162367
262.9069188941378,-11.644336091536287,12.585209,2.6104822
263.2553158657094,-11.49116997207744,12.312329,1.8561316
263.07767297454467,-11.456861580273946,12.944517,2.293374
262.9960811341364,-11.349417310616705,12.316983,1.7246008
264.5074101594662,-11.737969142586634,11.955746,1.3067646
264.401276688537,-11.548514451949993,10.068052,1.4139175
264.2658269364896,-11.565209671818517,12.831937,2.1643944
264.9745754833111,-11.466268153144952,8.002077,0.47464514
265.0022416556767,-11.427812907816316,12.510423,2.1636333
264.76876289295325,-11.228427975503381,12.011016,1.2028084
264.0690906583756,-11.5404470521612,12.204234,1.817586
264.2630373685621,-11.216420963344833,11.444429,1.0527325
264.50747465127216,-10.99880722236653,12.407621,1.0522842
264.21050754263337,-11.117810964324608,12.8034725,1.8262415
264.3923908398333,-10.992747365445558,11.748816,2.7942238
264.52105430905965,-10.976570809945779,12.679749,1.9277163
264.93875135835367,-11.157623233307545,12.502761,4.0250025
265.5137846724867,-10.937629021457992,12.4524355,2.1560555
265.3172230885268,-10.992605905160431,11.910217,1.2732687
265.7288947620131,-10.795289935468096,9.05089,0.8458185
265.36081057551564,-10.548755599256907,12.087708,2.215783
265.2209355608026,-10.497069258388613,12.591852,1.987257
264.9119608150133,-10.509916854993707,10.431077,2.0892906
265.10899188121897,-10.356468677679924,12.453283,1.386076
263.6822413304426,-11.252830031021425,9.680059,0.7643118
263.97328973310294,-11.145703294309335,12.993957,1.9238443
263.61279218350234,-11.101216576644747,11.903078,1.4113092
263.6103193107068,-10.940413945435585,12.252863,2.289772
263.9841374979756,-10.591286462096686,9.668612,2.8165522
263.27640972454014,-10.627198133193748,11.191475,1.9515963
264.3954075573827,-10.389962604536818,10.643889,2.0287876
264.97733798481846,-10.249758275625368,11.304181,1.4513645
264.60284428032804,-10.248417941759488,12.397085,1.5913429
264.6816651555698,-10.177496788375263,12.911524,1.5932131
264.70079622478914,-10.101615773209826,12.443101,1.0680199
264.630688303607,-10.01589789928457,12.96533,2.9025164
264.1925935930567,-10.267612640397836,12.358598,2.5521593
264.5167934327197,-9.8160313194186,12.884586,2.1334324
264.18469762234076,-9.928232028794481,12.439824,3.885396
264.18499370837617,-9.874225836239923,11.953218,2.9303894
267.1388993116783,-11.737394124695335,12.914756,1.4875841
266.97389222833175,-11.72722562238199,12.941683,2.1264944
266.9894195501013,-11.611460879315175,12.823079,2.796259
267.2318750643432,-11.52084323091396,12.848524,2.2364311
267.4611708974365,-11.475075064616988,12.771614,2.4165535
266.71150854690546,-11.590323026570436,12.749996,2.6502466
267.6081052403584,-11.117198573613186,12.369411,5.5529118
268.2649621562111,-10.899700305435923,5.842493,1.298099
267.7676431047257,-10.827616260206472,11.883196,3.011629
267.9493323963929,-10.351313065702634,10.8727255,4.087225
266.4526415600909,-11.374600784283892,12.6881695,3.0405035
266.983696186807,-10.716772929669562,12.577971,2.5775433
266.31807866149677,-10.893330444060993,12.026849,2.096695
265.9895538690033,-10.650219162636807,11.426138,2.2134752
266.08669808047415,-10.54630680263331,12.851436,4.023451
266.38272365948984,-10.64530966161821,12.611514,2.3119879
266.6280333661869,-10.492870163007561,12.223158,1.4428148
266.40149482880815,-10.349781486777033,12.896487,2.413989
267.256282624981,-10.736373857461478,12.810759,2.9757948
267.54758808008705,-10.462870906494711,12.125031,2.9415445
266.9434609209516,-10.337410293228222,10.817661,1.6689548
266.6812451063528,-10.241280405535278,12.363923,3.6215878
267.32902013062017,-9.953387680040368,11.881644,1.2392988
266.9287135796998,-9.879220836751047,11.463337,2.645094
268.70893935633836,-10.702903978641624,11.740816,2.825389
268.2750721383268,-10.12124492377105,12.736779,4.72283
268.53127348836193,-9.997813180269182,12.625054,1.5354013
269.18257263680755,-9.725264134885032,12.818241,2.2462368
269.75659946779956,-9.77415085090108,3.0769866,1.2523377
269.7254624814767,-9.64284958566743,12.454909,4.2137136
269.80644346868826,-9.481576703927429,11.518583,1.1247997
268.8729362237112,-9.828280917582175,12.770808,2.4639044
268.9018060197053,-9.783355348587852,10.201553,2.2230196
264.4474061613765,-14.273123615035717,12.347236,1.7236938
264.6466552865312,-14.126330846578352,12.653311,1.6324482
264.45020054296805,-14.163185974902335,12.0172825,2.2704878
264.1136248204749,-14.223445584702553,12.394914,1.0577545
264.24161122510606,-13.988796629034683,12.802253,1.9832859
265.03053828131215,-13.836395254659472,11.300708,4.640375
264.6055550897757,-13.962856637228334,12.075057,1.4431181
264.68946869964685,-13.874064463874424,12.802293,1.6005545
264.791801146936,-13.777970381072471,12.419147,2.1041822
264.7792223469256,-13.721520530321772,11.852924,1.4716806
264.3415711681445,-13.890912084627823,12.34504,1.0152445
264.3228334655346,-13.86220751509837,12.304064,0.822628
264.25591749389224,-13.820552176449215,12.4856825,1.5431976
264.1534317246112,-13.842393926332134,9.213252,1.5344706
264.0562375128805,-13.838649147143315,12.572406,2.8192444
264.2095615614127,-13.76923363114472,12.171631,1.5004959
263.86748851475966,-13.994966632443967,9.826012,0.34175396
264.5526982531273,-13.690254121999015,12.558604,2.6447287
264.4862698419726,-13.609879201663112,12.506749,2.711276
264.20849186931486,-13.458342365252687,12.679088,1.679328
265.0904503893965,-13.688312030213481,12.637874,1.4617662
265.0619554809124,-13.433078124838694,11.078089,2.3520346
265.0904722992223,-13.311500601782948,10.221581,0.7979021
265.4731790615773,-13.405603591130227,12.05869,1.0283985
265.4825996544932,-13.351863602734252,12.863542,3.4409266
265.5830351669776,-13.222439694871747,11.115346,1.8682146
265.31777387926894,-13.223091744571464,12.746088,1.6136789
265.16601933669654,-13.279113364965049,12.30635,2.627389
264.38592182750546,-13.241043669954012,10.766861,1.6684885
264.73886004259873,-13.206813695633285,12.575915,1.0934162
264.75507269079384,-13.182759149278944,12.075465,1.0859241
265.14547551738644,-12.884506338173043,12.331864,1.9647789
265.2887248412616,-12.834477204610016,12.857453,1.9450035
264.8221630933291,-12.971858966225192,12.093155,1.8760347
265.04465180473517,-12.819612557098985,12.330753,2.1774368
263.8708501909554,-13.576063186239223,12.57597,1.1402445
264.2499374820678,-13.224607767092603,12.951157,0.61941147
264.17530922816456,-13.235665736356912,12.847618,1.1869907
264.13297601191897,-13.235056022549868,12.175612,1.1130037
263.740513543664,-13.203739679141506,12.811605,0.94663525
263.046182764136,-13.198164732132877,12.944316,2.233469
263.75714302853123,-13.088653327764899,11.997714,1.8154497
263.57983254760046,-13.143984080907995,11.781566,1.6778173
263.6335195594331,-13.098454453123027,12.850798,1.3537502
263.5497732689064,-13.107366095703028,12.784005,1.9675684
263.8085013712392,-12.758923501733518,12.516263,2.4032297
264.55541966073116,-13.088665890589882,11.478866,0.9361057
264.58675864654725,-13.057754318844529,9.652599,0.7314205
264.5412296194114,-12.844690792147134,11.799791,1.093524
264.65476378647617,-12.783528890884671,12.9346075,5.125663
264.9193844353569,-12.650452041243454,12.61535,2.3802366
264.9302575423916,-12.508482803556246,12.597615,3.1712008
264.49716455150514,-12.661470685927306,11.157905,1.112298
265.6646507204292,-13.10435406158586,10.317293,1.50352
265.89842498725164,-12.84970592900085,11.61611,1.1068745
265.87169938446795,-12.741258142934752,12.706356,2.0491352
265.7427863629567,-12.723264708197974,12.260525,1.7547445
266.0550562191181,-12.512401604068819,11.45151,1.1206112
266.08513024603104,-12.447703548883998,11.956538,1.1656389
265.53544250232744,-12.804288105749412,11.245022,0.56771374
265.4060721932972,-12.62145351223447,12.474866,1.7768593
265.18833787549136,-12.558285902280929,12.978783,2.2029457
265.7880267821204,-12.628844982583097,12.960472,1.7615023
266.0161020172762,-12.286059376664364,12.379098,5.170109
265.8532796173367,-12.08740688372015,12.180526,1.3006229
266.51906510503625,-12.33910396761492,12.419186,1.7561903
266.2780101237806,-12.338655204302075,12.667431,2.070364
266.81763976177314,-12.189460656880755,12.298892,3.3693628
267.0464245591563,-12.032009817629378,12.952558,2.5808496
266.2441086235821,-12.168735073435633,12.949675,1.8212366
266.27458133819675,-12.09611932870172,12.466174,1.9977093
266.09496600323774,-12.019198415773184,9.798136,0.7830219
266.54971626469376,-11.718383983999818,12.106325,1.5757036
265.3188165741071,-12.23847413888183,11.658904,1.9707689
265.14748583336797,-12.12760989796728,11.127704,2.0283804
265.42765408144686,-12.089757166874621,12.6182165,1.7729654
264.9666039861239,-11.944149078971957,12.38401,3.745861
264.5855687992456,-11.95067125388793,11.853107,2.530077
264.72991323869115,-11.86031120105572,12.942981,2.6313372
265.25730586121966,-11.851796955953304,10.915624,1.8378353
265.2190762245474,-11.747104630463243,12.879059,1.9767723
265.98319663173874,-11.84155685768421,11.660414,2.1930485
265.5239375719079,-11.689434028161465,12.997361,2.1163502
265.6827588140192,-11.621337842353677,12.723487,1.5669937
265.65636253577344,-11.558934117286716,11.340746,2.4131937
266.1417185721258,-11.66903970085801,11.737456,2.037202
266.19932810403395,-11.620966699772547,11.867757,4.654091
265.92074075236235,-11.378238828439988,12.058768,2.0324554
265.98350927854136,-11.309251807901736,12.273839,2.2175827
265.4243977559081,-11.54504819063787,12.504239,1.3189459
265.83537657970953,-11.191779810945237,12.716668,1.422615
265.9098566204136,-11.104662923448293,12.739049,2.0530863
265.58543270319507,-11.074767229399638,12.917834,1.4208097
262.6290814227726,-12.533945773071864,12.840551,1.7876234
262.6707775962327,-12.381484417798402,11.788345,2.9022894
262.91633538716604,-12.584300685344711,11.038239,2.2294388
262.9539861386041,-12.540690499237934,12.680845,1.325697
262.9925181164482,-12.46620448190439,11.904897,1.9637175
262.94095199293093,-12.469826916417702,11.548505,2.1835947
262.97500904203457,-12.40014643549965,12.958364,1.3701782
263.1516261675538,-12.351675999362437,12.437398,1.921442
262.7444424440633,-12.35659715278548,12.685613,2.4826355
263.038482050802,-12.17080266511281,10.006611,0.8122511
263.38096950332357,-12.28453152589848,11.412145,1.4235458
264.2384847172995,-11.926624464872699,12.383474,4.204982
263.7313262431819,-12.06876813747998,11.509602,1.800828
263.40767306180584,-12.022930707968595,12.785049,1.2027359
263.4315550115703,-11.877668315345472,12.876271,1.8206043
263.37489018251796,-11.799020450014142,9.555639,1.737319
262.1992724921657,-12.396409446823766,12.613829,1.5763788
262.3115349917034,-12.272717244171,12.862804,1.6453924
261.8743505883703,-12.110530318886944,12.653621,1.1937742
261.9645298418376,-11.813418397093125,12.959137,1.3169794
262.384307806286,-11.667588603020432,12.959824,1.1364498
262.3847957404403,-11.663761270776927,11.8637905,2.7167912
262.1246537848467,-11.784520368745282,12.786438,1.7825689
263.20349864479374,-11.745107800518193,11.127247,3.348796
263.1100897678115,-11.607196921224336,12.666853,2.224657
262.7869506888866,-11.715139322765866,12.621407,2.0794659
262.8188656019761,-11.57086186856115,12.31283,1.982295
263.38089354624,-11.238516451346435,11.674784,2.9200401
262.6216060937746,-11.387432310989581,12.9910555,3.0126
262.7761948184891,-11.101207594793697,11.309157,1.6018238
262.87395967961396,-10.919436952002147,12.304517,1.8365116
264.70745685103947,-11.423999481006005,12.98592,2.142107
264.5406110550583,-11.287016816934896,12.561412,1.2400885
264.65284651139496,-11.088377032916164,12.281791,1.3805962
264.1629518145668,-11.210573988545674,12.839924,2.9878244
264.44224258573104,-10.968089033223164,12.731585,1.951375
264.3245364193667,-10.894474815691353,10.613562,1.8390646
264.86422808373027,-11.202468545637695,12.164127,2.3429022
264.9781444887416,-10.67770243732772,11.955807,2.0124626
265.12443487869047,-10.519790551158366,12.894372,2.047985
263.85923784713674,-10.99749442648432,12.650216,1.9949799
263.5024443723788,-11.160266610697027,11.701004,2.735816
263.9855345581354,-11.001522508280999,12.914155,1.5222731
263.86320064930027,-10.882883779977274,11.686852,2.0987349
264.01556669841386,-10.795283666106382,11.782953,1.9208946
263.4972153002043,-10.782784287674732,11.084013,2.4881124
263.1843987781169,-10.676262913341073,12.693855,1.807579
263.8941565798284,-10.472300753812245,12.871314,1.5691681
263.55840028084805,-10.450782814335096,12.526615,2.342372
263.65601685097846,-10.329003829913603,12.833627,4.056241
264.15779178756065,-10.516925615950004,12.873989,1.4571381
264.62957828394354,-10.04877250912069,12.842415,2.4789267
264.21631883787046,-10.301976099311217,12.803146,2.103733
267.40426239385766,-11.645734343637931,11.7388,1.5061779
266.98902307217026,-11.478493670999105,12.57598,1.7453012
266.5235792674828,-11.441055834817472,12.80532,2.8563366
267.8851804999196,-11.15584835210553,10.379496,2.8288689
268.16901034957954,-11.04203187378992,12.358746,1.5410175
268.3450818127857,-10.76884540189723,11.801271,1.569457
267.4286947124645,-10.935358240307142,12.536935,1.374795
267.9019970195709,-10.628198375356913,12.84069,1.6615562
266.9463371905335,-10.609304057583838,10.371905,1.1472731
266.1957110996611,-10.816923090094484,11.921418,2.070571
266.660615628605,-10.455330537186052,12.791003,2.3954792
266.6984628142686,-10.455912186061108,11.443343,1.085495
266.16131584707944,-10.49189311934243,11.884827,1.3438826
267.4622829675704,-10.424683168115177,12.565409,2.544588
267.6138392746529,-10.046664115290717,11.909164,1.4947615
266.82703299575627,-10.425950896325569,12.517827,2.255663
267.03446237753525,-10.232769883794282,10.884873,2.2425842
267.23680528548005,-9.833500497700877,12.602245,4.1809177
268.7763287837707,-10.462079326032377,11.472502,1.4748001
268.21252567262417,-10.412197803847954,12.394754,4.279046
268.28501153426544,-10.367265425032963,12.423104,3.5660286
268.23638130261395,-10.19124951087981,12.95583,2.7016897
268.8261468511841,-9.82121608711093,10.910452,2.8661118
269.61884010978775,-9.545116171340085,10.642866,1.0138273
268.84479666387915,-9.807417864656122,12.360633,3.6360435
269.11722138090266,-9.611837139897457,9.896174,0.8732586
269.3765638347381,-9.294217756908798,11.79723,2.5068274
269.34962818442284,-9.228010223377687,12.631018,1.4160261
267.8005589900448,-9.997846211528518,12.541998,3.4553204
267.7775867182076,-9.762154338893577,12.988535,2.0926247
268.17533900560693,-9.693928551959084,11.670877,1.4630651
267.725822802988,-9.65324017537128,11.156383,2.5904188
267.64203285430455,-9.609306792230328,12.788398,2.023673
267.5942422136937,-9.578292421987111,12.580811,1.857873
267.75541009355095,-9.509410708515079,12.838648,1.8349323
267.2508316588698,-9.602744657301416,12.708643,1.4719725
267.8703078752509,-9.523848531639347,12.523,0.88728905
267.7153140634353,-9.228476093052162,12.588953,1.3375711
268.82386183949507,-9.257971979457464,11.813809,2.108056
268.8864778645836,-9.015995280662526,10.608829,1.2796478
268.28004209884716,-9.166804627132182,12.8519,2.9688063
268.3540343219345,-9.02693932898759,12.748944,4.1452217
268.1355673447203,-8.992772259301418,12.144096,2.3910246
268.1066044783042,-8.961158338762482,11.529897,2.3985548
268.42825114817987,-8.55973376723381,12.758592,1.4256315
265.97190339673176,-10.429897702900197,11.344126,3.8314228
265.90076769237845,-10.426869241380682,12.218645,3.8566036
265.6430337658004,-10.546800908363451,10.70907,1.2653875
265.34079418532673,-10.279679812233905,9.350984,2.7792816
265.8253325678016,-9.93679339192837,11.702449,4.626321
265.4624079927188,-9.876407271215658,12.25886,1.4183607
266.8414881876159,-9.75414927467782,9.964345,1.1474342
266.84389435210943,-9.60838271467129,12.959867,2.3373327
265.93332142751035,-9.643111019067838,12.9935255,1.5006924
266.46418143260445,-9.32671081676839,10.974425,2.2772818
266.27613623414766,-9.32132598646818,11.057607,1.9131746
264.95552504815277,-9.985634755991548,12.722506,2.0251055
265.0469964591932,-9.839796256463753,12.550263,3.2033386
265.23185062774,-9.7643093977325,12.728901,1.940938
265.08293562578103,-9.596804404660421,12.62893,2.0275497
264.98552176050737,-9.492009071902878,12.574585,1.5253124
265.09527192969523,-9.082916601281394,12.007898,1.7120733
265.0041850505744,-9.063176665679368,12.274644,2.5898094
265.52999577901994,-9.28440483356385,11.442778,1.6007738
266.15455640523766,-8.774672572170106,8.668683,2.2010016
265.4141905355813,-9.151741697641917,12.759207,2.001831
265.6466260285713,-8.745016858768507,10.485067,2.0535488
264.4428791260718,-14.349761076917114,12.96479,1.6564264
264.4309451380109,-14.292915909930949,12.592993,2.1541643
264.352671349531,-14.335912833822041,12.941769,0.7472105
264.3166053889144,-14.305207323610828,12.920614,1.7660856
264.3466116232435,-14.28473189113369,12.72154,3.734601
264.50137962366114,-14.144285543238126,12.093896,2.7775316
264.7447658360628,-14.00086376805543,12.098527,1.6052065
264.91825724772457,-13.958946137767443,12.821683,1.3476009
264.79578712977684,-13.849476559982431,12.829397,2.1406422
264.15596863436764,-14.04902299889174,12.299634,3.6367369
264.13064724191435,-14.00107365321765,12.508052,1.0398197
263.9439913273613,-14.080600632715983,12.4694395,2.3697338
264.01061671478976,-13.987474348588623,12.720426,1.7611036
264.1640368565799,-13.97817774731692,11.870267,1.5570517
264.2370486955833,-13.781675384319438,11.666265,1.6690636
264.15900125402385,-13.744194068512103,12.408335,1.7681627
263.7225680174755,-13.853243006138939,9.522429,0.37763882
264.0974446804967,-13.68505144661346,11.015704,1.5084276
264.08181734659394,-13.650334059440759,12.039402,1.5062532
263.97954851134136,-13.63184429867176,12.745482,1.70961
264.2394077177648,-13.728202760142862,12.594657,2.1269789
264.6224081293937,-13.571998411054079,12.799756,1.4865685
264.4831941236669,-13.481307624988741,11.902725,0.9158106
264.53219640313023,-13.418406131460667,12.54219,1.9237232
265.2071515983348,-13.552224631185052,12.838,0.931859
265.0045715266301,-13.492505306951337,12.871549,1.6139154
265.14370148881073,-13.444683395051028,12.431381,1.6045027
265.54731447902077,-13.33895379438729,11.705798,1.9678307
265.51648484847425,-13.31067109336016,12.274016,1.7650528
265.18908323343,-13.344229140733738,12.83324,1.8469839
265.260321772591,-13.276866176840644,11.895459,1.5455904
265.382358496335,-13.072930516148572,12.390514,1.7230425
264.6172091472887,-13.443239035685158,12.300985,1.5783377
264.7028300899471,-13.39691359286073,12.19325,1.9883785
265.0407860535538,-13.217768455958806,11.590904,4.166875
264.7668639205739,-13.234870215504404,12.575544,2.1933355
264.8777185326064,-13.129723964127269,12.835929,2.4551554
264.47840731169225,-13.318931562575909,11.786449,0.98029613
265.16508677719276,-13.130444218507137,10.895419,0.91044617
265.15977000587986,-12.949837750556489,9.731112,0.707778
265.29142992310943,-12.850615113326613,12.731075,2.1238651
265.2137153559836,-12.829804314156414,12.763171,2.5218277
264.8792095770895,-13.02569758507878,12.6248865,1.8222485
263.7591416173565,-13.582162572538113,11.869107,0.9219055
263.7952857167454,-13.495353801581693,10.644205,1.6288548
263.4587062476443,-13.492617786823773,11.453997,0.9388819
264.2191595181146,-13.14774316951839,12.0738535,1.0529623
263.7954722688434,-13.202820260096082,12.782242,1.5569859
264.0482377127983,-13.031054439893703,12.816197,1.853673
264.0266600957303,-12.97319936910949,11.791388,1.60989
263.38706555103806,-13.41443328590386,11.9551325,4.302079
263.2299813668021,-13.41835156841612,11.657359,1.9045525
263.38564331722034,-13.190906507380232,12.106569,3.5779219
264.45687714647215,-13.035186055834172,12.425507,1.0336065
264.39874272814683,-13.037477244788825,12.428941,0.95972157
264.4175086685172,-12.801878942594106,12.756006,1.5050821
264.40105734990715,-12.77239705858311,11.477998,1.4008665
264.8035649934996,-12.695974820163794,12.142129,1.9560595
264.54126039181966,-12.447065802121916,12.7289095,1.3033571
264.5895025860961,-12.360420543160373,12.575173,1.9224472
264.45510085869046,-12.347127911491741,11.691988,1.3625278
264.37361661936274,-12.2369492654728,12.374838,1.4342155
265.68797041945857,-13.135051112920292,11.6187935,1.7762499
265.97231822994195,-13.058358424379453,12.893074,3.7166815
265.77334194313926,-12.756239878035498,12.944133,3.5994225
266.24876401774895,-12.710500335315862,12.024537,1.2073879
266.0946702359733,-12.513560011829918,12.792694,2.187852
265.4455900897733,-12.865352541337472,12.75269,2.3257008
265.5094636087799,-12.679369577746973,12.374819,3.4579191
265.56897081199503,-12.545426680924649,12.824593,1.8783989
265.2465757350397,-12.628402607150175,11.306175,0.9527569
265.28124492787344,-12.586094865670791,12.135933,4.9239798
265.4582455643218,-12.479712418147436,11.937441,2.3594599
265.88215927213605,-12.484723115884718,12.609956,2.3913307
266.00016626571994,-12.437560082649593,12.256726,3.4372873
265.8124691496886,-12.24821501273699,12.365632,2.3449144
265.89789158153064,-12.225744419905507,12.865393,1.4013033
266.53780135610117,-12.524540011964104,8.6388035,2.4632492
266.4518644558103,-12.463457861700721,11.490601,1.340972
266.3828601896397,-12.296397558673098,12.889078,2.0168
266.6424962031334,-12.182674200072134,11.6752405,1.3653469
266.76086155886946,-12.260219477751818,12.931252,3.3380527
266.7523695310643,-11.870866506223342,12.733505,3.8408508
266.60715119684613,-11.88286814435221,10.404062,1.433958
266.3852626025659,-11.63601845281137,12.778527,2.4245472
264.92074741309665,-12.482801131636913,11.579597,3.0860844
265.06862288432717,-12.44407579845687,10.575901,2.4797802
265.204497956663,-12.399989873869323,11.678805,2.4027624
265.1838457164802,-12.281057920396307,12.823719,1.3507414
265.4110353199405,-12.262312784979095,10.879914,2.0298147
265.48493934780635,-12.022526547014271,12.013472,2.385974
265.03329338348067,-12.029849099365297,12.043002,1.9101038
265.05450069984704,-11.956715409139512,12.637496,1.7636805
265.04418574568945,-11.499369465176827,10.218866,2.0053186
265.80560574495206,-11.866861255726837,12.8267145,2.2081528
265.62002145509393,-11.87314484791848,10.157889,2.1459608
265.90278887033406,-11.68188486708981,9.877865,1.3305378
265.61428515064534,-11.829878307869397,11.449247,2.1533594
265.68173241514666,-11.57088286232954,10.121372,2.0643463
265.227743768705,-11.534597922747697,9.478262,1.8447485
265.3583793618204,-11.470087940344103,10.96022,4.5924244
265.42534443952667,-11.21785576932411,10.186148,3.1677437
265.7520483436498,-11.19442202017155,11.763181,1.9308453
265.6897395341678,-11.117283573502352,11.179074,3.4636955
265.901435001352,-10.978354412676062,12.9144745,1.5192928
262.9428070426043,-13.127758995152654,12.676325,2.489747
262.9453630008126,-12.935131477071458,11.857845,0.89753246
262.7518713187306,-12.945970994789883,9.97645,2.007533
263.08165390583906,-12.76257124072342,12.750247,1.8829641
262.81123118267647,-12.773376046256972,12.5314045,2.4564285
263.28098371482264,-12.89931332185904,12.1929655,1.651803
263.4153405507066,-12.598249713358696,12.091175,1.8170481
263.3700879728821,-12.593538601740766,11.503641,1.762785
263.5259835339678,-12.54934246162325,12.397881,4.369632
263.13197158864796,-12.648742535769424,9.019478,1.741354
262.5789725333433,-12.710602049722262,12.391139,1.8498516
262.8374032480452,-12.677268596324025,12.670449,2.685505
263.03938199438267,-12.347949646213213,12.662385,1.2735033
263.7752925087648,-12.453391016094196,12.8044195,1.4389791
263.5616699586568,-12.31124857145465,11.410241,1.6161728
263.63550235253035,-12.079785555747875,12.142693,2.0479927
264.3095958410346,-12.030517674874638,12.746703,3.185915
264.0756339386689,-12.040468680272413,11.470038,2.7083807
263.67633455095574,-11.851334282029823,12.905481,1.9949923
262.3625986864502,-12.406708875382895,12.989488,3.1532583
262.1146493319469,-12.392651372743142,11.719004,2.361494
262.63317317878443,-12.151877861019615,11.895467,1.969451
262.76209469584074,-12.133713029636697,12.520483,2.0983353
262.93153703925884,-12.007978986307943,12.296476,2.2251472
262.4570312879773,-11.85916597726413,12.476791,3.5560122
261.94988771062924,-12.18667516623956,8.213941,0.5390887
261.9732186120973,-12.034961711598996,12.005213,2.9911652
262.27989577534555,-11.974683609739698,12.314567,1.9849634
262.3582435414552,-11.721081366140554,11.918117,1.8549433
262.22314531857756,-11.714096117560686,11.68155,1.1253328
261.9607691884461,-11.686163595730568,12.411541,2.02841
262.25475927510706,-11.686271330981729,12.999973,3.568574
263.0594811794132,-11.842239901297178,12.846489,2.9931908
263.2752933499263,-11.750424319329797,12.5955925,2.1093102
263.43333741952097,-11.554717651675679,11.755411,2.8868256
263.4928199459462,-11.467844756309983,11.885156,1.2796745
262.7607325691959,-11.581090610892403,11.801205,1.071908
262.50885404648074,-11.58493610189529,12.07932,1.9838076
262.6955083489701,-11.368988658969313,9.301075,1.2028866
262.47953985190316,-11.288918388612531,12.850071,1.8064051
262.8742752718107,-11.160661585150596,12.840932,1.676754
264.27523498671036,-11.665179727438701,10.538234,2.436183
264.3060686747826,-11.538384299275853,12.860158,2.4199114
264.86116481996606,-11.312116986593571,12.808639,1.3239698
264.5203971965094,-11.456162510245962,11.810941,2.1783304
264.6876501459393,-11.424813696391826,12.430499,1.832344
264.0363570642915,-11.407403192527847,12.838821,1.4972105
263.81001640592945,-11.474962802702871,11.955828,1.8878517
264.0096483150715,-11.312576924017533,12.856002,1.9354229
264.12767441039244,-11.21573482136379,11.872995,1.6539364
264.32627756564165,-11.189820981014458,11.515803,1.8025589
264.61870933984545,-11.057640108337125,12.575398,1.9925499
264.19589613498,-11.02371442552846,12.713513,1.3475761
264.3245406251537,-10.931238753779501,12.5832615,1.7282085
264.30622713602736,-10.877329679023498,12.421886,2.7816257
265.197697674588,-11.058250140363205,12.359841,2.0073109
265.4587318177053,-11.08546331137394,11.194884,2.3011045
265.2438292071137,-10.862073238256425,12.679,1.5811653
265.3734413876204,-10.678605392595466,11.825992,2.6808586
264.43969389474654,-10.80548727182113,11.656542,4.1771536
265.0552621470155,-10.637742806788149,9.21167,1.7689133
264.8158352059001,-10.571088985400742,12.651376,4.88214
263.8905883534934,-11.137726295392195,12.44816,1.4843578
263.498996567589,-11.0873042148791,12.69332,1.3812637
263.6614961602971,-11.032896979424779,12.463902,2.6025448
264.27277222279736,-10.729009447091302,12.092857,2.2760286
264.4010591823871,-10.648858718489317,12.551975,2.6447973
264.45664402027455,-10.42809600098116,12.956643,2.4523182
264.4689640736985,-10.350721844397034,11.254985,1.0085506
264.77382441791457,-10.369318864867179,12.173706,1.5140257
264.2076102826923,-10.176245259215781,12.395317,2.229765
264.29832330564824,-10.034148907687316,11.932382,2.3087168
267.26229307234377,-11.740289423972284,12.899021,2.5088282
267.73834568974365,-11.540570486482565,10.851594,1.2422533
267.67625310804596,-11.374731877070776,11.583446,1.0930338
266.93231880340596,-11.510836620387359,10.880168,2.3048658
266.79554670913814,-11.294719752676022,12.639597,2.9362888
267.08041997445514,-11.077475347987821,11.722209,1.2284918
267.9577674323234,-11.243771848367073,11.665846,2.3358383
267.88884946751347,-11.211131745156925,12.524427,2.2429123
267.70015374986076,-10.972934991036523,11.090144,2.2050629
268.35052692435386,-10.775743825160784,10.849017,2.7360477
267.8073513568258,-10.4335905349241,12.950812,1.9831591
266.5298890147598,-11.258767201849704,12.946026,2.371973
266.7012193030214,-10.757638160292592,12.499864,2.2675896
266.3389325173429,-10.69619325438315,11.248218,2.3484755
266.6057847105473,-10.672194539705698,12.101835,1.5043058
266.46142048894154,-10.354040377726202,7.670294,0.49362993
266.3397807082584,-10.355468981757806,12.794367,2.9016342
267.44080722331637,-10.475110836984936,8.791563,0.856246
267.56547293588585,-10.082098421787025,12.674088,3.980566
266.83403392633727,-10.455505143658602,12.802553,2.55408
266.908906927227,-10.373839612451684,12.514236,2.3529005
266.75893773349344,-10.035831161263696,12.896517,5.357253
268.56917032004765,-10.283650626359831,11.610923,1.1169119
268.84346436332584,-10.356718833340304,12.697978,3.0753193
268.1231722249904,-10.197724205322258,12.619424,2.3526068
268.66214738762096,-10.007604062912794,11.828044,3.0539303
268.5017416758969,-10.067622696358894,12.525971,2.2647524
268.6786302336557,-9.835806251516704,12.984375,3.6586943
268.2933069032689,-9.916130232544047,12.641222,2.5701494
269.27367489426126,-10.00067708717129,11.737104,2.7642002
269.15486005129833,-9.971442236357424,12.459509,2.6232262
269.1980277641965,-9.685652358436156,11.298855,1.178462
269.60948139512914,-9.651552868746762,11.951874,1.1132832
268.76710114517294,-9.631344112570211,12.859336,3.0305252
267.835864233965,-9.761686903153805,12.977532,1.5031214
268.32505100007876,-9.392737816030234,11.86919,4.697686
264.5088301434002,-14.105681274176428,12.5821,2.2429495
264.27063396349183,-14.179147299155543,12.886097,0.96559906
264.2113120539177,-14.148446577925489,12.607608,3.7040043
264.36439876119954,-13.961559691817712,12.903035,1.8813162
264.77941810989415,-13.993316378757036,11.525797,1.5019007
264.7462946745581,-13.727147459469098,12.544492,2.1848955
264.00729671173764,-14.094537488297316,12.58087,3.798295
264.0220937326423,-13.876323771404808,12.805212,2.4808035
264.13990612922083,-13.771709135372987,11.387502,1.4908485
264.5317794780844,-13.568583624206138,12.789738,1.1284313
264.5288531232846,-13.552222693607757,11.053354,1.443757
264.23276244905117,-13.463853441875909,12.831705,0.9991255
265.0169583976649,-13.702776547571336,12.469495,1.6202183
265.3911025816108,-13.582543089671628,12.984326,3.3975677
265.14389601531883,-13.51293085311794,12.2727,1.2949858
264.93052796233985,-13.675006383953283,12.951116,1.4975052
264.98300728590135,-13.34479260264631,11.152398,0.7311163
265.573555366377,-13.243749461131346,11.696399,2.147789
265.4337658962593,-13.229409971484621,11.028592,0.9711046
265.4484726087021,-13.138702142851933,8.568523,2.325091
265.4505418119005,-12.993471179667544,12.9661875,2.2998457
264.72667556463233,-13.424841886541621,12.171458,1.0799866
264.66896698284796,-13.372944764216253,12.467387,3.4157467
264.9242452248609,-13.286636714119648,12.9545,0.48083687
265.02619437430786,-13.282020482311504,9.166737,1.5511427
264.89878854727056,-13.242758233374557,12.555221,1.6043701
264.78266454223643,-12.96693012417396,11.712498,3.4489374
263.45556075400697,-13.636338655860111,12.062592,2.4018183
263.9152963738278,-13.422993221713984,12.0734005,1.6953459
264.23966584007377,-13.243480527949648,11.507939,1.0493336
264.2267177776006,-13.202013944029808,12.621492,2.143283
264.0387719181872,-13.055486880553412,11.785389,1.1545067
263.9440574692796,-13.018405812761715,12.428423,1.0355806
263.02723876783625,-13.297909472220287,12.720443,1.3698711
263.4148466315422,-13.050426286316036,12.759438,2.125949
263.7029771132586,-13.199287803907968,12.469178,1.9893417
263.6996621154588,-13.08829497454689,12.77101,2.6544752
263.8485326054168,-12.982450535917074,12.353624,2.0819702
263.7548886425966,-12.98641473821801,12.953235,1.5796947
263.79806649888053,-12.947903495954517,12.746303,1.1496468
263.7252136273182,-12.770332018638467,12.763225,3.9744759
264.3845711074316,-13.157454909812712,12.997156,1.7425451
264.21161483932815,-12.80114961264956,11.335531,1.836216
264.39486488979503,-12.828725460045263,12.298516,1.2241735
264.69289947642,-12.861465866445208,12.362862,1.287466
264.64055232611787,-12.748879544034804,9.766847,1.7883501
264.66448839039316,-12.573611878092661,12.163243,1.8603897
263.81503101663407,-12.745936577339672,11.851916,1.8151712
264.4638922539091,-12.290271018380599,12.582211,1.421052
264.41664869402416,-12.254055862337188,11.951136,2.367402
264.32168793840464,-12.114324597048144,10.460895,1.8746777
265.8925108759311,-13.021973223436122,12.915154,3.8914995
265.644465038426,-12.943097675234396,11.4648075,1.5769672
266.26352598367333,-12.815027792763225,10.957858,1.0786848
266.41630751820776,-12.689784223445622,11.512772,2.6510115
266.1435880345884,-12.628164040077062,12.867823,0.89263344
266.10443218361127,-12.651208795704994,12.684017,1.9975414
265.9136934853576,-12.557662967661646,9.486701,2.3079596
266.04604657770795,-12.55353097905372,12.865369,2.9713335
265.22616057479945,-12.513964616765014,12.698847,1.0971384
265.45101161786806,-12.507879885657191,12.83947,1.8238554
265.85028105581824,-12.514832946345912,10.164913,1.951396
265.8129622722804,-12.434780191769082,12.702259,2.139288
265.99184028925526,-12.413794007113369,12.269155,1.4149094
265.63352275234735,-12.363337968088896,11.261909,0.827898
265.8082478937604,-12.210671749578607,12.6999855,2.1631727
266.4084972029329,-12.160210774447096,12.386491,0.9446163
266.7693352523507,-12.193826539755952,12.069911,1.3815088
266.76925317111784,-12.022183950324823,12.581148,2.3468618
266.6592344468192,-11.897493122538279,11.948625,1.302495
266.3478993615963,-11.784124380370871,11.169378,3.2166014
264.9862626180782,-12.518937421645079,12.439787,1.8173122
265.52674033904765,-11.965139516106209,12.966499,2.431181
265.3542737982719,-12.01137844817139,12.628227,2.0681992
264.7327955515893,-11.963376126954287,12.405121,2.486475
264.6954920147062,-11.791491816689938,12.288975,1.2974739
265.13806728216565,-11.888768290070297,12.78078,2.3731375
265.0708628086414,-11.56903823139697,12.8680935,1.9096975
264.98589858560587,-11.56587882284465,12.619409,2.4735413
265.6087338234313,-11.80128383611984,12.285803,4.397897
266.2489727955269,-11.582149000442838,11.29803,2.7151394
265.39990604908104,-11.35061567142883,11.251915,1.9704323
265.7170685636125,-10.951844480104382,12.973573,1.370079
265.7240736201867,-10.889610089396488,10.968965,2.543212
263.081739731584,-13.137584766816378,9.991491,1.0224495
263.22130285358384,-12.912373010119547,11.35799,1.7353907
262.87684689227996,-12.924796062981542,12.970907,1.9068108
263.22396850340635,-12.565319393334509,12.919544,2.619566
263.29140003424993,-12.59874494906946,12.557948,1.8194246
263.414154116385,-12.542323289051941,12.058479,1.9427681
262.7520783086822,-12.543569754639776,11.18502,2.1452694
262.48972802062116,-12.474363102214635,12.897788,2.5544815
262.90330713596575,-12.547320932444041,12.999115,2.3577337
262.8913464962009,-12.433590122892156,12.352056,1.3586969
263.00455940452326,-12.360836473113377,12.715957,1.9341412
262.842167956767,-12.26563790434589,12.261682,2.5875444
262.9785986422143,-12.09037241664336,11.404455,2.0272264
263.70296296527954,-12.258084496519295,12.935015,1.7419157
264.10088016757237,-12.229444055568523,12.920168,2.229743
263.5940190883462,-11.95952479200487,12.496502,2.7917843
263.4951275639081,-11.961620193452303,11.810208,2.1199856
263.5124595022911,-11.898114918363566,11.327669,2.9135265
263.16349686793217,-11.89719983922556,12.153511,2.0196419
263.19354264887454,-11.84077784343834,12.388558,2.2761755
263.85506131563994,-11.721568915114764,11.627697,2.371066
263.53765841577484,-11.672875741378846,10.6316185,2.4808912
262.2037112129877,-12.397136308553785,12.607345,2.3582096
262.50020181908997,-12.197967771128875,11.865346,2.170436
262.50241377217475,-12.072995844799985,12.959834,2.5990324
262.45346809099436,-12.026862413435083,12.334469,1.9552622
262.6172315424734,-11.91047994856533,11.78695,1.9688673
262.2293852625987,-11.951544852219197,11.133193,1.931344
262.1957250016328,-11.700349775862938,10.265228,0.86835194
262.3637398216259,-11.628540104849218,10.907675,1.9945269
262.9596233631122,-11.864448663384218,9.970561,0.8126993
262.69693099608605,-11.270795910551303,11.945657,1.8769732
262.93867620939096,-11.283790773787675,12.118313,1.6124687
263.02088295758875,-11.143575385404738,12.782311,2.0376492
263.0382903538061,-11.132495288150755,12.223635,1.9437637
262.7015176244565,-11.164473014980066,12.668935,1.2379856
262.94900793857425,-11.080678851764434,12.729421,1.9054823
264.23482402987173,-11.607634259228979,11.542462,2.057888
264.8671196543279,-11.267003573958721,7.81779,0.5733428
264.0446796618383,-11.503953912603901,10.176129,3.083191
264.20328913897873,-11.329475068591636,12.449064,1.8105354
264.5773812104573,-11.167265635621332,10.515191,1.1662579
264.59723920839434,-11.158146845228238,12.663601,1.2763739
264.56066845825745,-11.050926019585392,12.670593,1.4808264
264.19952101678604,-11.251098548355465,11.406226,1.0177155
264.1716885873955,-11.008052396480588,12.36322,2.059843
265.0538341685408,-11.380571585384422,12.700324,2.0877104
265.321042358637,-11.159028148145646,12.471785,2.3414192
265.4265417855439,-11.055314741445072,12.991301,1.1971121
265.45148177956935,-10.736861446175027,12.503638,6.033017
264.75851935395036,-10.895634082469494,9.53732,1.8010511
265.1703305013582,-10.588930369943457,12.84891,2.0504427
264.85371896342826,-10.474779964304435,12.115226,2.215536
263.7885796241071,-11.254176004465736,9.664481,2.5687675
263.487478223416,-11.035347996588493,8.909981,1.7101765
263.92361524547766,-10.98146089087932,11.762958,1.1572771
264.18882200108015,-10.819895670124975,12.111236,1.8164663
263.9841197837573,-10.815175084724409,11.3269005,2.059533
263.637945094107,-10.35559893524885,11.763262,2.0622196
264.92830931546837,-10.285018328646213,11.898372,1.2744961
264.5194510991731,-10.198109579262226,10.726825,2.277689
264.72725982279087,-10.197065230756502,12.823075,1.5971603
264.82321982663484,-10.070219648629253,11.599431,2.3479223
263.7414073562496,-10.146558640841777,12.70647,1.9119015
264.35113695227307,-9.98746335186436,12.208256,2.808527
264.6733520747471,-9.911232364904311,12.651118,2.2309265
264.1803487827596,-9.81136876615409,12.437201,2.058055
267.3128609332924,-11.875983386294791,12.769518,2.1577473
266.84140060787433,-11.19024126707289,12.007015,2.711876
267.0170272939015,-10.99521943347978,12.553772,2.4879866
268.375999333219,-10.77339141781452,11.927516,1.3091383
267.4152201659532,-10.873857735940097,12.683416,3.6412992
267.9126582105321,-10.705216333347694,12.9988785,1.6794729
268.098845255093,-10.5571083172001,11.859551,1.4809923
267.7109718629027,-10.438610866792127,12.683832,1.7063761
266.5424668509673,-11.205619325612602,12.803476,4.0393047
266.42918128545773,-11.121554097298104,12.734584,2.2455854
266.61631150774485,-10.995835094918917,12.969041,1.8306217
267.12697813617734,-10.831046416730695,11.802883,1.1955423
266.04866150458287,-10.853885215883134,12.803945,2.7532158
266.5072885679884,-10.687452010707867,12.847444,2.502944
266.51633461292204,-10.40873461079195,12.874867,1.5550957
267.49886891682337,-10.51092027808608,12.996778,2.0773268
267.7766422834356,-10.177904843627967,12.873889,2.716074
267.2162414661163,-10.184423193960962,10.457374,2.9588861
267.3124591761064,-10.00680128313638,12.868032,2.1407633
267.25614136756843,-10.02260571573694,12.840106,2.1980228
267.170614830883,-9.87610520338181,12.717484,1.9776897
268.1917639286135,-10.26087862505141,11.448165,6.3278036
268.3045034763863,-10.114529348699913,12.572041,3.5837126
268.61067755538556,-10.09665884303324,12.818949,2.9793758
268.7787242556955,-9.855076138266176,9.580784,0.9683342
269.0840113557852,-9.976542702649404,12.40346,1.3456612
269.86267271093476,-9.535090543499262,12.309138,1.4598017
268.896991658144,-9.483466140637999,12.639243,3.5684347
269.3250652558236,-9.393984849139468,12.47769,2.60287
267.7513757145668,-10.031525176965555,12.568874,1.8198338
268.2494457307221,-9.641433576708769,12.433681,1.337431
268.20886805881423,-9.504055450331329,11.56102,1.8384733
267.583261350593,-9.851460938984534,12.0769205,4.0169544
267.6882010754577,-9.490148542999844,12.733114,2.0629177
267.4290952679567,-9.634038827162518,11.066121,1.0045528
267.7722907001073,-9.191604079706936,12.933264,2.3416767
268.7159081490774,-9.34484098546093,11.0988,2.7755747
268.8847519064323,-9.241358003534128,12.494745,2.55517
269.12980163168413,-9.019302904689832,12.698529,1.4453859
269.20629299771275,-8.975120859994936,12.882974,2.3574114
269.20329576991503,-8.980925541523648,11.907929,2.40493
268.97206057774895,-8.83721301860232,12.145267,2.5213757
268.32699705212474,-8.677411568847894,12.69214,2.399249
268.32606430068364,-8.634926944448479,11.667435,1.9355459
268.5529607229592,-8.55472472856345,10.874466,1.1904974
268.54820928866667,-8.477912414143315,12.949556,2.1666708
265.89646076585257,-10.486590282702458,10.668269,2.3503284
266.160888571637,-10.274837953781049,12.1911125,5.652443
265.9441884837513,-10.214971848276337,12.500928,1.7807674
265.53450613277454,-10.363165292088203,12.810511,2.7111015
265.6079928112306,-10.30726165307292,11.641929,2.0060368
265.3455669287994,-10.135699287297498,12.8888645,2.0970688
265.4610043870883,-10.041116711257812,12.577811,2.117591
265.397387717436,-9.975833704739301,12.97481,2.3834696
266.02894140832746,-9.883443394823223,11.069463,3.0796947
266.3766008581301,-10.08859647090731,11.8493595,3.6483765
267.0621090435825,-9.564459713041876,12.30602,2.6661673
266.8208419185678,-9.512625543872579,12.720508,3.1013355
265.94963668340336,-9.544094104057312,12.0341,1.3787756
266.35839234596,-9.194538456216888,12.930135,2.1516972
266.636464264051,-9.143514115768038,9.973272,2.9699574
265.22139263724506,-9.737685276663335,12.11974,2.1669483
264.4147652505161,-14.334221422689806,10.671471,1.4653273
264.226465267797,-14.174576708204219,11.953315,2.6883469
264.36940360749446,-14.048790711268143,12.985604,1.6550932
264.3341461170156,-14.03945271441128,12.930461,1.9963913
264.7919578002104,-13.928965503183802,12.515624,1.5786562
264.820746631322,-13.731550566408467,12.975522,0.8971739
264.1939875734094,-13.900834955715748,10.433275,0.60934734
264.300684001034,-13.806089496803198,12.990463,0.9496107
263.7604896837812,-13.933026209834798,11.377499,1.0001211
264.1141418212234,-13.77201654668153,8.856338,0.7576313
264.563597912424,-13.608174462698114,11.795952,0.55055714
264.50337063201346,-13.553028583043483,12.519525,1.5438633
264.42642749903456,-13.5258748188969,11.666686,1.446456
265.17805597931334,-13.728515999837134,11.591351,1.9455938
264.948502913862,-13.708338655446461,11.340277,1.5594606
265.0497193808568,-13.579681589204178,11.8735,1.5645189
265.33780876240667,-13.507985130833829,8.989667,2.0484056
265.19696334074087,-13.561911249722709,12.877568,1.0697432
265.1928150551774,-13.450214218096768,12.400482,1.5347881
265.6459237182207,-13.257596003662782,12.4153385,0.8269758
265.5770516942104,-13.223548653252166,12.178522,1.0994081
265.59284501258327,-13.231638099212896,9.791617,0.8102436
265.39509716943655,-13.261874031825778,11.78912,0.9997606
265.2211487368493,-13.164027848072465,12.373435,4.3408012
265.47988554761224,-13.099197529272846,12.260586,2.1384802
264.6564620088603,-13.46441440136666,10.203065,1.5130548
264.8643474768834,-13.15092841725735,12.0564375,1.6589365
264.5997530076722,-13.346058172831022,11.280897,1.4782982
264.47646684620685,-13.222403240642112,12.812806,2.0289927
264.7451932894572,-13.106836863303341,12.8561535,2.5565815
265.0642787277755,-13.137274014218093,11.041508,1.711978
264.92641657460626,-13.108985735512645,11.203605,1.0570812
264.7960799939378,-12.986602094663812,12.157209,1.0103979
263.72594510815435,-13.746093603156408,11.443674,0.8565254
263.8153175747402,-13.711457140911902,8.41882,2.3090105
263.7775298719079,-13.474023436063902,12.123344,1.7035761
263.49959359225505,-13.574765478740893,10.1573925,2.2537813
263.7510319573971,-13.320654671305524,12.435851,1.0888672
264.0544124354364,-13.459979974168414,11.766947,1.1270752
264.1076725397649,-13.219901522556718,12.756459,1.9505033
263.12534049046945,-13.299618412378647,12.871163,1.0490713
263.28068414003815,-13.143196056414547,12.592756,2.7090588
263.6475727272279,-13.215651563728244,11.865102,2.5884447
263.7944954999791,-12.912036647347254,12.672272,1.8135328
263.5333234797281,-12.926331799905643,12.048223,2.2058086
263.55755147144316,-12.856358134480216,12.136365,2.437399
264.2276101028284,-13.041591007817544,11.625616,1.7162056
264.37616215842905,-12.889565796580282,12.575384,1.724823
264.4787957245622,-12.804218176168224,11.293801,0.88078403
264.30806243331944,-12.838865341870452,11.462448,5.2051525
264.24087288673485,-12.79467179902261,12.879187,1.0471182
264.8807476829774,-12.567316278908127,12.963825,2.2827969
264.70391423322735,-12.41040858867231,12.362094,3.9552183
264.19775146465554,-12.72740596452543,10.996307,0.90947247
264.1246315721802,-12.675271050650734,12.929998,1.3449135
263.9805856446309,-12.551552041414629,12.412938,3.8494625
264.03310776317517,-12.355504050694941,11.375504,2.4037676
264.34953568742196,-12.423082588134081,11.161155,2.120575
264.53820819464426,-12.343339107093287,12.703214,1.2532301
264.6480223625246,-12.378492923170777,11.342729,2.8599634
264.4987894164166,-12.360587808568688,12.059164,1.1866608
264.12633247479016,-12.32562214338583,12.208248,2.6973982
264.32091839403955,-12.111618528168911,12.343852,1.2922592
265.5901109749627,-13.016985481132457,12.10154,2.7109556
265.73392308272537,-12.96458333561168,12.785741,4.239998
265.8380611917319,-12.766133561218108,11.664251,1.6979599
266.01290028775225,-12.767534237962987,11.621653,2.139101
266.0566394929858,-12.437781539091374,12.316609,1.7963037
266.1349008933961,-12.390716093134362,12.80286,1.3223152
265.22943350274215,-12.580066307511169,12.796456,1.9642601
265.3509605312194,-12.549134816801422,12.8239,1.8170834
265.7674076852017,-12.615842304537782,12.741925,2.0915928
266.49086256730357,-12.423995249209051,12.774145,1.3902187
266.6783952977031,-12.349193614411572,12.393885,2.1115513
266.6731409166705,-12.298227957922176,12.284558,1.3787794
266.47331177256007,-12.196648911172188,12.444656,2.19423
266.53523100394403,-12.02367733030906,12.620326,3.5707197
266.6009710088871,-11.984479830914156,10.936675,2.5013838
266.3531042485354,-12.12368229282851,12.168193,3.3990374
266.2523494042953,-12.092649074083281,12.630475,1.403142
266.3262163120337,-11.97236614173009,12.051844,2.1585178
266.12465346124606,-11.88414810509151,12.937127,4.6923885
266.23802582861896,-11.668573145544176,12.51094,3.0227957
265.1155540307208,-12.579810145335053,9.5815115,1.7599163
264.96661781385995,-12.49869110632175,12.1834135,2.2427988
265.0300980929627,-12.383039361364304,12.589392,1.2964945
265.29369191305733,-12.408865603954473,12.290022,1.3377533
264.8639477891995,-12.345199419253415,12.41198,1.8280182
265.06095471651804,-12.313508232954439,12.650738,3.1340094
265.08138709724426,-12.071306961181726,12.606538,1.6880598
265.5510734443923,-12.20525234484166,12.46789,2.0510817
265.2036692020346,-11.975958295438586,10.779208,0.90104294
264.88575369394874,-12.023994908513462,12.39669,1.7607193
265.28176877188037,-11.726793285711413,12.062336,1.8782749
265.234706632785,-11.696458828801818,12.092382,2.4318485
265.7863000367539,-11.72661093197569,12.479494,1.4591408
266.20541836054406,-11.499537059162037,12.305152,1.9032583
265.9884816132603,-11.506311562384994,11.792784,2.6212769
265.61796276943716,-11.470614978258148,11.941154,1.8519306
265.7180862136395,-11.296683329592721,10.681618,1.8681746
263.5266677208683,-12.585175886282729,11.851756,1.787363
262.8916951991017,-12.569214616290873,12.924444,1.1516161
262.951863139088,-12.496562299449995,10.740888,1.6946993
263.1633986466708,-12.462932963214515,12.813663,1.3076296
262.7345685227817,-12.301925974668112,12.535122,3.7335644
263.01587189218463,-12.10657954598485,11.657129,2.7286997
263.50413898819033,-12.3814760424148,11.295652,5.0252314
264.01602230053766,-12.294973997352946,9.685144,0.74046135
263.9944511048434,-12.184026908952832,12.981653,1.4036522
263.9587121446244,-11.993693040420286,11.615038,1.196888
263.6131539470457,-12.014063896115497,12.732515,1.265111
263.2883625293196,-11.853395844048086,12.431834,2.1699429
263.1879844881108,-11.878263080324084,12.624662,2.7419043
263.43490517696137,-11.64376395813167,12.170462,2.1861
263.7158740737331,-11.506151668889572,12.275577,1.2952938
262.29309039127963,-12.428134871779202,12.7168255,2.234353
262.5039655064932,-12.34107905884492,11.629139,2.545475
261.99379897215925,-12.298442870521473,11.930808,1.904459
262.1899534779225,-12.262865359617157,10.746606,2.5581274
262.5716516314971,-12.158896313154026,12.2542715,2.9140759
262.65680051283175,-12.055650489167098,12.653942,1.9433718
262.4981748951742,-12.00225381928239,11.684613,1.7668762
261.9116664067708,-12.001563143477814,12.776973,1.8691683
262.23999704151413,-11.981591297205437,10.386425,2.471609
262.1557343127442,-11.759060215486944,12.938779,1.329917
263.0802340649412,-11.489328750966436,11.251861,0.7891798
263.2475531169165,-11.282992348910865,11.787785,2.0921278
263.3316803490279,-11.188271813073094,11.765763,2.7493305
262.4770724951786,-11.290410130216928,12.00437,1.160716
262.6855762385236,-11.196666405075526,11.127933,1.94767
262.8174099849135,-11.13026819258969,12.49178,1.8629875
264.34766532431655,-11.930220071318722,11.858241,1.8527527
264.60152149963153,-11.643994022557896,12.208,2.9555426
264.290987942589,-11.351787524847174,12.062664,2.023448
264.1456091195136,-11.37075905036482,12.49168,2.278654
263.7875255407731,-11.3643138003618,12.36814,1.9771309
264.42489202877425,-11.07334751596098,11.328754,2.379941
264.40997767451023,-10.877564520775168,10.549722,1.8761158
265.07531044791943,-11.141650573726482,11.890346,1.2090015
264.9240733827783,-11.088246138373417,12.9470625,2.6182318
264.83179526713053,-11.027768468447842,12.813593,2.5290022
264.90861568590196,-11.020751004157802,12.631439,1.9458332
264.6319471433806,-10.671751139003854,12.854614,2.2064943
265.3111118148263,-10.602086220979732,11.972384,3.7921772
263.7080849677549,-11.36536780424227,11.656761,1.9882212
264.2040099756182,-10.949966687525764,12.63496,1.283596
264.2470344286314,-10.775531957975346,12.511607,1.2594223
263.3974974634306,-10.989132322909047,10.009624,1.239008
263.45942608287623,-10.73208746699335,12.743638,1.3732109
263.377052793419,-10.72607960214418,11.868442,2.684473
264.57384346021576,-10.595014280061978,12.535485,2.4314756
264.61849657939445,-10.436266203423552,12.712772,3.56324
264.84880439883193,-10.270103120265048,11.881055,1.2410889
264.8546635791081,-10.18810520645564,12.460771,2.5947504
264.5822947209671,-10.044911555443303,11.603278,3.5448875
263.9998475793593,-10.437797742099818,11.8569,1.1624193
264.1395207432936,-10.19772574173692,11.983063,2.0608196
264.00218366269445,-10.04062167797855,11.12466,2.25988
264.05845888071167,-9.95747453011506,8.770152,2.724485
264.4179875946049,-9.714439343164079,12.792449,2.7504492
267.1424206241271,-11.898736008916321,12.413956,1.1739521
267.34048831160345,-11.781134951715245,11.31579,1.7935839
267.0193275890965,-11.857537195205637,10.666842,2.2025394
267.0434463446141,-11.465718861344639,12.758249,2.70708
266.5605047820125,-11.455760841278805,11.984876,4.4783354
266.79335976611975,-11.354460650268763,12.636628,2.1724634
266.815105056282,-11.30205107834366,11.523467,2.029189
266.73671815824616,-11.31462764368215,12.827975,1.7015343
268.0526615994951,-11.020650385999367,12.973752,3.5875635
267.70236363924585,-11.171663739626425,12.412229,2.6203976
267.7896005647352,-10.520322936767078,12.975717,1.7935991
266.37686384334,-11.301794192375583,12.2588,2.3963642
266.6800609504091,-11.212073503008343,11.859928,2.8651762
266.75246171268407,-10.60721891582586,12.651301,1.3849983
266.0619768834321,-10.947599432478,12.9623165,2.046567
266.0056991881193,-10.794620340708152,11.9586315,2.4378986
266.64426007527203,-10.607046875125782,12.054382,2.5877123
266.36533344307026,-10.527046122423275,12.273727,4.559803
267.5141729091669,-10.393154416243698,12.812116,2.6149092
267.5882652607662,-10.024838334495422,12.920772,1.7122116
267.0104132024768,-10.194547673607444,12.769451,2.7198286
266.7514879870769,-10.095732985459705,12.681514,2.8215027
267.47621979594805,-9.883783690536553,12.081854,4.038164
268.9030770907227,-10.504932403157,11.406634,1.6685724
268.98603371608226,-10.307807688897071,12.5038595,2.4349823
268.83130646274645,-10.155580419498165,12.899376,2.4940376
268.9581045853683,-9.639958742689403,12.471317,3.378646
268.83443269739826,-9.586316722229778,12.683559,2.2185926
268.1141833008386,-9.96182245873261,12.973276,3.498187
267.89317060536973,-9.875713540854536,12.252833,3.166998
267.8268846481973,-9.693220299669527,12.791066,1.3206072
268.0809071665242,-9.698312626284153,11.230614,2.2642288
267.51486811179717,-9.721268243473085,11.827665,3.0331707
267.2747249160631,-9.556570856664987,12.884501,2.3785295
267.9396805577204,-9.302743930513913,12.231115,3.6165094
268.54934331992285,-9.477703732213874,12.964635,2.4736366
268.7717511248159,-9.099654820166736,12.993094,3.1561823
268.3704321054535,-8.938127049775561,12.475059,2.147911
268.3456578686525,-8.91513527832624,12.035392,4.8731346
268.33759052168756,-8.835848938331221,12.603076,1.4125004
268.27586895600285,-8.860943099545198,9.117866,0.8355789
268.6868643766187,-8.610425440809127,12.316235,4.617916
265.9054343136299,-9.819958395941677,12.727579,2.1428146
265.57694464456966,-9.896282687753112,11.479449,0.9015684
265.8686950093825,-9.694868835526812,10.033966,3.6386108
266.28209257876335,-9.815166393807234,8.344398,0.80298233
267.04512450629437,-9.569291614265428,11.1861105,2.149372
266.93573414063695,-9.53396026308821,12.425017,1.6425848
266.70921774888535,-9.697853444658469,12.592594,2.5304346
266.8197684606163,-9.3317567637955,10.648183,2.7096424
266.3760154227101,-9.53673278798134,12.597812,3.2580767
266.256816024356,-9.580993388990313,12.748621,2.7269096
266.2366629682752,-9.452681825826481,10.859801,3.6560717
265.3061128931105,-10.361490325154445,12.495591,1.631444
265.594870062624,-10.245398624483483,12.186448,1.3137808
265.29468306452816,-10.148400630118811,11.64987,2.0453997
265.66011157954364,-9.723769619609143,10.350246,0.92339516
265.79666928112687,-9.626219045309801,12.979174,5.5166044
266.64232273369316,-9.86025739258759,12.458142,2.439062
266.9328508988465,-9.611770879107521,11.935709,2.6996212
266.34772995863,-9.517776028344182,11.569955,1.1991158
266.0902169312574,-9.494929908088729,12.89718,1.2114315
266.41219960869944,-9.435516401945293,12.137309,4.2897453
264.9446452170358,-9.922075570882782,12.779733,3.0808334
264.9359489520654,-9.825297028761655,12.584656,2.066534
265.6896372436242,-9.670810552133663,11.517234,1.9967365
265.4814435977198,-9.56980861171603,12.64936,1.5278635
264.9992423278567,-9.53319634192593,10.745918,7.0495396
264.5888680068761,-9.671388669704989,10.845085,2.3249016
264.79779387593953,-9.415251306409248,12.8677845,2.292719
266.1684705186133,-9.141042578165434,12.930462,4.583582
266.3266345306397,-9.087486147486823,12.649338,1.6492939
265.7406736898518,-8.756047773032728,12.83384,2.3318577
265.7140656884014,-8.612504502067912,11.126653,2.1903687
267.3066517419681,-9.28396022260885,12.753878,1.4266615
267.2331693555216,-9.139147887142604,7.679398,4.0763493
266.9561482913332,-9.157728636550402,12.560344,3.022441
266.95634025968934,-9.149048207536437,12.945015,2.3143091
266.9674241518447,-8.857278029716941,9.35887,2.4788065
266.83629736861604,-8.815476779749835,10.036966,2.0292206
267.33115304535517,-8.643562869532206,12.975914,1.6356487
267.0203752598379,-8.680442385922305,11.423171,1.2494164
267.1970403239262,-8.47563050286487,12.344101,3.2678423
267.8416354931387,-8.67561987791111,11.792828,1.8586283
268.1154761495945,-8.257265178554565,12.6993475,2.5585814
267.47145319255304,-8.536749213415954,12.287347,1.4961348
267.79350531368044,-7.875569865834252,12.654407,1.322444
266.46699576671523,-8.419714511480375,12.588248,2.2151089
266.98131358105593,-8.375749390586272,10.42885,1.3123693
266.02778499241776,-8.563956090617111,11.797123,2.7003555
266.1594774261978,-8.477690883826156,11.470847,1.9507179
265.9996395504656,-8.304765747019944,11.886295,2.0655785
266.59349341998944,-8.050657078111257,12.310893,2.682786
267.36742292992113,-8.195065777887665,12.425736,3.1737242
267.55895902650053,-7.983924690757588,12.806244,3.7058039
267.63514874261745,-7.609741639941744,12.638636,4.2803516
267.23085738790536,-7.527243599048236,11.641965,1.2175303
267.14055775079214,-7.344875063413209,12.454468,2.2701664
267.10291790986224,-7.303125917688257,11.571722,1.1376944
261.4703105041455,-11.889716408494435,11.071487,2.1197577
261.25463257027917,-11.749241554503183,12.829832,1.9618301
261.76487577627097,-11.382683405508727,10.770385,0.8984747
261.88244030614885,-11.363991471839569,12.838926,2.4742098
261.9348090516787,-11.209907621726494,11.564608,4.5097857
261.4448064923608,-11.500012672206406,12.132557,1.7819815
261.38633383711186,-10.977044711707512,10.185425,1.8149462
262.2795381772526,-11.253748682378076,12.551462,1.2433014
262.04474341412833,-11.179610743650622,12.417837,1.627841
262.1318187636377,-11.141927193214748,12.535852,1.2275858
261.96676650082514,-11.116807291038972,12.526984,2.227044
262.1308865279612,-11.000055678179688,12.698373,3.6324806
262.72193212248027,-10.90933472854396,9.361668,1.7552128
262.5431617944455,-10.968273027840462,12.41224,2.2237759
262.67839593795566,-10.864121801230349,10.907278,0.5682974
262.08712163354454,-10.931072635023776,12.008328,1.8580217
261.9512735750396,-10.602070792561042,12.987591,2.3975315
260.8561538963832,-11.380934687171777,12.207731,2.3637123
260.6187316732282,-11.058998237410412,12.823869,2.3092613
261.16093329604496,-10.69951306666885,12.673389,2.907155
261.2199130933448,-10.526919874441178,12.268201,1.5447435
260.58040786106375,-11.018106018335235,12.687358,2.370778
260.6736783984846,-10.864385351806632,12.563372,1.9231224
260.78354607035976,-10.83324515467986,12.520915,1.2482557
260.18165113581034,-10.7935014369417,12.407646,1.9060459
260.6163656785371,-10.688746659682163,12.794833,2.6019115
260.6460336593614,-10.640753795017194,12.260389,4.670252
260.5066673714343,-10.652295674779399,10.686299,1.894351
260.7049521649958,-10.476852880144584,11.283417,1.8225002
260.92725378640705,-10.350116358774633,12.763286,2.0203924
261.545657869385,-10.677132716930362,12.280473,1.2858896
261.2417694883285,-10.489493355289943,10.6858635,3.0858822
261.9685523098857,-10.342967273053945,11.957103,1.8696976
261.92303205577366,-10.284554231145146,11.580047,1.917469
261.25188112036733,-10.221589420090778,12.898389,2.2016068
261.03508507220084,-10.288179984518475,12.958588,1.3982239
262.8286703484863,-10.664425925773443,12.26566,2.6307898
263.21835423259375,-10.544362578177491,10.840175,2.3548326
263.2246116194847,-10.473202045260512,11.404617,3.161028
262.8274384880846,-10.487366465049865,10.097172,3.0394487
263.23516057431624,-10.352322171342797,12.957,1.9468708
263.0755381994892,-10.189932895799197,12.840977,1.9336967
263.3484612687381,-10.050019286757554,12.7998905,0.94547176
262.61084249333277,-10.327507173387763,12.886144,1.9191723
262.5597025136706,-10.112150911321194,12.130783,1.4013128
263.12884739259977,-9.843651004518058,11.001717,1.1486931
263.7597390618545,-9.952072197790287,12.336636,1.6277409
263.6383883483577,-9.638637871624843,12.504422,1.9252319
264.1138595220584,-9.693544472247497,11.568874,2.2735987
263.95568765824356,-9.769590066284435,12.727998,2.788517
263.941364376257,-9.575653818419987,12.914212,1.4963284
263.97790938524594,-9.322412822472662,10.774994,1.1275282
263.73021701388944,-9.191524001380438,12.674275,2.0029526
263.6769871236961,-9.083656850220208,11.604366,1.285882
262.48016608882017,-9.910830497612254,11.630703,2.7135334
262.334075563468,-9.92196708031024,12.821665,2.2080555
262.32702579847324,-9.72055133338299,11.991504,3.0444727
262.1305900782595,-9.356740377789825,11.262854,4.803175
263.2521732682777,-9.147060801714128,12.457244,1.9902897
263.0618749775231,-8.996472217066627,12.502787,2.130663
260.1002572570027,-10.55163008230501,11.139936,0.8808737
259.9180890532345,-10.463348214592505,12.502565,2.8409357
260.1513321798041,-10.314471320385332,12.861212,1.2071295
259.7918368500571,-10.48676509958359,12.746454,2.2340908
259.97762639688204,-10.208324257981062,11.80062,1.9673901
259.7849026131917,-10.006202817059519,12.915296,2.0619278
259.9966194732409,-9.986487610823662,12.59263,3.7148972
260.9279779056594,-9.777979598193136,11.839072,2.1669865
260.65799201604005,-9.426485580124593,8.998095,2.4391203
261.1872936082538,-9.299072987239942,12.143974,2.0282946
259.67164762092614,-9.223460568791845,11.821611,1.2662725
260.2235441765438,-9.23749469057351,12.600851,2.3796883
260.20071715139545,-9.037744418319576,9.284258,0.7776289
260.8328532624896,-8.997406219589488,12.091,1.9975414
260.67730779937347,-8.97962802801433,12.548648,5.1437216
260.16923299612597,-8.40215514440035,9.012791,1.7081203
261.6219354921136,-9.422344149032552,12.962709,3.1939125
261.61062110868784,-9.236842424027085,9.453012,2.775137
261.57116073530256,-9.100661343372643,12.448951,2.1823187
261.2106596896583,-8.855432408643036,10.049513,2.1081018
262.434395476665,-8.634845756096588,12.12633,1.5214577
262.0754364544975,-8.712986941310461,11.325566,2.1212873
262.7385686908264,-8.446169379419269,12.821118,2.1461477
262.4332153944662,-8.0176315763071,8.48613,0.59570026
261.22512694581405,-8.36087475698018,12.257038,4.7794733
260.4962226430159,-8.49536190772025,9.723352,1.7797012
260.5817625922872,-8.380547637596727,12.34152,0.8773222
260.67114649172214,-8.046396014387533,12.997141,2.0413828
260.93550788385977,-7.9908058370065564,12.966091,2.2261467
261.41491846947906,-8.12476699168932,12.172349,2.5230656
262.01640611030405,-7.732687053322138,12.888549,2.0494375
261.6603964768845,-7.74765722238168,12.791958,2.653244
261.7304428475402,-7.488958307442313,12.319331,1.3088961
264.29553992246963,-9.508925109221991,9.396535,0.83035946
264.38231161457435,-9.329223652042497,12.656266,2.4205122
264.25850409270566,-9.102567838391069,12.816689,1.9585104
264.6128544489637,-8.888146192588634,12.610812,2.1049528
264.4444090608554,-8.854116087208741,10.830053,5.574168
264.1001179294305,-8.724602889962611,12.882338,2.2570171
265.5232617211076,-8.44893222489809,12.347106,1.8083324
265.56262247664114,-8.26579873248906,12.159113,1.3585691
264.54599023217366,-8.287582262729067,12.231447,3.3558807
265.0793002415165,-8.248852508005347,11.111726,2.6822405
265.2934754650501,-8.060587523529806,11.931944,1.2072458
265.15866855122016,-8.137739184514691,12.775467,2.3496666
263.76700930357606,-8.623409959364762,11.6376095,2.0046272
263.94204446101116,-8.518386630496146,10.810414,2.0819044
264.1011963346519,-8.44362747151902,12.454147,1.4236908
263.2505707489301,-8.452045062137454,12.461837,0.9472294
263.30043454683744,-8.234741169690073,12.460105,2.272293
263.84774812091996,-8.216219769339528,11.122429,4.550685
263.83489358133323,-8.096529927164916,12.939264,1.988842
264.3770889888261,-8.382162346622055,12.776929,2.6891623
264.44554305978653,-8.285574194294774,12.325618,1.1882687
264.4045609880067,-8.208057029935524,12.711193,2.064991
265.04677681415484,-7.801197050534687,12.984039,1.388133
264.54775377642466,-7.734589863261579,12.669111,2.7579012
264.8366076802898,-7.6063333573248135,12.652489,2.2429266
263.8146139499974,-7.735043003517485,10.673285,3.0329618
264.2723095469195,-7.5306340586689124,12.157671,2.9965563
266.1126471367951,-8.069216733123573,11.037341,1.0826464
265.91649446666537,-8.09781359605813,12.120977,1.4481354
265.58114200764066,-7.967425302351447,12.804582,2.190279
266.12092435976666,-8.069684402398796,12.358067,2.3342648
266.2736800251556,-7.762023190007861,12.162705,1.4811554
265.47096608514147,-7.930625670820957,12.182435,2.3332224
265.38491904871694,-7.828410340144736,12.196897,1.9950294
265.3187435071921,-7.607423342006271,12.208054,3.4589605
265.68699069124756,-7.556103525968241,12.37749,2.1153011
265.8953376514859,-7.3285215329330695,12.494624,2.1366072
266.42508044039585,-7.594219112662082,12.605794,1.937952
266.7057536252681,-7.5001675921340505,10.330526,1.33529
266.76160274480026,-7.209466125443031,12.748509,2.2783394
266.82097605362173,-6.95870287348777,7.954895,2.923635
266.412712705683,-7.214735713369504,11.243332,2.1050959
266.0666451455595,-7.09131873614581,11.822728,1.1330681
266.567802069339,-6.982627541990358,11.857184,1.2925711
266.48364767332697,-6.6251491291731845,12.404897,5.5577326
265.0796276151924,-7.526174644068656,12.661851,1.3240395
265.3494545691179,-7.497937405338451,12.762112,4.026351
265.23795245863107,-7.338561817435318,12.872767,2.7821817
265.08275794202206,-6.842935348377998,11.860715,2.4255972
264.9313301041652,-6.747576117564424,11.987893,2.0719604
266.06873334946937,-6.527825178792414,9.535759,0.77917767
265.8465308838664,-6.415610590743423,10.726854,0.8731556
262.8709833122135,-8.246731730264022,12.078264,2.35394
262.8730519691685,-8.004619347583981,12.811776,2.6590176
262.93448341801263,-8.041117001356708,12.899981,2.1097326
262.8624484035416,-7.89875992944367,11.484138,1.3049374
262.875553694219,-7.8389167994371,10.4384575,3.6209993
262.28704128107074,-7.772310606283412,12.711477,3.004424
263.0049142924749,-7.728009280901418,12.741657,2.3634214
262.85303704908654,-7.504612512627427,10.526907,1.0860596
263.7199587979878,-6.900982394565772,12.374962,2.1570816
261.9378618913453,-7.491945569563274,11.512241,1.1648798
262.00019675087896,-7.417396494246972,11.489581,2.2035341
262.04760655622704,-7.35050112115478,12.575544,2.6859932
261.9566075823492,-7.248388683401843,9.600966,3.099142
262.04391782623964,-7.202256197015651,11.184121,1.4749517
262.49154970725783,-6.911852866941269,7.851088,1.6032877
262.0426996770542,-6.857595403830807,11.64942,2.4034023
262.33224326270835,-6.7728824514075665,12.804045,2.1131296
262.1097719549836,-6.730173253409269,11.7353325,1.2982931
262.99865298376255,-6.232294783006703,12.945856,3.0206013
262.9380428518742,-6.09973307000075,10.394354,3.5862017
264.706446103477,-6.602434296739663,12.180822,1.2781363
264.85884138215494,-6.515011928350703,11.024976,2.1212378
264.2898575378349,-14.387462125069742,12.997037,2.0577564
264.62342150584277,-14.244870656187702,12.591878,1.0159798
264.26610172791527,-14.040848197075988,12.004368,2.1301537
264.2480824998367,-13.97467444643961,12.530207,0.9352007
264.78649888238624,-14.020373807831671,12.173426,1.9618263
264.4930288078803,-13.937467745876413,12.576263,3.1440935
264.49705100123174,-13.902476058127084,12.763606,1.0646086
264.44436542291334,-13.803334010251724,12.7967615,2.1093893
264.7844732916231,-13.801835809692243,12.544581,0.45844936
264.6822563901623,-13.728887369856198,12.796083,0.66089535
264.680265636477,-13.604584193030725,11.24846,2.577571
263.9319623683001,-14.04322781139943,12.827079,3.913227
264.2060126121921,-13.87173968841861,12.723611,0.8645668
263.8495126304895,-13.742739207696934,11.929264,1.8954296
264.1760901277062,-13.701941813179594,11.702922,0.67257786
264.1539755517919,-13.703143204109859,12.910726,1.2474804
264.5228826825123,-13.515659033622986,11.9913435,1.4677753
264.4956961963726,-13.383844959743186,11.631327,4.0986624
265.2597919121245,-13.633130529063497,12.228218,1.6371012
264.7765101252994,-13.552708740485652,11.532128,1.7570572
265.083255041957,-13.496489206467192,11.70037,1.6366949
265.1788112710329,-13.360117907309986,10.94839,2.1044664
265.45858634645845,-13.457937932968168,12.005054,1.8328724
265.4122385482075,-13.43612672881482,11.538989,1.5908594
265.2963780600428,-13.37883614427948,12.354503,2.2483082
265.41387168539717,-13.33552548454613,12.796475,2.263013
265.24528929275,-13.310062441285114,11.818784,0.81735134
265.3878214417491,-13.075875275817046,12.673549,1.8197508
265.5049125627282,-13.016323103470874,12.754949,1.023551
264.8710084140064,-13.391039896885255,12.123876,2.0597782
264.7898896967424,-13.413263897696373,12.456615,1.6045027
264.8573906683259,-13.253978478921473,12.018834,2.7736444
264.9069404668367,-13.22463852023642,10.56293,4.58743
264.6658116855813,-13.177088936234055,11.657442,2.5104675
264.71631892515825,-13.15055741280253,12.797429,1.1430092
265.35259808474643,-12.9401980381213,12.412544,1.0909462
265.2226163538941,-12.915831347939466,8.449995,0.300745
265.16645998428066,-12.842730494712036,12.862873,2.2061872
263.651651718101,-13.37279275238347,10.450357,2.650156
264.05758579159533,-13.461389886258276,12.769462,1.992816
264.027672089355,-13.35231669677331,11.522973,2.649166
264.0483836093268,-13.283800637156542,12.64246,3.2897825
264.31470796305985,-13.235896178985907,12.858943,2.990529
264.2520213317658,-13.272858503261494,12.387096,1.0185585
264.1607197723186,-13.211633081728522,12.706875,0.6872215
263.4022835230515,-13.240180944329202,9.079938,1.841219
263.5243430944896,-13.177300276987088,12.907358,5.3041563
263.313817597367,-13.219066973538151,12.937245,2.7828693
263.7228070181275,-13.169696471596396,12.992613,2.2269974
264.3498945434163,-13.203658181095264,12.686522,1.9184608
264.6453152692212,-12.72812028433372,12.98271,1.2775116
264.9522721263993,-12.570712411033513,12.121931,1.1586838
264.30118955904516,-12.612153854352512,12.996469,2.0872078
263.95213788422177,-12.647630417168756,11.973293,1.9677191
264.63622675119854,-12.367176855057718,8.499981,1.5720329
264.36117071063245,-12.049611174857201,12.771471,2.008257
265.74892822125804,-13.135210787522329,12.327602,3.4018679
266.00899369931153,-12.97968641898709,12.716183,2.1234016
265.85315395081335,-12.968363981902812,12.124768,1.9769793
265.8079220755537,-12.749604897144135,12.693451,2.1619081
265.8537950350122,-12.63317771419786,12.539046,1.7360592
265.96824917699456,-12.541451018131836,12.995694,1.253231
265.99629588269795,-12.520204653399015,12.37042,1.788332
265.4042366957456,-12.70682819089491,12.142695,1.6399326
265.4131517069513,-12.651148379698114,11.6390915,1.8163815
265.4111532568821,-12.359000619248166,10.017925,0.9303379
265.9386327365842,-12.339336732289159,12.866392,1.92099
266.48274772299686,-12.595974644642363,11.597794,1.9568615
266.89739465335305,-12.263161622830202,12.604793,2.0122538
266.7426633036532,-12.224302813116218,12.238237,2.2944126
267.07930351976984,-11.998772579354991,11.04744,1.8991356
266.9738604191496,-11.855025365100273,11.475852,2.0313349
266.8838503640255,-11.827499406851066,11.477242,1.3320179
266.34701531634687,-12.135208030164083,12.750423,3.0575943
266.00920286191484,-11.905057230599327,11.147956,4.291011
266.0864920524488,-11.857039020840112,12.416032,2.0107698
266.1061267023389,-11.781511692423772,11.485231,1.2482166
266.4312501317822,-11.888177827824356,11.618935,2.3153725
266.55938219354783,-11.690537746103393,11.496835,2.7107773
265.2801572816196,-12.457959992764156,10.459545,1.8030319
265.28265747197355,-12.206887697175798,11.047734,1.8073244
264.78110764214966,-11.807568428297424,12.811043,3.5903854
264.6827110163093,-11.785929069182774,12.798119,4.058016
265.01312815057133,-11.932285162398296,11.745074,1.1547031
265.08960326281886,-11.436815730455079,11.38557,5.2335825
265.69008269375365,-11.859113066391824,12.136207,2.045948
266.19736578844214,-11.642710521111521,10.28015,4.2904615
266.22269040618227,-11.601511393514118,12.725957,2.922845
266.0386081234825,-11.617293481271195,12.6082325,2.2627716
266.19421257651203,-11.433812995145436,12.110126,1.5359001
265.4065047892344,-11.45458524771974,12.392191,1.2548857
265.2264498608508,-11.38754142114905,12.471691,2.8434744
265.5397686613138,-11.186940891965316,12.195973,1.9778948
262.97714834055574,-13.115068434791105,12.861696,3.28695
263.13723151316776,-13.004497289282089,12.620736,5.0490026
263.544201867927,-12.668378370568062,12.0029335,1.8976421
263.0476886986035,-12.64575483755715,12.615976,2.194189
262.6465551459817,-12.683968998713354,11.838404,0.99739075
262.61988394195697,-12.661991439268622,12.705191,2.2013063
262.8093090550498,-12.503901945042298,12.506984,2.916582
262.4183500065377,-12.738380318544868,12.632386,2.6776314
263.0515038733097,-12.434206803274007,10.168762,1.8338003
262.85208941461906,-12.447261162526235,10.406297,3.3774328
264.0458184166998,-12.016311277913063,12.7663555,2.2014694
264.08609275618903,-11.924810207881338,12.572511,2.0474882
263.86042134261584,-11.875372698567213,12.43235,1.4156427
263.9662360778225,-11.748441026485532,12.139015,0.95920944
263.7863353122471,-11.699706318657173,12.723113,1.3203325
263.6807585561312,-11.638244162330281,12.294005,1.141921
262.7047622177433,-12.110226454120578,10.822318,1.9174576
262.4704369378072,-12.047074874818252,11.589945,1.1865482
262.3683072858451,-11.975684500120252,10.297033,4.1067104
262.4688894484092,-11.942421251847763,11.581737,1.2801485
261.87338240063804,-12.252890430130766,11.02552,1.8795404
261.89965267941477,-12.083797523678378,11.118044,1.7269936
262.1503128670891,-12.046040549356782,11.601645,2.1290045
262.3586444282669,-11.598491228772259,11.252593,1.6730585
262.8092669645067,-11.750746073615883,12.958767,1.3768129
262.9117720705514,-11.589217044357355,12.70603,1.1256475
263.2615761827769,-11.473197523418609,12.865134,2.5924273
263.4447237010038,-11.403815626050093,11.835666,1.7942276
263.23485313108614,-11.357529757887077,12.941751,1.4882574
263.32076720606375,-11.130528942337861,12.159495,2.136774
262.67563086658447,-11.468844159423252,12.945179,0.69562244
262.3491277132116,-11.408732735393109,12.444494,3.4856558
262.5974714410717,-11.314405368686922,11.554878,1.8385782
262.7201317340001,-11.205091657135355,10.123695,1.8968048
263.11220634519407,-11.112054181041206,9.99943,0.8465662
263.02117995244976,-10.930767741403566,11.848934,1.9018593
262.93749199540395,-10.862855297837168,11.897267,2.043064
264.57609713355697,-11.67944190503721,12.101202,1.7182283
264.19711730554917,-11.796994455097188,12.685643,1.8566198
264.3936215039631,-11.622716663239418,12.114205,2.4579172
264.39678588208915,-11.48092695312125,12.668577,1.9102287
264.6878626222295,-11.553076644935814,12.895026,1.3416271
264.7532939994972,-11.452548290846856,12.520367,4.240718
264.94638691472323,-11.50471949473238,10.386576,0.7758808
264.84606148235724,-11.50873162670025,10.122669,0.80082035
264.83890335623147,-11.488134104064528,12.900852,4.048253
264.111937656896,-11.308601248081708,12.615248,2.5795784
264.412934219288,-11.360467553547107,12.309287,2.005865
265.20531948004367,-11.299167283994151,11.8405075,1.8761015
265.18245100302,-11.088401239845876,12.741055,1.9382067
265.1709044302956,-10.893929554567054,11.056243,2.5035334
265.38754077351444,-10.868870443403326,12.064414,3.1954422
265.6735716481942,-10.819697146292356,12.412746,2.409687
265.1364727963249,-10.784047094143148,12.75738,3.32895
264.65327974024143,-10.80372764534583,12.071645,1.8186855
265.05082330771677,-10.7634443748485,11.9247875,0.9457941
265.2279344225124,-10.575752704359118,12.3461,2.0101671
265.21879162324194,-10.52350300725204,12.482779,1.0815811
265.1832824533736,-10.475261137565255,12.650328,1.6351347
265.12759775038523,-10.467230136390308,11.910609,2.2545528
263.60001432712824,-11.334056198994537,12.546335,2.7073908
263.7931895962799,-11.17155133806641,12.584339,2.3993578
264.04927038520344,-10.862126987469605,11.769733,2.6908484
263.95876240495477,-10.846605848709569,11.630438,1.9957008
264.2598985877884,-10.06815465622448,12.416288,3.0978994
264.1772488575658,-9.832179663888889,8.522395,0.7817116
267.2175041979125,-11.99051791699013,12.242255,5.4999504
267.5151583412239,-11.617015285544955,11.821047,5.149228
267.34161873257233,-11.545160617198865,11.396914,2.1433058
266.94886905731676,-11.617788611091814,12.703182,2.0666456
266.88276167559997,-11.581203599560139,11.652627,1.4137573
267.0968104709375,-11.345634258221974,12.734401,3.444522
266.5747684742884,-11.467236508684797,12.253709,2.658001
266.6578744723542,-11.31450062649519,12.607337,1.6124516
267.8996830365341,-11.021877243278551,12.968962,2.282012
268.28518945591435,-10.737514397827777,11.663176,2.4380255
267.5107804054137,-10.96943328506151,12.448759,2.7201996
267.33949431202524,-10.723599356557944,12.7618265,3.1691637
266.049585107858,-10.883939844357172,12.960639,1.4097319
266.90640128461376,-10.458991009193022,12.933852,1.8094187
266.65352340861705,-10.243111494775846,12.747553,3.406887
268.66126507328266,-10.65553493160555,12.902458,2.8172255
268.5717470932511,-10.542352708397974,12.950227,1.4755411
268.93661100320975,-10.298126234473472,11.75275,1.5758734
269.5114425621168,-9.924329189458602,11.189554,4.404048
269.43939002536655,-9.882949523643996,11.559547,2.9949245
269.77802221466607,-9.42033004654104,12.61963,1.6576977
268.8290360971135,-9.509216727877037,11.950612,2.1881666
269.4576070264424,-9.293095615306395,12.258461,2.751645
269.1498382374203,-9.407123215400544,12.816636,1.598383
268.04759266645203,-9.742379025030287,12.683868,1.4958439
268.20902196507774,-9.568154130049729,12.68763,3.80365
267.754677565096,-9.592542905225244,12.9398575,2.0553951
268.0605337890661,-9.447746331207748,12.154637,1.508214
268.00422818929917,-9.3218554862223,11.084266,2.0486593
267.95781657949766,-9.192789890513007,12.953297,1.932662
268.8143012572681,-9.335272634279002,12.234053,3.235262
268.97634461686135,-9.222991347308072,12.463849,6.456485
268.23844978108144,-9.07664320108395,11.132136,1.8768654
268.5323283495291,-8.660648750003594,11.497289,5.354785
265.67628071849475,-10.633278302809352,12.303709,1.3709087
266.08493501080727,-10.273485286387162,12.333463,1.2915077
266.2772570993268,-10.24878638715253,12.7884655,2.251052
266.0099828811892,-10.052250200768077,12.063842,1.9373922
265.3540967130081,-10.117107392036008,12.679834,2.1184263
265.49370643278775,-9.897490193609846,12.969312,2.1475868
266.3614014575379,-9.861016261682853,12.682244,1.3531618
266.4078004312211,-9.773590860119935,12.71359,2.3617296
266.1046192123425,-9.771904812833762,12.850994,4.433075
266.4726914637214,-9.382002046898597,11.736511,4.625187
266.3533219457493,-9.315656976271299,11.814707,1.3901691
266.2020304224713,-9.344580904029995,12.777441,2.5388193
264.90229803662214,-9.831081999064367,11.889412,2.178424
265.31443126644075,-9.644308183694116,11.820016,2.1005116
265.16527328538496,-9.655889885912615,12.757786,1.4448032
265.04236782133984,-9.569894185496914,11.544044,1.2055197
265.7150390429533,-9.329582979841495,11.921664,1.2243919
265.4734590137726,-9.293298605557629,10.338448,2.4942465
265.76978235229666,-9.06248759949301,12.795086,2.530943
266.22896299104934,-8.770360330094231,12.821605,3.1229334
268.3009987298155,-8.82400225965351,12.212482,2.2327318
268.6418890079139,-8.725438004727572,12.44441,1.7930031
268.4709669830371,-8.548796658950344,12.271516,2.0038137
265.8193212290613,-10.725499577464658,12.976167,2.203843
266.0838513733206,-10.394686097028039,12.889602,2.134511
265.428354438547,-10.402470176811159,11.519219,1.9454451
265.4536671757655,-10.174913459808646,12.65249,4.426957
265.8195195565015,-9.8909900000612,12.695029,1.9766035
266.4385440976606,-9.774421999273525,12.319204,2.5215836
266.39438673525564,-9.532008143332606,12.774046,3.835206
266.6526458330203,-9.154133774834397,12.001226,2.8647032
264.87789669140653,-9.224800346673385,12.693802,2.0879602
265.921877628468,-9.31128873458034,12.865098,1.6291199
266.149922208223,-8.889131895474796,12.697603,3.6425343
266.2618686130849,-8.814481366236514,11.455909,2.0238085
265.84274217108253,-8.8537826123585,12.761317,2.2663956
265.63022018209796,-8.539420999598105,12.653646,1.3566408
267.1794785520511,-9.213466626281125,11.818725,1.3877773
267.14567838964666,-9.185466373069929,12.153589,1.3902035
267.2327067251414,-9.12764920651824,12.516319,2.4603882
267.2674237572763,-9.129960502268597,10.771328,4.1243134
267.20620047475745,-9.045304649312536,11.747337,2.7383308
267.6930940419782,-8.986325306724682,11.82574,1.9442558
267.3694865058852,-8.82343714362263,9.803641,0.68163395
267.25644472998346,-8.659934269084888,12.338137,2.5740814
267.24448572715056,-8.474633844744925,12.348226,2.5617456
267.164322606697,-8.44950708980342,11.218231,2.3717394
267.9589976015973,-8.785362980579958,12.547712,2.8318338
268.06232159485756,-8.816492113140994,12.434513,0.927372
268.0526254654234,-8.630870736867397,12.663685,2.425867
268.3877557700179,-8.262721053566375,11.723849,1.1950169
268.0477394887934,-8.427651304158148,12.60962,1.5342007
267.47669250464025,-8.138217262784675,12.173791,1.6077642
266.5402547309719,-8.797752229774257,12.505957,1.4040604
266.63138982754253,-8.568191710079793,8.915832,3.036518
266.9654957869761,-8.252555724279404,12.215872,3.5667505
266.3691359129756,-8.307402300734916,11.063555,1.3612862
266.5770746787648,-8.134443681341647,10.760712,4.0187674
266.2752830464459,-8.14307535917788,12.941759,1.6900711
266.3678546629172,-7.995447629438744,11.695035,2.437067
266.54551347281375,-7.907765628128135,12.898603,2.1378193
266.9041891271354,-8.02688922385325,12.941932,2.3862352
267.0213617789948,-8.006937014573525,12.90455,1.632679
267.48154160862845,-7.611972633986877,12.50716,1.4108648
266.7263207226498,-7.703183678889076,11.16297,1.0809336
261.64007492671317,-11.509102712714094,12.331674,2.2886696
262.02896521699523,-11.59693853230136,12.939887,1.2904444
262.13943752368397,-11.424723161732123,10.752964,3.6845884
261.86612810374726,-11.270269275191932,12.882339,3.0443392
261.2048162455783,-11.64919855340187,12.983758,1.961153
261.19863155301925,-11.13919464606208,12.964218,1.4155836
261.5646890705505,-11.326270430325302,12.911066,2.232522
261.6566280640346,-11.118784293485215,11.910422,1.690835
261.68578307294916,-10.93967646443549,12.195299,2.0750647
262.4094513447104,-11.079209545599658,12.228385,1.1232109
262.35647418409195,-11.035181171634326,12.834262,2.437191
262.6601232849483,-10.900390427764192,11.290402,3.2132416
262.60292600976277,-10.875738889116791,12.740586,1.2149086
262.3559862470899,-10.875287014561989,12.247885,1.7362165
262.74873658618407,-10.62788610433228,12.85562,3.190672
262.6587946141061,-10.684620708406603,11.494975,3.157117
262.11810915686357,-10.70680611928058,12.805576,2.3593197
262.1192818024445,-10.71440847910497,12.566125,2.5459137
262.29390391510833,-10.77791325150742,8.874917,0.82864
262.1465585744595,-10.68504862237987,12.503464,1.7310772
262.415106260608,-10.468897245173736,12.553142,3.008501
262.25429313140614,-10.261613950675393,11.843147,1.6322393
260.89888658967647,-11.332636441769099,12.252771,1.7114248
260.7839210814846,-11.247027293700222,11.827995,1.1158028
260.78404764438466,-11.087758289640998,11.505297,1.9598198
261.25306183708966,-10.590027396116161,11.991105,3.4737825
260.52234943472376,-10.880103054391608,12.485807,1.9308205
260.49565077277913,-10.800204152196628,11.527287,2.1458626
260.50139558934245,-10.582981966618599,11.464621,1.2926464
260.8822720872416,-10.779923406697504,12.882505,2.1178894
260.7633821838304,-10.702546807177594,11.7502365,1.1434698
260.9606591591909,-10.432005891774175,12.578968,1.888711
261.47187611495985,-10.68528957192649,10.108115,3.5178823
261.3993082798449,-10.547758383187796,10.904811,1.1186371
261.3679529663259,-10.425932416158593,12.683507,0.8996258
261.620022111064,-10.419824651483228,9.838716,1.880764
261.875882231526,-10.42990617122157,12.611325,2.0757208
261.77624582979104,-10.0316344561125,12.727309,2.2416725
263.20940358500445,-10.467033997462297,10.093876,2.2423296
262.65872409575644,-10.53684961731239,12.836465,1.6242542
262.6741469113047,-10.528043311294244,12.665547,2.1791735
263.4657758060082,-10.32719610966236,12.9666605,2.4613914
262.90217000186374,-10.170160381853703,9.950571,0.74624634
262.38279823922846,-10.261414493783708,12.89243,1.785655
263.23558250945666,-9.966071533738308,12.5889845,3.6145506
262.7711117352721,-9.79763524053127,12.81993,2.2867403
263.83915823686914,-10.03401877739948,11.9596615,2.2165937
264.04416745221357,-9.533944030303624,12.731302,2.6766253
263.240678162367,-9.742319775601548,12.75752,1.5877142
262.2234757111255,-9.962373498597207,12.733307,2.2009306
262.3608778634408,-9.59075747693296,12.545731,5.6051064
262.0386929643724,-9.521346509320923,10.121779,1.3243446
262.32265135952645,-9.406296200684121,12.852885,1.958086
263.5279125929927,-8.968212196740275,12.033255,2.3875084
262.50808122148646,-9.195892361755556,11.875485,2.2674932
262.6334307417137,-9.008337999731323,12.952341,3.50278
262.83449431300727,-8.654167799543995,10.704698,1.0546169
260.22954814997615,-10.705336375581506,12.982022,2.5293283
260.40661105889546,-10.493165928500327,12.802254,2.712431
260.0302922720204,-10.369711013649432,12.342473,3.7990818
260.1823371783944,-10.182121178643396,12.781231,2.9756765
259.91466698300803,-10.292105083751606,9.590977,2.1646357
259.7307871172695,-10.17168613431801,12.726141,5.7910547
259.5748735024715,-10.180930852570551,11.560023,2.4831848
259.8461933127603,-10.009817569445225,10.271726,3.7611418
260.4762738521167,-9.919442631095615,10.366368,3.4449549
260.76211362954973,-10.073288899946448,11.459927,3.4551277
261.16683860185674,-9.741123188108125,12.958468,1.552187
260.9970151416928,-9.565150961661852,12.189332,3.3427515
260.421503778875,-9.653960283617428,12.327138,1.3364849
259.277817164867,-9.787757833892577,8.905866,1.8989811
259.0301406816776,-9.8022924780823,11.980071,2.8865805
259.1741367974949,-9.636174462931388,12.995011,1.2224836
258.95584123361505,-9.47581934764109,11.136726,2.3850908
260.19963197181926,-9.153385904909493,12.773308,2.2704935
260.4565408192436,-9.118445072843965,11.965203,2.1093893
260.7039113672495,-8.896121895352818,11.880589,2.272439
260.5501566516177,-8.730070576568643,12.427089,1.2885838
259.9618815596846,-9.121394692295164,12.838067,2.2136211
259.99603456075863,-8.862949485545665,12.909285,1.4514923
259.87352177534996,-8.763021841018036,10.818896,1.7676277
259.99739056609315,-8.821462258399531,12.810377,1.4622011
261.313480748971,-9.280735585677284,11.892941,3.0527468
261.15915477296625,-9.172375035650667,12.6111965,2.0232162
262.61214919785994,-8.107830955129646,10.700745,2.418723
261.86077396453004,-8.319987096695174,11.32521,3.6524382
260.51863241584323,-8.513608128211393,12.03302,1.8310795
260.98902796267527,-8.200521943452694,11.448828,1.9904127
261.70326464439404,-8.062797766162793,10.688489,2.2572174
261.4619358849819,-8.124799268147735,12.832032,2.0163507
261.2794298275952,-7.5438296313635025,9.9279175,1.8019323
264.4474605773512,-9.10401927025725,11.148468,2.5975227
263.93189955032415,-8.77621278414755,12.000889,1.9194717
265.07859821895744,-8.812842997487863,12.029348,2.2863064
265.11108714575795,-8.439236261679524,12.976096,1.5387182
264.6210900533202,-8.24933391441898,11.370308,1.8636599
265.2958994547997,-8.189228401318033,12.300359,2.4423237
264.77476726470485,-8.077990472942394,12.357351,2.7111835
264.00246098922827,-8.551356790073255,11.778853,3.2791471
263.28762472189777,-8.61519966048686,12.089593,2.4293842
263.65284672508335,-8.010794074113392,10.3801775,2.0336475
264.5376136193905,-8.2103639088839,12.553165,2.3750286
264.75826194770326,-7.94655944726761,11.264213,2.0405788
264.6007762966963,-7.891312006519198,12.998183,2.173438
264.1510086054904,-7.935279597358201,11.851016,1.221262
264.2350782803378,-7.769670413912255,12.947182,4.205826
263.9593460915068,-7.6915546537407655,12.562808,2.3978758
263.90510297020313,-7.619464934651534,12.744927,1.3268871
264.4911824574575,-7.5679480261077074,12.497154,2.0537882
266.0229054615806,-8.131499344145254,12.077445,2.390129
266.2916020717136,-7.810518057244566,12.499454,1.4020042
265.4876063086131,-7.841076838218121,12.399981,1.6086874
265.6614395799404,-7.816674751785804,12.376801,1.9373827
265.5453952691881,-7.480605916342494,12.335314,2.5500488
266.3061572300617,-7.544135068970748,12.514389,2.1620455
266.84991491027614,-7.397868874484066,12.096722,4.916198
266.3394983543866,-7.161308707674773,12.636374,1.6614447
266.3574972239684,-6.9459065979297705,12.947533,2.9514494
266.3864443979787,-6.915997522562868,12.5392,2.1643162
266.45904767367546,-6.7922019809170395,12.255835,2.8779259
265.00803737108805,-7.5645911930364695,11.613145,1.4110298
265.21068224383515,-7.4985931572707925,11.46073,2.270358
265.0919711164846,-7.352787624772018,12.643873,2.9794617
265.4370358227716,-7.056648062589612,12.017495,2.5855923
265.5014066328459,-6.942607048056442,9.288228,2.175558
265.4946981750471,-6.943540580082058,12.996438,1.6088123
264.5352789019361,-7.076066517666978,12.5918,2.5034695
265.0184624726072,-7.1059921582677585,10.145637,1.0009212
265.62812947079175,-6.953059377589289,12.555742,1.301919
266.21565684499853,-6.661187207320799,12.907371,1.906743
266.39583591353926,-6.620397170129965,12.395605,2.4570808
266.18953173373507,-6.599594699228818,12.840991,1.3225756
265.18301099640377,-6.5519633745293655,12.308511,4.4491596
265.45139911347775,-6.3078178299195375,12.602048,1.6892605
265.74451582994755,-6.287145250656652,12.583745,1.6997166
262.8201082748403,-8.202349322052997,12.362394,4.017747
263.5121352152449,-7.670474446767051,11.643492,2.4246407
262.61466743895403,-8.051738267976216,12.662088,2.460431
263.8066747384269,-7.350551607633864,12.5392885,2.4237976
264.10516472921614,-7.037673184342647,12.54903,2.2377148
263.035866574736,-7.126884179773827,12.465415,2.259923
263.39552679044255,-6.956592099001587,12.309108,1.6182566
262.22972490113597,-7.348335264455515,12.986398,2.2770529
262.5567182928811,-7.009184057142958,10.529124,1.209405
261.7077665555781,-7.120232857590602,12.839003,2.0994349
262.21079429952954,-6.669224831257413,12.942461,1.9601088
263.24109021198814,-6.46058375517362,12.556146,2.218399
262.7138277252387,-6.740675200278764,12.657966,1.3995743
262.6626314872272,-6.250860484562552,12.25215,1.2554626
262.9935457189049,-6.070741907124646,11.37562,1.9121294
264.3990328414653,-7.1276974157360575,11.864732,4.0666656
264.56250603364634,-6.96891966886764,11.169953,3.4928598
264.69255425667114,-6.727375685013471,12.307537,5.2367153
264.3979238553034,-6.478506232568801,12.808528,1.7710295
264.5083587377734,-6.1139039912510516,12.711097,1.2530413
265.3682134255824,-5.957040212343459,12.161936,2.857914
264.7956627591333,-6.085955810827259,11.943022,2.0799685
265.2305092313002,-5.830540311806797,11.0853195,1.2352066
265.13258543589615,-5.842026437434144,11.729854,1.1836967
265.045050682276,-5.65905849384469,12.294896,2.0477715
263.9107882085537,-6.234642823093571,11.320407,2.066576
263.92679853629267,-6.074322308344558,12.19032,1.2956781
263.8350221845657,-6.038337934634041,12.180421,1.178091
263.0798821384356,-6.0098838098350145,12.953649,1.8757648
263.6954971732608,-5.873262824203598,12.026722,2.4357586
263.7170234687961,-5.72757379250476,12.090386,1.4240589
263.5384580438168,-5.769200358817215,12.917721,1.7613773
263.48311242568667,-5.546947293746078,11.718633,1.2038031
268.1815410268582,-9.27095697357704,12.636599,1.5076485
267.9021336112989,-9.242693049447157,11.216427,2.2583923
267.83912567405696,-9.122499727088858,12.397851,1.3836927
268.8958694524518,-9.13490196860959,12.860037,3.2219563
268.91733443507127,-9.031884441779905,9.905761,1.1953955
268.900814291554,-8.93897900678392,11.00002,1.3721409
268.2059415832419,-9.115908048597552,9.637084,1.8806267
268.11816639952076,-9.087920949859937,12.290234,3.1802158
268.1723600376191,-9.042784279519399,12.395151,1.1982231
268.54150590994436,-8.779154087050873,11.535418,2.727913
268.3283628035493,-8.721913850456614,11.981464,2.3026485
268.3976161229288,-8.588714079712412,12.922909,2.5666971
265.55041503950247,-10.44324467101229,11.985277,4.4528265
266.19679662983305,-10.241578181502028,11.083209,1.3851395
265.9278275582875,-10.112549080937267,12.850974,5.0379333
265.6056961637107,-10.205941047134733,12.782534,3.5911417
265.34658939183174,-10.110537710228321,12.182876,2.0701284
265.788493745513,-10.02394138314954,12.149364,2.6250334
265.6976553722301,-9.969903204477959,11.98798,4.467658
265.5741511914839,-9.945927373450594,10.868827,1.6450968
265.5376769804859,-9.917420702038838,12.667966,1.4307823
266.5661822673794,-9.877604910500816,11.925681,1.5836086
267.16579525456916,-9.586358403335897,11.644805,1.8171682
267.00065121180114,-9.58879588828991,11.050869,2.3290024
265.8715627234148,-9.547487065496238,12.8232,2.2004814
266.43229123462027,-9.25275993303132,12.86173,2.2075434
266.46978940947287,-9.116915626537855,11.657675,2.7601051
265.46858551182584,-9.710936015349612,11.626812,4.0827723
265.5834528929719,-9.710226384725688,12.744941,1.5448589
265.55443331925807,-9.640496487019332,12.774531,1.9895592
265.3417594147567,-9.637825715731221,12.789396,1.450408
264.72500313996636,-9.612519587012486,12.8802805,2.3853407
264.9726982370687,-9.176196739143121,12.838507,2.0745144
265.8853193637044,-9.264456673313095,12.791877,2.9647188
267.1741925830626,-9.083600192523505,12.067626,2.0602245
267.1645263994723,-9.049782173505475,12.45378,2.1917543
267.45649853682914,-9.118469364928194,11.5062,2.066411
267.35776177045597,-9.132436294220343,11.86759,1.4198818
267.59706508886524,-8.76249033120491,12.627777,3.5120668
266.84487261005887,-8.986240939613165,12.927409,3.354024
266.76196615400374,-9.026578541500525,11.169365,2.2454548
267.02307046045354,-8.768560049117413,10.988762,2.58037
267.7872736797521,-8.33126737128695,9.996762,1.1011028
267.3995915702743,-8.441100881220757,12.839629,2.3000622
267.43114902990544,-8.220013767993903,12.397632,2.2152214
267.87186731241195,-8.343591662033816,11.951895,2.164815
267.79128432163304,-8.247204049789554,10.886167,3.4180355
268.05638964655043,-8.096124058518296,12.165747,2.1718435
268.1205335595011,-8.113227110111985,11.32645,3.7374048
266.5818035251369,-8.884721652095259,12.51586,1.1898823
266.57752945645484,-8.649974525354652,12.72149,5.542039
266.5009655719844,-8.493303413892148,12.051768,1.496439
266.7515482931431,-8.316199185856588,12.053093,1.537571
266.2551809248297,-8.503938343175774,12.896787,2.6064777
266.4982105798384,-7.961317845625709,12.938034,1.3727064
267.23374897361344,-8.182210776455067,12.580657,3.4645548
267.6632665936991,-7.824145007191718,12.368391,1.47402
267.63623281275153,-7.771380915326533,11.472373,3.1425848
267.44632706721956,-7.573941335204771,11.677341,2.1666565
267.54961535460393,-7.493595027331673,9.802413,3.590685
266.9172884109483,-7.796003787402302,12.916993,3.4537592
261.891861069115,-11.637696307107774,12.421276,1.2671747
261.7504377195381,-11.471897382171923,11.318538,1.7279663
261.7454278476433,-11.234046137724349,10.864009,1.8868389
261.7330010744863,-11.228952094602825,10.85061,2.268633
261.7419434826897,-11.22089836974074,12.425669,1.722785
261.82253198695645,-11.093935419969926,11.170919,2.1312551
261.52977068446893,-10.960642812124542,12.782262,1.7647305
262.12304738145616,-11.244532937645387,11.938984,1.1097698
262.25070637860205,-11.192250398645632,12.576435,2.2563667
262.5055761969806,-11.16896294460046,12.274807,1.8025532
262.2970274535988,-10.842703451972787,12.102267,1.249711
262.84890082238,-10.787921776760424,12.850233,1.4929237
262.49203467554395,-10.667426897092628,12.001993,2.2127523
262.57861399982465,-10.592456267980712,12.89392,2.1076183
261.81755558819054,-10.63499684170682,10.8792715,1.0610828
262.20808270280247,-10.713452846378532,11.613725,1.2371464
262.1401545562201,-10.62294011865739,12.603243,1.4359856
262.04219337964435,-10.489829705689353,12.076968,1.9196415
262.2185279771435,-10.360856356641436,10.663877,1.2169132
261.40768018374206,-10.736374675127022,12.629388,1.3575039
260.50957377896543,-11.033225979242122,12.17478,3.2904825
260.7302483743362,-10.862459773185842,12.824013,2.1737595
260.9114057691958,-10.571151261570707,12.664169,2.364684
261.3533740447752,-10.451595299007638,11.233789,2.1567707
261.6305024771339,-10.253320023717325,12.108719,2.3942318
261.7322423601047,-10.060683164051182,10.917552,2.045457
261.9714304595999,-10.057329829298384,12.843232,2.8260632
261.2787529458377,-10.436294406019499,12.30781,0.97705936
262.967100755028,-10.700786857582093,11.040953,1.2667532
263.10321132422996,-10.451531806014989,12.674047,1.2782755
263.124357425852,-10.274914051870764,12.681597,2.1864824
262.83868511265274,-10.12809471454133,12.050749,1.9751129
262.31581887395413,-10.170696907147242,10.539132,1.2479687
262.46703937543776,-10.113208757678747,9.412781,1.4114199
263.0964034286846,-10.083213823618863,12.527516,2.169509
263.0772359870394,-9.834053414234962,12.630565,2.5876017
263.5276952278318,-9.72852920582049,11.929324,3.1263514
264.1551294645643,-9.741785133461185,12.832404,1.4423199
264.0010605084916,-9.548121847402472,12.746228,3.8541756
264.0149442802827,-9.519636670495336,11.881999,2.0688581
263.51104059471584,-9.476262331438058,10.604414,1.2637758
263.57349463456,-9.096911639906208,11.365737,2.7203846
262.4048803793253,-9.58591022601046,12.972192,2.7645369
263.5245651747055,-9.079866569899465,12.820402,2.0729856
263.1416349251342,-9.02197799112524,11.586334,2.251192
262.56268157799735,-8.844237917290227,12.302709,1.8579531
263.17524571406193,-8.680819651101706,11.297499,1.8935595
260.21952680000925,-10.696511919975801,6.3866057,0.45130348
260.1166966637791,-10.48856967630849,12.377447,1.8784685
260.32870920352696,-10.184756439373897,12.972745,1.9046907
260.499943084187,-9.99758637540104,9.419901,1.0733614
260.0978923263158,-10.16168693469255,12.904787,1.776371
259.9918497042821,-10.159081814934886,12.98952,2.306138
260.8060132686933,-10.098232052894616,12.585967,1.8363543
260.79700550827613,-10.022890022222262,12.905689,1.3996153
260.8469676559422,-9.616631847980765,10.879637,2.321082
260.56846675432735,-9.716310418337846,9.222558,0.9205599
260.4818260448767,-9.651100772378587,11.922698,1.9724655
260.9827916144933,-9.373143899174918,12.431786,3.4255276
259.5369562601687,-9.567847350197699,12.77762,3.4506292
259.1947681516972,-9.754681270855038,12.972903,3.069543
260.13948771919877,-9.120626144300308,10.409378,1.166914
259.76730101681324,-9.141530466694771,9.515029,1.3534222
259.5102925033385,-9.010380544465356,12.176986,1.9931278
260.0407440661498,-8.766213676079893,9.626073,2.9336243
260.10251814836835,-8.46019990241222,12.260766,0.71503067
262.0949726212681,-8.890846711207681,12.8979435,2.1719112
261.9041605205497,-8.883903277792678,12.464981,4.4933558
261.1183437579639,-8.90303143522255,12.976704,2.2212343
262.2530460219788,-8.508286917705993,12.686938,1.7775402
262.7251719648799,-8.527724006711448,12.936986,2.7477703
261.0304975010381,-8.80902125026149,12.757393,2.1447554
261.1177906727396,-8.532889595877554,12.360161,1.367733
260.7005581942284,-8.439461909624296,12.196272,1.4139938
260.83452303039866,-7.895130648885098,12.676148,1.8152533
261.3381408626049,-7.992027652888552,12.68578,2.6537266
261.4927934433518,-7.880486177158969,11.366435,2.42138
261.9204545029097,-7.560195342325968,12.502291,2.1907654
264.6587886990844,-8.841172796976188,8.919054,0.44596004
264.02305749349586,-9.208882973488688,12.721647,1.3038616
264.049631335858,-9.186933440608083,11.797072,2.3596783
264.593434669418,-8.61902682589018,9.708038,2.4878006
264.1889713033818,-8.547811733991834,12.842955,2.2570143
265.04310233553207,-8.51864677376963,10.057462,1.4225235
265.69891484503097,-8.374010706846928,12.139888,4.585635
264.5772935566837,-8.401103579396661,12.724621,3.1402054
265.2967440527143,-8.030855763251484,12.822626,2.670887
263.6924666919249,-8.897729212027386,12.105543,2.3438873
263.75014986991056,-8.780482794155745,10.609898,1.988801
263.94065280103865,-8.294661772042174,9.152172,2.249445
263.2290513948752,-8.374912592430368,12.741317,1.599205
264.46689421619857,-8.082778637506463,10.452159,0.88273716
264.3693097285797,-7.980801346462582,12.719955,1.789422
264.36725570102135,-7.862854990786539,12.701456,2.3320866
264.84095159254446,-7.760849754945176,12.902764,2.417286
265.76929614129153,-8.061293918365113,11.7237215,1.2822466
266.1777474027728,-7.746465302481584,12.721165,2.400854
265.334538092879,-7.953624038741357,12.754779,2.292531
265.40046458395284,-7.53108127823733,12.432043,2.2182703
266.3123314851627,-7.622472456259631,12.727543,2.1400938
266.9568469298513,-6.9997586643572305,12.767818,1.5777779
266.2084553379481,-7.338690135021417,12.930482,1.4996738
265.94590494071065,-7.0796562515808,6.1737957,0.564868
266.71098883560035,-6.862429509017036,7.639171,1.8445315
265.0430944334952,-7.515000716619516,11.713833,3.2695274
265.10364787431365,-7.204635085610261,11.93016,2.3284225
265.7195017365892,-6.906859510967946,11.97367,1.3761034
265.7197335087991,-6.906791080974201,12.478026,1.384058
265.5144655219755,-6.834597556392999,12.043079,4.8577957
266.16317503911984,-6.815224802887273,12.404865,4.530504
266.07542768603867,-6.633802655877462,12.961266,2.2187576
265.62398413033196,-6.614604475112968,12.800996,3.2656384
265.5250417499859,-6.4838751137783825,12.62017,2.33117
265.6486952315359,-6.401920348881349,11.131246,2.4730225
265.6464476964767,-6.146675010814289,11.940982,1.3284302
263.0062694192809,-8.286089791309985,12.855424,2.2506638
263.3492523258472,-8.0143307582334,12.729045,1.6186857
262.7514518754795,-7.946897433003774,8.28324,0.6718559
263.73058605200316,-7.499062034800785,12.365331,2.0463705
263.6696794084938,-7.38659719483037,11.806189,2.12609
264.13019365135114,-7.098699376810848,11.899301,1.186924
263.651896413756,-7.072853151097943,11.434801,1.1786404
263.636089600749,-6.988023171716981,12.891634,2.1617136
262.29727978064466,-7.562867358701135,10.72058,2.231822
262.1076558010799,-7.606915952519032,12.479576,3.0987577
262.0761523355185,-7.439063491215205,12.006238,3.5451279
261.7944859377671,-7.1580286575807195,12.942263,1.8509283
261.86114822189586,-6.988289553181343,12.028887,1.2784195
263.1608389320721,-6.669241712376943,11.884438,1.1252384
263.10408838417516,-6.635450993781412,12.134482,0.9793987
262.6447464345198,-6.621638949946372,12.9070425,1.449296
262.758813888569,-6.419018082307518,12.726826,1.7092648
263.2546168167784,-6.230047614922593,12.8937645,1.8619471
263.1095339476124,-6.259276725945521,12.531303,1.8827696
263.07170708899554,-6.067554177018657,12.885959,1.8238783
262.82020959230545,-6.142570927680549,12.162544,1.102993
264.338630900799,-7.043216622895083,11.590092,3.7822065
264.72050465543214,-6.8667702571095885,12.7303295,1.6093979
264.8450257044715,-6.744957786573863,12.211369,2.5394373
264.50685234800295,-6.277110882074691,11.783739,2.5573072
264.4011011384647,-6.236944777981213,12.748276,2.2979765
264.3356486319967,-6.244643181457217,12.859977,1.4163342
265.4023555987023,-6.155268767355523,12.033228,2.3043032
265.5341680265487,-6.134132907242896,12.053125,2.0123215
264.70518590776385,-6.151766428504993,11.468199,2.5174503
263.6883818829019,-6.302811855153671,12.981492,1.4420767
263.97613059117,-6.128745620794858,7.9209766,0.6250472
264.2658362262222,-5.902684675021986,12.869698,1.6280136
263.87705408281926,-5.923832151184071,10.139267,0.7644453
263.53134593853144,-5.879619437632474,11.2097845,1.1723757
263.1215172031266,-5.974494954918322,12.234305,1.4193001
263.7464231575659,-5.795868201388681,11.303049,1.166215
265.987858049709,-10.367351117836588,12.081351,2.097659
266.14457275004617,-10.336365515099242,8.012269,0.62624645
265.9953832423558,-10.16943461365051,11.941758,1.3078718
265.9171251385791,-10.035283856533766,12.436773,2.0630178
266.39152921889183,-9.871523788054768,10.540919,1.8798151
266.71086352757266,-9.50118072738375,12.974612,5.082615
266.0727040371929,-9.81731560153202,12.622935,3.763648
266.34581314962577,-9.40805145316762,12.77975,2.0604944
265.4651954489454,-9.735792336192,8.213522,2.451283
264.73965927747435,-9.799060129127568,11.306974,1.5105085
264.9094751502554,-9.648455518472586,12.37935,1.3069439
264.97976892045125,-9.441616494159831,11.15598,3.1606903
265.76013466818193,-9.57384642354757,11.338224,2.3242893
266.21504839374984,-8.956914324627377,11.857615,2.0098124
267.12208363638047,-9.133617127964527,12.493478,2.2070637
267.5613173934438,-9.222998596562705,12.735843,1.1700344
267.5449720346352,-9.189303256104052,12.992384,1.9979439
266.73541000356795,-9.133943391424719,11.663297,2.2138357
266.6997751265804,-9.083018891437565,10.3312435,2.2432518
267.95128049506525,-8.565601364140575,12.907289,1.6616583
267.7013764566466,-8.343131731845341,12.972357,1.5697021
267.5788046986926,-8.061195025111077,12.96142,3.1203566
266.67570705626724,-8.700847265544352,12.726024,2.03514
267.0560833387109,-8.347807309111841,12.385568,3.0839558
266.90705767759835,-8.412706601204585,12.123073,4.4170895
266.7907898610475,-8.35102638846129,12.997261,1.564825
266.42467475200027,-8.249843809597373,12.913286,4.1317034
266.34846639531787,-7.964636712362239,11.418737,0.9278555
267.6954204800196,-7.6776400314919675,12.016042,2.0380402
267.49959608952713,-7.790819298601155,12.119477,2.9480371
266.6377684346571,-7.805225183183416,11.793574,4.3910875
267.00651804171616,-7.437992330123767,12.270046,1.9478817
267.12841697382646,-7.269842748847809,11.169958,2.128996
261.63581678523406,-11.391924384065744,11.808874,2.0334997
261.77251047052596,-11.313523888750415,12.802535,1.8492708
261.843177254657,-11.339683516832686,12.211605,1.3085127
261.7665000319098,-11.21587097896723,12.751503,1.9032574
261.62757711159827,-10.99158385898202,10.585548,3.7985659
262.2862191382857,-11.29713494046112,12.648233,2.257927
262.40439480180504,-11.188418617266677,12.475953,1.9018087
262.32689692876664,-11.133864756383495,11.891615,1.3627653
262.1672519701941,-11.020622518261538,12.729564,1.7247171
262.5652154542756,-11.058756876341596,12.524501,1.7721081
262.32759970838526,-10.853975267630387,11.947323,0.8553524
261.97828932296443,-10.8195644049393,12.889743,1.782628
261.7083358238781,-10.86547263501971,9.964546,1.9696035
261.74050082545824,-10.671889707620057,11.422325,1.7241669
261.8075234166437,-10.626096512618126,12.119365,2.2144508
262.41960069520104,-10.648531622845583,12.95609,2.106433
262.16891033860753,-10.527357736196109,10.229749,1.1637812
260.7740220547727,-10.959701700044299,12.844367,1.329503
261.18257532330057,-10.734897243307316,10.6868515,1.0985298
260.68043053872924,-10.672109304379427,12.893092,2.0154858
260.4892054513687,-10.650930169660432,12.963501,2.07271
260.8695124558327,-10.336439963371006,12.8765135,2.0696173
261.82095966817616,-10.433796828777185,9.402126,2.0761328
261.4285853893557,-10.469164528078059,12.999319,2.9267578
261.642869031529,-10.412915903335893,12.65866,1.4779491
261.83610278904274,-10.41573855325886,11.123754,1.2105541
261.99082386177815,-10.27978414934343,12.075366,1.8241968
261.80378210884004,-10.116727534973043,12.910924,1.643467
261.2792938275636,-10.433784965275745,11.689541,1.3576174
261.3938615763592,-10.078440075507617,11.246538,2.198102
261.09924540544597,-10.145624353228092,12.695642,1.3058987
260.96976676533274,-10.253643240241574,11.035055,2.3836155
260.9228819258053,-10.234861182058719,11.004273,2.170332
263.0546490744651,-10.62845558849209,12.932511,3.2384624
262.9114555507674,-10.65696688208108,11.964842,1.8302145
262.83218197217803,-10.661607089086631,12.805589,1.2388029
262.95944120365186,-10.599089154674385,12.328293,1.5143404
263.15755046771886,-10.612155150657648,12.712732,1.8323603
263.2050591387963,-10.355289459770422,12.844522,2.4545403
263.2413279257842,-10.329540820875243,12.872232,1.8251238
263.52449014508113,-10.314322058370843,12.952616,1.7881231
263.2012468096514,-10.256899472277695,9.708148,1.6525106
263.1139528221512,-10.249669775542769,12.884389,1.3794947
263.0540524497088,-10.13405548545912,12.515998,2.192009
263.43998262783845,-10.080336519545678,12.327379,1.2762356
262.35824879779625,-10.210055428186143,12.785642,2.5666227
263.92474529323357,-9.479804850372185,10.644678,1.2335606
263.1851154332237,-9.753069288899718,11.855952,1.5472927
263.772686159595,-9.368803614461426,12.287558,1.2754259
263.7950458346939,-9.304195419451773,12.4541,2.3201313
261.7916214107895,-9.67012255899606,12.339159,2.1284924
262.29195791379607,-9.160309121081013,12.949325,2.0657053
262.6485931669549,-9.30724492918876,12.8607,2.5759115
263.3024827415405,-8.737088892034558,12.67481,1.9157553
263.13229908071,-8.78298595882297,12.662831,2.208105
263.00325628134016,-8.589231982251901,11.728888,2.016653
260.4505416779071,-10.24948941957427,10.767493,0.9494934
259.9689579754934,-10.314540557527055,12.691447,1.9019089
260.3472743829664,-9.907802675819253,12.611045,1.4240551
260.7879981927568,-10.123676957392043,12.7511835,1.4920397
260.7832378599982,-9.738040480615291,12.207748,2.1598778
261.24859771948655,-9.52264452222957,10.690254,1.0403376
259.4610394976843,-9.646564129450736,10.798444,2.3533525
259.3105942054567,-9.58487091990063,12.215677,2.4235592
259.14023701311436,-9.483919102036815,12.275524,1.9877262
259.0857892056172,-9.46941791093409,12.5939245,2.1737413
260.21473149465,-9.475335708645584,12.944709,2.3006601
260.47366995525937,-9.243994800135647,12.103614,3.568676
260.4777669820911,-9.080970340200844,10.65525,1.070077
260.2979620951289,-8.93993020911098,10.894198,1.1241484
260.36496562052423,-8.848967117891346,12.658384,1.2689877
259.83152731162505,-9.0542649665542,12.662469,2.420476
259.85969897461905,-8.95528121848423,12.24998,1.8448343
259.67858815874126,-8.92855949463043,12.642906,1.8104124
261.6709176190782,-9.076719248052818,12.873861,2.2378664
261.2573810831806,-9.212565891833526,7.972586,1.0439315
262.1030240924765,-8.732001910957143,12.758561,1.4930077
262.44797483305064,-8.287144985638303,11.093629,1.4435968
261.8894823489764,-8.402495206952414,12.245751,1.6202164
262.26972751592865,-8.088232656594846,12.854636,3.0901222
260.9858168190944,-8.70336007116114,12.060699,1.4842682
260.8799877182747,-8.689610192921588,12.909204,2.5970678
261.35576254694456,-8.230655206856806,12.994551,1.5374794
260.3640084290735,-8.523573255447433,12.96459,1.6517258
261.000054064852,-8.229674392243362,12.60803,2.229475
261.0769126731534,-8.09054598265722,9.234146,1.7485323
261.96802584616006,-7.972170206073788,12.431868,2.0836544
261.1255119206909,-7.958124058429741,12.575869,1.4425325
261.6504269731778,-7.440593957778884,12.688057,2.089939
264.66215383276443,-9.254445601097395,12.609816,2.33393
264.60076428078423,-8.952829550276276,12.850056,2.200736
264.556592263432,-8.914998811034943,12.80739,2.7183638
264.4374631181839,-8.802112399207639,12.798044,2.2030287
264.6597288833947,-8.7067536716333,12.888674,2.1493645
264.4971039272849,-8.70098469993083,12.675487,1.5728006
264.2744435694427,-8.770855258076535,11.371104,1.4420519
265.1023701826314,-8.891496229657944,12.137817,4.471815
264.90033466212066,-8.627638609194731,11.5210285,1.3631725
265.49448796793763,-8.61125101047223,12.064754,1.6613207
265.54330843520654,-8.239379455848333,12.499915,1.5913715
265.34653821825685,-8.198033823973246,12.462713,2.184164
265.23194929496015,-8.063360825562098,12.953767,3.0481348
264.9479784959881,-7.956303170426666,12.583713,2.7279778
263.80747090849667,-8.582627776346282,12.3406105,2.2739983
263.6411854437777,-8.557995729939389,11.781913,1.3353415
263.97807015506027,-8.410800448081181,12.436091,2.0886211
263.28119642851254,-8.405413915073261,11.837116,2.2950172
263.24486251403124,-8.349159390569254,12.900653,2.1156826
263.3025635665782,-8.100090383865307,12.592438,1.8126945
264.5518873353929,-8.106034792669503,8.842507,0.4305029
264.5228940456669,-7.957777320310974,12.191303,2.2054977
264.15740585046024,-8.103176108225826,12.719953,2.130208
263.99769658516607,-7.865862511980894,12.804523,1.2609844
264.07005856602166,-7.770025370291166,11.292931,1.1159973
264.00548458040794,-7.666283858072276,12.129303,3.0053692
264.3686146663774,-7.236159716906406,12.972067,5.525017
265.6877373581714,-8.050998806398805,12.481877,1.4365435
265.5310817318799,-8.147386320256633,11.820615,2.228342
266.3147507879721,-7.802793771821729,12.651173,3.3805294
265.711581107512,-7.725897800072275,12.79539,1.713233
265.77498926438125,-7.415264523363959,12.790752,2.0135803
266.61497013654747,-7.667900568316224,12.362718,3.0899305
266.32129070432734,-7.562467050060124,12.775918,2.0703297
266.5633079135961,-7.355836547916167,11.756812,2.0014687
266.9229660677526,-7.216386090018649,12.182819,1.3051376
266.80725193495823,-7.20264479208023,11.247615,1.8416433
266.6162355547858,-7.095326920488668,11.742985,1.2374592
266.92772625940097,-7.026444660851745,12.878475,2.284605
266.30465598219155,-7.27602991066943,12.538911,2.2149115
266.35493216975567,-7.097563864409221,12.564792,1.409193
266.53128324697536,-7.105267968777802,9.567782,2.829834
266.40892626415894,-6.973699193174006,12.683094,2.6810102
266.5861519499835,-6.834780138483727,9.3394375,1.8157501
266.43433097083425,-6.720458549269377,12.077839,2.4426632
266.39017580282655,-6.686802466519931,11.825444,3.377468
265.35902644324244,-7.121398445347324,10.503267,3.721264
265.3043161461983,-7.045265835316914,12.5311,3.585845
264.770877281509,-7.332368612803511,12.273166,3.4423275
265.7795847438678,-6.964062772161463,10.942117,3.0230646
266.3380865778085,-6.51658146916623,12.995146,1.7135592
263.00103447282623,-8.172702551729566,12.756764,1.5546246
262.75837340481223,-8.111327785922535,12.9115925,1.6135416
263.48281219373223,-7.827657401096766,11.887408,2.425437
263.5858233945787,-7.738471909623968,12.496608,2.3868017
262.8384059346714,-7.676854949780972,11.318817,2.540555
262.7011319571513,-7.477229766276313,12.365563,3.7913265
263.0269972395057,-7.360557751579864,12.83098,2.7344494
263.0565953238678,-7.324224192743417,12.658671,1.3610554
263.9136863271172,-7.231876148316347,12.480405,3.4312458
263.4916169695463,-7.29522121863321,11.841849,2.2501945
263.6572178005614,-7.1349936084628975,12.476364,1.62257
262.1120502942117,-7.490409493611049,11.897644,3.2968616
262.0380218268187,-7.442160888209164,12.871158,2.6896353
262.2286619776711,-7.339642058666761,12.387999,3.2173538
262.247482828649,-7.227170258118444,12.668612,2.1667166
262.58273457999184,-7.2563372053292,10.296595,2.0742855
262.96465705036815,-7.178688008195814,12.899669,1.6807423
262.71228703892587,-7.195833499529351,12.30017,2.3010178
262.8163419072356,-7.095684381384311,12.191812,2.109232
261.7589485777834,-7.285657718077147,11.23397,1.3826971
262.33142462522153,-6.870913497368224,12.374807,2.779642
263.1633520572187,-6.853457319096295,12.792752,2.2154703
263.02859765123316,-6.758051237870403,12.621739,2.0300179
262.9851765280683,-6.630598259309589,12.0261545,1.2424097
263.23951892043584,-6.67724122498039,11.4339285,2.0130758
262.3147762576907,-6.565996093340841,11.067388,1.0571728
262.95515694112186,-6.474341346062799,10.243423,1.1068993
262.8832361479651,-6.116406552517658,12.846429,2.5654812
264.90484207041015,-6.542698875233874,11.347839,2.7026472
264.1636433037685,-6.753001226215638,12.375944,2.5481663
265.4294128493974,-6.257599771689663,12.943378,2.705041
264.8858094176706,-5.8590481253886155,9.157995,0.644928
264.65671817897487,-5.803107399428011,11.595026,1.1213341
265.161726125343,-5.828093909484115,8.97344,2.5355382
264.8247273156812,-5.678673729534832,10.949975,2.956152
263.499066397082,-6.185661001158378,12.8451,3.5752573
263.37024645911345,-6.2031873550268095,12.126161,3.378768
263.0011194175836,-6.0018647349851735,12.551376,1.8434029
263.37416817756343,-5.745227695663634,5.575381,0.26726246
263.4423240371874,-5.608947920685761,12.722243,3.455433
265.744864007368,-10.473289338122543,12.472504,1.8418827
265.3053194109301,-10.096301174759567,12.995413,1.7018614
265.75091854238497,-9.88493765534813,11.662616,2.0867796
265.7317341557959,-9.707663004961328,12.634405,3.1724424
266.33443827358576,-9.923487280255427,12.295458,2.11368
266.2600035602588,-9.89529598550594,12.001705,1.941267
265.99159675511197,-9.582278478968629,11.747385,1.2800741
265.57232263974424,-9.67457759724477,12.691845,1.1859303
266.2412240727203,-9.02330263587081,11.914126,3.7848263
265.80226623074526,-8.975131062010274,12.172091,1.6285076
265.5263758845525,-8.846923797330795,11.575644,2.4046154
265.78858532864206,-8.530707469837846,12.742375,2.4184284
267.17486764272076,-9.56893013547854,11.795757,2.2699575
267.25700558361103,-9.303306568127754,12.473364,1.4404297
266.9265202689248,-9.285531190359574,12.873477,2.914709
267.227983947491,-9.23274402129124,12.546531,2.8402596
267.49418908403095,-8.859146971224455,11.271552,2.475442
267.44281445641326,-8.773321064622742,11.670954,1.2299585
266.5593870888046,-9.027901097305106,12.036774,3.232749
266.8676551237163,-8.781545020704911,10.352126,0.8888664
267.19044946384696,-8.809167096998028,12.117451,2.4778194
267.2694547470611,-8.752677680386146,12.495338,2.806281
268.08068186881934,-8.629853208974415,10.640068,2.1305666
268.0956246719306,-8.48814709086548,12.273044,1.3053694
267.5031244668099,-8.360271861564092,12.158259,3.359416
267.78011544479375,-8.231136023425385,11.915465,2.4592466
268.09623669396314,-8.067413506781074,12.525118,4.6149473
267.95373331059596,-7.922249901903306,11.967212,2.4896307
266.7997357613081,-8.55723171353099,9.730289,0.6756239
267.03184388702726,-8.517134720573946,12.313863,2.6951256
266.8141965566568,-8.393922676423328,12.780252,2.0001307
266.0652946863681,-8.578581675757938,12.892732,2.472435
265.9897501353004,-8.533196835152527,12.545218,1.3574171
266.1145776553548,-8.409977647128073,12.080335,2.7998972
266.27514673482483,-8.125634157273481,11.889633,2.1285286
267.27097389892316,-8.311059480997258,10.816543,3.2949944
266.77398742374254,-7.941684845099368,11.742435,1.100009
266.88735940798085,-7.608751353543972,12.957453,1.3633833
267.00718052194014,-7.562411882699081,11.675776,1.8630676
267.29819156036666,-7.304116280607368,10.868622,1.1070766
261.5652928190013,-11.728143911316568,12.809024,1.5730381
261.99387011444577,-11.591391789121738,12.0206,2.1453047
262.086991290746,-11.507982999477823,12.246887,1.8702993
261.871532942781,-11.269276340074827,12.487957,1.1689119
261.29449197924316,-11.52125556987732,11.560446,1.0601835
261.3682975600205,-11.465817706748792,12.519156,1.1731434
261.5004638278869,-11.440549006852576,12.946071,1.3551702
261.2733128299152,-11.411425769244564,11.941773,0.8132019
261.5694525549232,-11.185496981082002,12.429386,1.0633631
261.50307651714616,-10.962637488051941,11.018624,1.7406473
262.19961900249854,-11.323828237296567,12.587618,1.7176456
262.6959717202771,-10.955565189864897,12.777934,1.3880072
262.53253589983234,-10.750321707604723,12.799022,1.0534983
262.6825033909184,-10.656411278657059,12.094129,2.553626
262.4026007055468,-10.392065641268088,12.838594,1.4132395
262.1046389716547,-10.588901290712137,12.773797,2.7474995
262.29352889315254,-10.404857470195996,12.746734,1.4898071
260.79139983996777,-11.1975758800986,12.603882,1.0776739
260.84688335209484,-11.142238506453408,12.656132,2.9232416
261.0631132178449,-11.145640341225358,11.170722,1.158884
261.09804442471545,-10.855101218301286,12.9387245,1.9238634
260.60811389431444,-10.616678694591766,11.772201,1.9136343
261.0305342462915,-10.571443012593745,11.5120535,2.1717682
260.7225983523067,-10.470209485083155,12.286813,2.1934881
260.6365050370261,-10.485127471981315,12.504077,1.8034954
261.3507358208905,-10.448192847426792,12.621175,1.8004713
261.5279823238661,-10.320723057425884,12.599712,2.4592028
261.77941984908216,-10.3681169277275,12.02006,1.319788
261.7484445511361,-10.21948584745815,12.357902,2.2603712
261.26078305585105,-9.870852629587992,12.451557,1.5961189
263.03554633689896,-10.719610052835986,8.250224,0.5463886
262.6180850806225,-10.3305359354858,12.496999,0.8820429
262.83911902610004,-10.292870318770714,12.987633,2.5411282
262.79223467480557,-10.254324123057112,10.949863,2.1195297
263.48939650177755,-10.02986325451449,10.88091,1.1272335
263.3814512865526,-9.9302785471953,12.832331,2.2785616
263.9991415293582,-9.848849304030587,12.823387,1.5944796
264.1320726159922,-9.574334633809556,12.973361,2.548356
263.3400181871895,-9.688861547057526,12.631232,1.5726194
263.6920516283953,-9.167852285467612,12.874801,1.3791122
263.7441597325302,-9.09934612683505,12.526113,1.2418575
263.69860932488757,-9.094991722324965,12.409853,1.3922787
262.2209286706896,-10.014518692743632,12.554454,1.6716137
262.1586573177302,-10.00236927968261,11.242443,1.3839169
262.409635126396,-9.733627884598476,12.28717,2.423459
263.4472586130096,-9.171577637710572,10.460739,1.2401972
263.14101803112675,-9.019946541068789,12.041588,2.3638887
262.6551108364316,-8.769946847707638,9.769024,1.9887486
263.1264488668298,-8.727780778410448,11.766493,1.286725
259.9830637639417,-10.635664992717777,12.745016,1.2474012
260.5231148530255,-10.466272702746187,12.437592,1.9054918
260.49720361008406,-10.452747108621598,12.47404,1.9243422
260.37127456503606,-10.110440768969685,9.952878,1.0626526
260.5073769531408,-9.966294849661207,10.921341,2.3873796
260.66076473341377,-9.871827585066768,11.887908,1.8763151
261.142605661419,-9.36310237409741,12.651611,3.2460146
260.4215009935073,-9.653894572001757,12.65847,
260.90895077335375,-9.200632034332356,12.731352,2.4368372
259.6808828564677,-9.431670053027915,9.9489765,1.036562
259.1404401308015,-9.802250843081113,12.610909,2.240468
259.16723397549885,-9.551920296241544,11.833375,1.1989546
259.9394207138477,-9.401827321168428,12.814234,1.71807
259.85106242084686,-9.198978018900842,12.7844515,1.5051956
259.8505944236078,-9.06380682565662,12.07792,3.0778685
259.62999710254036,-9.085300665028424,12.070343,1.4849329
259.8239519454351,-8.97105104457582,10.482087,2.1378546
260.39197512803815,-8.591439312014629,12.322767,2.5580006
260.0782187909638,-8.490680495824753,9.720914,1.6837196
261.5700116073323,-9.291720802253483,12.080036,1.311758
261.1218513120594,-9.008412164712794,11.759387,2.1911898
261.6763994768399,-8.655192438321942,11.981265,2.1142397
262.0312582769315,-8.782243169421417,12.868667,2.5395508
262.6738746416762,-8.526297824977828,12.910164,2.107232
262.50410985593527,-8.41581109087677,10.222861,1.0385466
262.416317774664,-7.925048487931829,11.53568,1.351675
260.8594119136054,-8.848756060419731,12.770128,2.0454206
260.62100168062034,-8.641905090525261,12.036058,1.2834358
261.0577603118572,-8.393782161751743,11.184305,2.1229353
260.9354578986802,-8.149583286504152,12.382172,1.5223732
261.6406566210554,-8.167905632048312,12.964336,1.6328735
261.29872687664465,-8.104753389100738,11.673602,1.1212072
261.88932933305875,-7.96871593033152,11.061567,2.1339474
262.04974248367245,-7.822052383072024,10.508836,2.1299505
261.80611915793054,-7.8558827947495065,12.889861,2.1095629
261.2817329973597,-7.8308863673269204,12.920161,1.4756231
261.1224843864168,-7.584870560040353,12.336809,1.3460474
263.9760602951799,-9.155400535245695,11.790809,2.6195078
264.02983241934396,-8.863617631430374,12.264145,1.4519758
264.14214802211507,-8.782790408052039,12.929033,1.6159697
265.0752077344338,-8.732526490160941,12.282207,2.2509203
265.5921379278863,-8.43763400365065,12.870963,2.2726765
265.151167637286,-7.945041824331605,12.232114,1.4835453
265.0514186326159,-7.881714654720661,12.940995,2.1683006
263.6655340737685,-8.844506905005277,12.103548,1.1954346
263.2064378790929,-8.554848430615968,12.676733,2.5466175
263.2099815331938,-8.424808777860036,12.835196,1.5853529
263.1618391293302,-8.301260720977353,9.908651,2.7848005
263.87384506941953,-8.072519709035856,10.950377,1.046485
264.62740797806305,-8.018665200522529,12.75674,1.5624008
264.3496694159779,-8.036926744515451,7.7998896,0.21823883
264.2909458148226,-7.933539616239548,12.547718,1.3258448
265.6449313505456,-7.990218730168872,12.663641,2.6371489
266.1637905807603,-7.813133747567854,10.182987,1.8004627
265.4128950918084,-7.8559596956923965,12.187396,4.0582695
265.364955321648,-7.697805085942588,11.76654,1.2782612
265.32548886517316,-7.613448645552017,10.756225,1.112915
266.10587381395317,-7.170953277555166,11.897342,2.055007
265.24925907689106,-7.624320747331104,10.651358,2.1874523
265.26472846380295,-7.578205687423748,10.055015,2.3725386
265.21180942664904,-7.451109803405858,12.108503,2.1916819
265.10525269129494,-7.379851612098982,11.591072,1.178894
266.0577174408054,-6.9058948594278124,12.417333,1.9474525
265.84233821127066,-6.842207807292789,12.732959,1.6442146
265.9763915928336,-6.830371133191564,12.147188,2.2423086
266.1440020725868,-6.775728611936433,10.942486,1.1516933
266.2259026069045,-6.79658185839409,12.434845,2.4884596
265.9894031525859,-6.693341282996666,11.432494,1.7012663
266.0683179300169,-6.527554359820247,11.55765,
265.6646561904292,-6.41895619105332,12.718691,1.7924232
265.7273008883613,-6.282328532651906,12.821922,2.1198225
262.89176117708837,-8.31562095623985,9.846479,4.862837
263.01706371889003,-8.251396470960131,10.832145,0.98787403
262.8988318261127,-8.196825294735197,12.816198,2.1414928
262.77483130838414,-8.20644007771436,12.275573,1.218379
264.05057363254605,-6.962102157318726,12.944057,2.938446
263.45747558506616,-6.992423902993515,11.828563,3.0116825
262.54228307514876,-7.455740387408448,11.900859,1.3015728
262.1007474420104,-7.371727181491865,11.273368,1.1861038
262.63456153513863,-7.454411674365424,11.030165,1.3158884
262.5920642185008,-7.148845473000248,12.9667845,2.062745
262.26006604588,-6.949901046395264,12.116191,1.4618368
263.1429570731524,-6.618943584850163,10.896081,2.4784107
263.257287783355,-6.440018153258634,12.563522,1.2433643
263.3694497261958,-6.338066209016792,10.966044,1.7721872
262.6546979278279,-6.62603405902071,12.412356,2.6893263
262.58950052749117,-6.314702840223186,12.597884,2.143653
262.932808108205,-6.424529912611608,12.742278,1.8461018
263.2155708482895,-6.234836926339509,12.43764,1.8494501
263.1492834093534,-6.2672486147843465,9.199574,0.8266821
262.90519703672294,-6.314120475550669,12.414587,1.3358736
263.03809269585986,-6.210852852292158,12.750924,2.535121
264.0906580791283,-6.8358975760362855,11.812309,2.4120417
264.950974914501,-6.479356938947426,9.230942,0.7817936
264.07793767437437,-6.6064485217536655,11.947957,2.7405882
264.0803872311355,-6.275369433198931,12.391358,1.5236645
264.91750956668386,-6.140018786385441,12.825388,1.2828312
265.2838775781417,-5.944227027642604,12.181455,1.2934027
264.69902747030045,-6.105139984384927,12.997865,2.1732445
264.66906584256236,-5.883198471395208,12.067352,1.2524099
264.82339373578696,-5.833443851947297,12.949413,2.2094593
264.6761533587268,-5.760938705300473,11.72653,2.086875
265.1171295679725,-5.577581426143245,12.768794,2.1896534
265.025116564147,-5.4343544000548984,12.580747,4.6607304
264.0471871122645,-6.167055822096022,12.788812,1.6374865
263.95979972237086,-6.004181365737688,12.050672,1.3002996
263.0145483040272,-6.005811893870218,12.061163,1.1983032
264.70426761975233,-5.427550493168261,11.648211,1.0376396
264.9605530462652,-5.4696129582016475,11.908265,3.1332655
264.66762676696754,-5.049193473853171,12.666803,2.177473
264.5150791882993,-5.0035866489830845,11.086791,1.5047092
269.90252602307504,-9.475539220060385,12.791224,6.6365643
269.54272162194695,-9.094560188316487,12.89534,1.5049143
269.91352191127845,-8.288591194668307,12.668557,2.9490414
269.76762028652485,-7.945834225472835,12.062755,4.6224747
269.7089674981254,-7.450806781326197,11.733712,1.8001442
268.4806135259932,-8.116847793702822,12.491742,2.2599096
268.47935371180307,-7.932311339902487,11.956662,1.9010391
268.46927431873905,-7.902366490731573,12.281453,4.2642174
268.8553511089958,-7.933557277384326,12.678578,3.262003
268.9528465310057,-7.600600087214485,11.614424,1.3948727
268.02087328159473,-7.8649231273689955,12.911492,2.3244772
268.12541670315323,-7.77449734222846,12.993934,3.3779268
268.072522213813,-7.761646049040235,10.985582,0.9970665
268.55794496165714,-7.557149128908828,12.878622,2.107462
268.0254422352102,-9.022303294646633,12.769577,1.927021
265.6623767572904,-10.553750599834713,11.231057,1.1246223
265.6756216568709,-10.417602979938161,11.999794,1.958477
266.30216259781196,-10.164943971524556,11.591319,2.2110376
266.12935790339355,-9.97229078931829,11.403142,1.112793
265.1883402749621,-10.124901529457125,11.900274,6.7863398
265.7973757700074,-10.004030249133104,10.560697,6.7623425
266.82466611888066,-9.851012851837163,12.639885,1.4623871
266.68446689648397,-9.626939117310938,11.877899,1.3434744
266.59733753937417,-9.61461709791363,11.221987,2.2718582
266.6465780923081,-9.580866047736466,12.958875,2.077734
266.4584744006655,-9.32740118941229,11.461735,1.9111805
266.6977522814595,-9.18926936389567,12.934099,1.8231592
266.361961565455,-9.343150440197405,12.819907,1.307107
264.9231389803293,-10.061370429957192,12.183867,2.1873436
265.2332791680413,-9.837057648110823,12.711621,1.6972218
264.8687128692487,-9.80237468623426,12.801785,1.9862757
264.90244098628483,-9.306295406520226,11.407618,2.8485012
265.4778433463994,-9.315283525426167,11.742718,2.9073524
265.6624613214222,-8.780764752256465,11.497127,2.0936556
265.63541768178027,-8.542102495419384,12.711156,1.454979
267.3500154548335,-9.442490600198079,12.080298,1.2349405
267.257377144624,-9.424607917135832,12.946584,3.6389246
267.5870964239504,-9.111855707650337,11.321727,2.289792
267.6726711811806,-8.891615353002184,12.910592,3.569518
267.50957658993843,-8.824272483028366,12.825846,2.146799
266.99729256379095,-9.053686200645418,12.7968,3.0935307
266.9694775306063,-8.907205741120551,11.67568,1.4973202
266.5918527766928,-8.97562483104721,12.167397,3.6659193
267.86214186945415,-8.549980442201381,12.269908,3.3032312
268.28253165803244,-8.382226291945782,11.280581,2.6627512
268.0717352370669,-8.324944152914044,11.769534,2.4573917
268.1295066354092,-8.261352877534236,12.900378,2.2209177
268.2211879561545,-8.239954650479651,12.969558,2.2060966
267.48950498748354,-8.393550744890101,12.95301,1.6124506
268.1549433490528,-8.087062815379253,12.909238,3.1426935
267.9929758857542,-8.092499230233027,12.701563,2.531125
266.63399094954906,-8.69619728803125,12.876359,2.548502
266.80423024634337,-8.486288837574435,11.327478,1.2174978
267.02176074886466,-8.475822932729786,12.764889,1.4490385
267.0321041528155,-8.353451601345524,12.890414,1.3422499
266.77322581709257,-8.381273356150771,12.961831,2.5322971
266.1720978060867,-8.238718236544898,11.217779,2.205286
267.06692847250036,-8.111113875732642,11.770034,1.4675398
267.1034876145073,-7.97927118177228,12.82178,2.3872604
267.41817607537075,-7.962584020900048,12.784334,1.5575781
267.32671447595925,-7.748676808151728,12.398813,2.4206476
267.5742579475246,-7.579267450558866,11.731778,3.2366743
266.87709637633776,-7.7726813964128505,10.501913,2.4748688
267.0146097035073,-7.366809197873519,11.573026,1.8194923
261.6447711749475,-11.925738720656287,12.850937,2.059208
261.83460103703385,-11.746032930650044,12.3495245,1.8895369
262.15651507702415,-11.500463256081966,10.222804,0.7702503
261.20146646423876,-11.631126610614503,11.162062,1.0577564
261.29322845026786,-11.599568044589265,12.041185,1.733057
262.22541177676584,-11.263066110321924,12.340377,1.6369476
262.27717266958604,-11.067898152069368,12.092418,1.2522182
262.2695704474483,-10.846978637147805,12.328557,1.9105301
262.5558789488276,-11.030083516896473,12.070079,1.9812117
262.84428214500474,-10.734622622164938,12.675938,1.0679502
262.4011154236577,-10.851715250391507,12.441087,1.2254028
262.5462545066704,-10.782086272372892,11.385866,1.7916441
262.54127323286076,-10.647096611971412,12.388932,1.0872812
261.9879552427163,-10.895137376821438,12.368392,1.278677
261.9668421581589,-10.576587979374494,12.973355,2.0198736
262.1784360140686,-10.626431872995896,12.668241,2.0112238
261.02825923081997,-11.224490192482675,12.085264,1.1783237
260.6638485656163,-11.139988102523317,12.34104,1.2194147
260.5349229615946,-11.09980647305915,12.127357,1.8282137
260.63822691136255,-11.055970466491566,11.6173725,1.9163027
260.85817535019356,-11.03081539879851,12.667244,1.4855547
261.24954364209265,-11.032748274357512,12.937576,1.8040533
261.2970640620315,-10.612809527706577,11.53721,1.9598293
261.1310812240641,-10.496135682604004,11.783204,1.447298
260.6651085179822,-10.611474342221287,12.285651,1.7843857
261.7787895063867,-10.435348521499517,12.006055,1.160924
261.3534295613331,-10.369743505968142,12.6396475,1.9670582
261.0755406850881,-10.247758711552871,12.697556,1.9221287
261.7961884891063,-9.951340583792149,9.406789,2.206604
263.24587050737466,-10.456475283124838,11.496885,1.2267265
262.6941720585605,-10.489192801243883,12.21246,2.006359
262.9836858945323,-10.394165964869623,12.26756,1.3544893
263.4011291073897,-10.314581948914865,11.464997,1.9467068
262.72550119264565,-10.322017404346306,12.860995,2.2071362
262.587372945222,-10.360196719740848,9.386099,0.9092846
262.8202528476319,-10.209366833544932,12.691018,2.2208376
262.9787706354822,-10.064985171517511,12.523783,2.7204647
262.78596118445506,-9.9341473991658,12.872639,2.09453
262.9849003454624,-9.748414607205628,12.651567,2.4269686
262.8874193838444,-9.807466830259559,10.769749,4.5932436
263.22301072533514,-9.797733913433309,12.008423,2.1290026
263.1942703501608,-9.623768577323693,12.9961405,2.1926575
263.58886729180324,-9.365026230529946,10.0162525,2.1882915
263.81778966524763,-9.268312709672927,11.789564,1.8290195
262.0902369324953,-9.911624627727084,12.557188,2.5861158
262.22338967240455,-9.546490116310876,12.663762,2.409894
262.33869211821127,-9.30948666643147,11.4114065,2.7693806
262.93065630722685,-9.556025676070421,12.588972,1.4104948
263.0153643173268,-8.9642635012126,12.943369,2.4047651
262.6394876235863,-9.191314449407221,10.189329,1.1522942
262.78967301401866,-8.762400370141112,12.688012,3.7677155
260.06398493284934,-10.29918350363514,12.3306675,2.0489712
260.46847410697757,-10.440672481551227,11.4125595,1.1419954
260.7568158244193,-10.224900265113597,11.47833,2.1362143
260.3695680744213,-10.11207112181677,10.890254,1.3597822
259.9428822847117,-10.171736158853804,12.863353,1.4351206
259.88441504816666,-10.136474693294703,11.881626,1.8771849
259.6534715638013,-10.243233579345414,12.722064,1.951561
260.2223227593887,-9.877834484220255,12.354567,3.1378403
260.1127525915859,-9.825290262783305,12.29419,1.6624975
260.89489162360627,-10.002974902105736,12.910759,1.348362
260.65088469312946,-9.98392769193406,11.501942,1.0231295
260.6743585975912,-9.954164169156094,10.405593,0.92980194
261.11120620036235,-9.69889232712004,11.984285,2.1575613
261.1939977390143,-9.614947089731725,12.878152,2.0487804
261.5218544457326,-9.62695975761967,10.596301,2.3072653
260.53136733109943,-9.633232188198502,12.759902,2.8094816
260.3960096923282,-9.520850846717972,12.083853,1.52386
258.76492506873007,-9.597220352209366,12.638269,1.4770069
258.86767095120825,-9.528199308989754,12.096402,2.3320389
259.5701456104247,-9.304556614489002,11.094339,1.2106009
260.35267380646036,-8.824624248514906,11.463193,1.1049843
259.9711415313552,-8.963532649914612,12.148247,1.153655
259.7009959479878,-8.927860828540165,12.939651,2.07934
260.20610852716305,-8.46443611158368,12.802502,1.8287449
261.7504611461532,-9.365571190984925,12.524647,3.5742836
261.8350443324128,-9.035267477370455,12.211262,2.2695074
261.6752318568084,-8.677163487203831,12.180696,1.5949497
261.46253096330634,-8.672199913531744,7.3620396,1.5644631
262.4068196183722,-8.091600820227914,11.323095,1.2586403
261.18314466107887,-8.59006150460203,12.446802,2.5680008
261.34340099515816,-8.29758903478816,12.347535,2.3835526
260.70335096288153,-8.419237987119086,12.24845,2.118866
260.2967630011061,-8.367687816854898,12.085286,1.1585426
260.25051969690617,-8.363125725779964,12.739433,2.0735474
260.8643615661851,-8.149110932839408,12.806663,2.1380405
261.61044339381255,-7.8682863349418355,12.776383,1.9727535
261.7513760951043,-7.68105939679164,12.557229,1.9473019
261.1812854783686,-8.041214996256787,12.790322,3.0828848
260.90987344345046,-7.753722002946145,12.960079,1.5095873
261.4697473518237,-7.370874755873028,12.436451,1.4738312
264.51487682245715,-9.22411188445208,12.948924,2.2621822
264.68211848851325,-8.729530969904,12.759461,1.7432213
264.49541510667416,-8.66597508891167,12.239978,2.27353
265.16666092917524,-8.729830513557628,11.65506,3.1226435
265.51249261510156,-8.46743784363888,12.558728,2.1507168
265.39376991633054,-8.266588839487358,12.853475,2.1763277
264.6358493062896,-8.59183204706547,11.807352,1.1804829
264.45336957925554,-8.423044238165465,10.087948,0.9699459
263.59331391641854,-8.864985840818665,12.628398,2.249977
263.91129134799144,-8.533503842564617,11.446541,2.5652628
264.03716835692853,-8.521901694770289,12.743745,2.1083975
263.98246292154374,-8.355149389332786,11.776605,1.214921
263.88574598223323,-8.211979130428738,12.64773,1.2997313
263.1261254040234,-8.32392816375739,12.581269,1.4371433
263.6650605852509,-8.278804701769737,12.672179,2.1159534
263.8341689763179,-8.237145834301229,12.861119,2.3996544
263.67197545981526,-8.090421100773302,11.995118,3.9036503
264.2441106328223,-8.254237996113009,10.685767,2.8567295
264.3679607476928,-8.0196647858584,11.264265,1.98915
263.9825796466297,-7.61210024897735,12.4944315,2.0917912
264.2275125419545,-7.655995671443886,12.889636,2.1267233
264.43985713847815,-7.322127939969164,11.748603,1.8117361
265.79046140961054,-7.834723310915742,12.1066475,1.2849245
266.10626480089013,-7.870272448025046,9.156369,2.638307
266.24315358787845,-7.8732662042246515,12.909024,2.6336174
266.1307501856112,-7.745837220273577,12.771771,1.4291725
265.54568494533044,-7.810573598564671,12.292591,2.0442438
265.17054493319455,-7.81285879857684,12.541511,1.9077997
266.185350225177,-7.446730698488607,12.2893715,1.4526539
266.2460834727348,-6.999801903648075,12.908903,1.2179651
265.11577544628466,-7.087448001510172,9.78407,1.1587191
266.0548602535441,-6.945152336854212,9.863189,3.298602
265.8048493391506,-6.781254175975891,11.399198,1.3104811
265.92352169070267,-6.710724692340051,12.978512,1.5015507
266.33894804048833,-6.679545419497087,11.129182,1.0040331
265.47818340085337,-6.347541385467932,11.565729,1.4477797
265.7242267142681,-6.440746583006722,11.38823,2.7667236
262.9616075962544,-8.131778104632373,12.849634,3.5414238
262.9973015013746,-7.20676321989737,11.42915,1.5575905
263.4578890560743,-7.477284574025535,12.723356,1.3977003
264.1222639910786,-7.0207949169029185,10.325018,3.0780907
263.26132773743285,-7.344847098436644,12.261381,2.274827
263.36705618963225,-6.846679335438745,11.65573,2.170106
263.6412997682644,-6.688468111637022,11.989382,1.4193792
262.44838277601735,-7.366421823083558,12.839559,1.7138062
262.0166559332363,-7.173164922723148,12.143721,4.713521
261.88712703676185,-7.035479535184907,12.998037,2.3602762
263.0930988946259,-6.812676017322027,12.214241,5.334052
262.8656222725579,-6.854823779733465,12.901645,1.53971
262.7022475725261,-6.746907440501724,11.857043,1.4157076
262.4886401995091,-6.726503941387887,12.422152,1.9889498
262.71245815908475,-6.422767304816322,10.430619,0.9707527
262.88862064117524,-6.365611844401568,12.66351,1.830224
262.949386814173,-6.346849829865875,10.686173,2.3363886
263.22100141946845,-6.236327169583023,11.716999,3.873232
264.7851084700824,-6.491122994960838,12.121614,2.4129896
264.0893193001731,-6.343606915199986,12.841052,2.624834
264.3454722141409,-6.528181141755146,10.7174635,1.1913662
265.0454136497673,-6.036928605690639,12.641447,3.4484034
264.66906761374054,-5.964603208408354,10.652651,2.3212452
264.5570029465827,-5.889364365974332,12.6151905,3.2817183
265.05375354873996,-5.600036992965554,11.834488,2.1649237
263.99958382643547,-6.050915339824211,12.120665,3.878353
263.59566793255067,-5.919320189489697,12.429174,1.9843035
263.15974648860254,-6.0945423191288075,12.597505,1.1831923
263.49565309065207,-5.659015246882708,10.939996,3.353362
263.52056865272664,-5.640320148712915,12.295965,1.2494612
263.64787497145244,-5.593584294342331,12.144664,1.3263092
264.18939562115105,-5.280697973428565,12.849626,1.5819082
263.7511168444722,-5.358241965284396,12.532653,1.6688566
264.2910648760334,-5.077379935779588,11.515514,3.4038029
269.7284811826232,-9.018657247401636,8.650078,1.8240871
264.3819216770442,-14.260795986992369,11.987711,1.1778307
264.61290388827723,-14.232395067073142,12.617392,1.0426121
264.49612457717683,-14.239281763189966,12.622543,1.6939278
264.1124164936637,-14.132679020064161,12.688505,1.7322788
264.1626742892081,-14.090248235109119,12.86424,1.6624413
264.3050862567793,-14.001171705423118,7.8358064,0.5292702
264.3332646399363,-13.950104096678695,9.319124,1.4495211
264.64004338701363,-13.990293119240915,12.486952,1.5614243
264.75669346502366,-13.706951329390344,12.935221,1.457448
264.1432650924775,-13.758396449717836,12.466976,1.6471853
263.84091725629054,-13.884559855053679,11.725044,1.7758818
263.9699061733402,-13.854390247516333,11.372799,1.0199766
264.2490984804117,-13.651719331303468,12.671106,2.215271
264.1847057086646,-13.534701845921946,12.789447,3.488656
264.39061258206334,-13.375017261442862,12.226841,1.0600052
264.9701362020049,-13.673262839105655,10.492573,2.1526136
265.11209785128165,-13.64437183312852,12.423521,2.3256588
265.1623434255028,-13.58048366960467,12.904321,2.048315
265.11444004704407,-13.565857126942168,9.86595,2.3439999
264.870779954476,-13.648706000234506,12.021096,1.2551775
265.43094912906,-13.405399424421674,11.70554,2.281723
265.4154768713929,-13.36338688160219,12.010141,1.6376686
265.18432553268224,-13.208120452513597,11.988723,0.7696953
264.6697450940857,-13.497869470728933,12.448078,1.7086487
264.8337417452949,-13.346853677080302,11.588574,2.1399174
264.7894720520174,-13.272725121247742,12.840772,2.899394
264.62251136330826,-13.323490207880237,9.461323,1.6549673
264.6001069911147,-13.172986375907133,11.9701605,0.60138035
265.3154915365095,-13.035982520607293,12.240888,2.4238834
265.35330605241717,-12.875551136885944,4.2055626,0.14438915
265.2028443610171,-12.834061922283018,12.074285,1.8387852
264.8194808892674,-13.002688365565131,12.473474,1.0424547
265.1397455094459,-12.772883255123556,10.8913145,1.6662188
264.9602758181973,-12.741806050807643,11.7193165,
263.76215639217094,-13.754940455304375,12.143931,0.98601246
263.9962804786344,-13.5361639064226,12.46733,4.2364492
263.9075016885502,-13.478255947887218,11.925557,2.8368492
263.65089181207554,-13.570772774584427,12.606321,2.3250914
263.6457848029444,-13.499637131075099,11.838162,1.6442919
263.58250890803254,-13.327166177560967,10.881688,1.7413063
263.6786535480958,-13.256711174605073,12.691297,1.9682684
264.0799923239849,-13.464684426512381,11.965348,2.9755287
264.1388381351947,-13.295896319117215,12.108179,3.716302
263.37240380613,-13.471292883402885,12.967612,1.8643646
263.28965228879485,-13.419069528121327,12.773102,1.116127
263.2530767909011,-13.007186386947932,12.972728,2.3413658
263.7810485157041,-13.139671604630243,12.894028,2.1085625
263.6016124660082,-13.015528056523083,11.077619,0.96611977
263.8695835451807,-13.005632977052967,12.9896965,3.9799213
263.59847757168967,-12.867546505241561,12.926996,2.2944527
264.12713074742,-12.870110745481945,12.827333,2.1819677
264.21419864122265,-12.836252351215261,10.963962,0.9773531
264.2268170907943,-12.83764701765767,12.999185,1.7851686
264.28428082597236,-12.796505330342972,11.550733,1.7712631
264.67299087111815,-12.824089944563429,11.709655,1.7613344
264.55910512678554,-12.506918915548912,11.819144,2.2913132
263.9913973740895,-12.730445935625474,12.055178,1.9619513
264.09084555050737,-12.619640284607165,12.16694,4.74382
263.7979045293909,-12.731189507936028,12.467419,1.8696747
266.0581188976166,-12.953295736237733,11.630608,1.8267975
265.5984511990368,-13.026388024700896,10.19343,1.5269775
265.4508692662853,-12.92485226086992,12.062332,1.6945953
265.2693796820551,-12.790370540059175,12.520955,2.2977934
265.5430943253738,-12.540131370935791,12.534798,2.5235682
265.2466511560966,-12.506489869115802,12.8715515,1.8494186
266.54724623767993,-12.43202784226499,12.954106,1.9083805
266.5046845203658,-12.06990881130807,11.775076,2.12191
266.70355326277456,-12.113523914324011,12.79784,2.336154
266.801287524045,-11.876276120286285,12.987051,4.511157
266.18105010841043,-12.235802000111264,12.506912,4.7145233
266.4477323315017,-11.95640763345142,12.806469,1.5496826
265.33650828096637,-12.279721863036468,12.811491,2.0924215
265.2338165691853,-12.234772932539977,12.399218,4.0412703
264.8767872099214,-12.32979635643294,12.416149,2.1029892
264.8571833005242,-12.23632717613854,12.17407,1.8755579
265.5379526756255,-12.22675171489266,12.057711,1.8753328
265.30058697035975,-12.164567820396732,12.0225115,1.8976736
265.1808018108395,-11.983304692166564,12.369542,1.2236967
265.09342484861327,-11.802602433519539,11.882278,1.3711739
265.83816861067277,-11.897887643165218,12.132376,1.1282358
265.9723192368833,-11.826998475343316,12.92447,2.0479736
265.68553983425164,-11.631989368798807,10.544067,1.0715485
266.338782012222,-11.510954365302693,12.830075,3.7892313
265.5918753846782,-11.294185585196992,11.103376,1.975441
265.9813401835199,-11.078128922886883,12.953952,4.1094303
265.72977731378637,-11.092253919925746,12.642219,2.6237335
262.8946953972593,-12.85113825587478,12.351922,1.8845482
263.50067795974786,-12.76212648775256,12.8611765,1.328907
263.09308427591543,-12.637947802856091,12.42534,3.287856
263.1368926783802,-12.510160768826665,10.5386305,1.8079128
263.0015709304888,-12.523575860746371,9.13268,0.54263115
262.9214875143012,-12.248721159493956,12.165586,2.4010344
263.0188935827903,-12.09361951245752,12.734592,1.8274422
263.6403893953317,-12.419019870472027,11.968142,3.2916899
263.52741517719056,-12.374766460788532,12.909866,3.4272776
263.72021546082516,-12.176194258394412,12.077995,2.2608662
263.59579430848015,-12.135689963276846,12.539969,2.074976
263.2751616351779,-12.272736564697595,10.576797,1.1514978
263.24738878634935,-12.013374483054216,12.811173,1.3858271
263.3956988687011,-11.827587383088854,12.945149,1.431243
263.6995826407476,-11.96904203912692,12.835455,1.9910059
263.7931062400973,-11.87973489836916,12.579366,1.2376013
263.72435603931916,-11.813861797021051,8.770395,2.3800936
263.45853385029466,-11.712738200239874,12.959317,2.7798157
262.1233499619066,-12.24606186127268,10.660048,0.854805
262.73170224856517,-12.131502499964206,12.33767,2.2096481
262.7142096909834,-11.81296307878074,11.310835,1.892972
261.8479124232436,-12.129394349357083,12.925795,1.8196058
262.5707516271986,-11.684564902402876,12.802313,1.2482119
262.24041620435025,-11.668230286591372,9.707392,0.6756735
263.1824912441505,-11.834181347815054,12.37243,1.9989128
262.82532127159743,-11.736058101198644,10.495676,1.939621
263.31636631112883,-11.346174885914317,11.328763,1.8624535
262.5275177295381,-11.384831013137775,12.030584,1.0853281
262.6575571546401,-11.18424706298866,12.636684,2.4468641
262.95283286088755,-11.266341003156938,12.691691,1.2817745
263.0006737947618,-11.19163584295452,12.61557,1.9593744
264.2870255983779,-11.9175075776076,12.309572,1.884242
264.2076050490245,-11.83029770394337,10.357869,0.9763632
264.1403558782806,-11.808659824800474,12.186893,2.0144339
264.30014120741527,-11.76997762884359,10.627426,3.2927237
263.9496021660277,-11.578790321114328,10.918587,4.801347
264.31606130612295,-11.396611339253946,12.898378,1.8572903
264.1921501276826,-11.392090466888002,12.847591,1.9340353
263.84779459403785,-11.532791476433317,7.2871614,3.0546393
264.49466240337154,-11.228858888559584,12.516023,1.4338455
264.33375660846644,-11.203662540563343,12.702861,2.281433
265.18504889444654,-11.113264860218237,12.7744055,2.8461523
265.158136720173,-11.038372404408513,11.539078,2.4508963
264.4547508504575,-10.761814308027024,12.644333,1.8970194
265.10068042156144,-10.292392921755699,12.838782,1.6060371
264.31277535976875,-10.774172467557282,12.631998,2.1099892
263.86517741276117,-10.790667443454504,12.777511,1.4933586
263.2001740377016,-10.70508259553848,11.241197,0.94728184
263.35447410266437,-10.476041751236398,12.5056505,1.9329271
263.7660720375581,-10.367734855525093,12.187615,1.6108599
263.7248409708955,-10.32025854651295,11.509297,2.1483622
264.31828976368934,-10.70089890538656,12.38288,4.6008844
264.13702067564697,-10.276909425111212,12.466871,2.6187992
263.7635103130009,-10.161111753465068,11.255837,1.1796093
264.129665138807,-9.844074380237291,12.386359,1.6205606
264.29728911030804,-9.756483555870942,12.335885,4.135707
267.1181537787213,-11.700558591942269,12.621971,2.4762135
266.86026197416436,-11.5631872551734,12.638443,3.41191
267.41925934571844,-11.202576484060641,12.639214,3.1703444
267.7746540637483,-11.190317469154722,12.592714,2.4107304
267.94659586245575,-10.926994558547218,11.919372,1.1820345
267.77471434079393,-10.909780030635561,10.727727,1.389432
267.58371264136576,-10.814631433531346,12.432821,1.8115911
266.44877080757004,-11.128129984079525,12.841541,2.3749914
267.0014138194629,-10.800898549666869,12.572757,2.6751842
266.96584710983217,-10.752014848993042,11.870702,2.637041
266.4691390162362,-10.795541723653045,12.082641,2.1400537
266.1512180687128,-10.613593490790523,10.737528,2.6764746
266.2625425985278,-10.517128256661941,12.123996,3.4016047
267.01279922961197,-10.620641320141951,9.499326,2.668292
267.47857108209996,-10.29314578347002,12.904072,2.8296432
267.63521073827854,-10.005105537135606,12.468429,3.696128
266.83213648408423,-10.36436899515788,10.935109,0.99345684
266.6991502153465,-10.295673444486125,12.281453,1.7036266
267.25064299775676,-10.03116661522596,12.206912,2.3045397
267.3961621407669,-9.895901641434644,12.335814,2.5703354
267.38587766488484,-9.797383425501822,12.358405,2.3405647
267.02333225713227,-9.80743777926696,12.714674,2.6269999
268.54928387564473,-10.164123383831258,11.298847,1.2338505
268.05391848821586,-10.230166978469121,11.143718,2.7639093
268.53675857681975,-9.719590149132426,12.63196,1.7956648
269.21131661385664,-10.061181461756226,10.4411,1.2711973
269.02007460706284,-9.857151935110855,10.246244,3.1910744
269.7750421028068,-9.407325306082367,12.4190445,1.484828
269.6875003565102,-9.401353135012178,11.723215,2.689599
269.14296665236213,-9.725368149166371,12.995082,2.980691
269.01245814142925,-9.430997074095282,12.470865,2.1616917
269.131416142825,-9.169808143999472,12.761151,2.5176315
267.80477196047264,-9.929192431826039,12.889493,3.3399496
267.8120084984586,-9.893001171532335,12.281289,4.3008986
267.9329104052712,-9.666382464807596,12.433515,3.3457308
268.44430945349455,-9.590473098753383,11.258431,2.2176943
267.6490754652565,-9.55718984824568,12.009766,1.8182936
267.417057820644,-9.6092448732661,11.042108,1.946001
267.70771753730327,-9.448065022610031,12.333145,2.018941
267.79963960899335,-9.495900583754473,12.908004,1.3829384
267.86933696292465,-9.39877600422556,12.457983,2.2368593
267.92605455649635,-9.356121657722394,12.606313,2.0385866
267.67748996405663,-9.384556923420329,11.283484,1.1604404
267.8168136249309,-9.334709970503557,11.525058,1.8998766
268.5215163281227,-9.263578207331953,12.596091,2.4610014
269.1220735241037,-9.035178813372676,12.784979,2.3823528
268.2472373817715,-9.283742180196885,12.830845,4.006338
268.7841836696774,-8.671605234050114,11.714421,1.3063927
268.77194517980473,-8.65778762565437,12.661229,2.4977732
268.35549615110216,-8.756878234135208,12.640229,1.4545298
268.5095661782509,-8.638837150070193,12.881154,1.5279703
268.3302059812046,-8.715794011081874,10.906175,0.9748049
265.67672355167656,-10.391179895223257,11.440283,1.9512634
265.7207142143075,-10.361447963731704,12.688257,2.9316263
266.3576215050304,-10.192780985493284,12.612386,3.7346134
265.5774801301219,-10.050287872801531,12.166858,2.1809235
265.9166610378008,-10.04965682206608,12.324061,2.8284168
265.9099650024773,-9.992619301083375,12.128746,1.3037148
266.03256347399986,-9.810779238073277,9.398702,0.63096523
265.70290906460366,-9.68546962920461,12.757726,1.9371042
266.5717098237833,-10.078807863829574,12.44876,2.9269228
266.30585041603206,-9.863311316750782,12.817335,3.183405
266.8212075296154,-9.366889968093325,12.634499,2.9694214
266.27840239649345,-9.672456931647252,10.16171,2.1987514
265.89256018818696,-9.635293244006014,11.935895,2.0081892
266.2009917995996,-9.493195288967932,12.46671,2.2736292
265.0573000093662,-10.076245089928872,10.835522,1.0302553
264.99470432650395,-10.110260368356418,10.981181,3.2460432
264.9298625780544,-9.961559247912438,11.002212,2.198843
265.0424669436328,-9.57021482335244,11.713944,1.2776966
266.1109289128073,-9.150043375189059,11.998175,2.7208805
266.20888420150646,-9.006864230603469,12.791581,1.7630539
264.8394755509207,-9.543546678179354,11.620948,1.1452217
264.4095278528178,-9.593077552703862,11.566395,2.4556646
265.0024928282861,-9.200758791826894,12.295824,2.3407602
266.0867073678707,-9.235772761334337,11.5808525,2.2226677
265.8463824117096,-9.009193819383404,8.383277,1.7312622
265.5410429760279,-8.818826128854395,12.479675,2.5073957
265.75053302221056,-8.673319435807253,12.1886,2.100935
267.47030147378945,-9.331531190689597,12.65648,2.9250069
267.3131184611171,-9.178781951612445,12.997977,1.4190454
267.6268529910199,-9.13360680422709,10.818751,3.2504158
267.52778386619383,-9.071330772612207,10.258709,5.5365934
267.4961334364875,-9.004981034745771,8.548492,2.1744738
267.29929378008904,-8.925946822433913,11.723903,1.9860411
266.7630014975554,-8.90138886338899,12.202171,1.291131
267.4811362222828,-8.692419730995836,10.992872,2.119893
267.9123092260385,-8.91823816124739,12.204093,2.657936
267.8519655473034,-8.79012236341927,12.102104,2.0688448
267.7533572074093,-8.457993722293143,10.056231,2.540038
268.03863221108446,-8.23713051851803,12.377984,2.3456097
268.1067202385016,-7.987791713469618,12.422119,3.1932163
267.8649297728662,-8.030176948162998,12.379602,1.6929073
266.624831077536,-8.775171575702577,12.922662,2.6137428
266.56246768866265,-8.631362366860106,12.653946,2.1976585
266.1674099351348,-8.388158854746958,12.463776,2.434948
266.4631485372501,-8.29188405273687,11.693161,3.527566
266.48897363089833,-7.924865410995816,12.931874,2.2158442
267.14063089830216,-8.219298645374169,12.088727,2.5914583
267.38568978730507,-7.977042797243968,12.752536,1.4619884
267.734369175088,-7.731501644514857,12.251675,3.7877321
267.52645359057146,-7.646475753340664,11.746631,1.3594294
267.36799996979767,-7.516567229664645,12.271433,1.0551062
267.0980160257876,-7.495608842905774,11.5581455,2.0807047
261.7059169362633,-11.867695405642701,12.128701,2.2075672
261.898337626412,-11.721487991798721,10.2854805,1.8371563
261.291132289658,-11.710624477776829,12.4330635,1.8427734
262.0644114681638,-11.29444494196745,12.6609955,1.9464426
261.8110408630952,-11.458095149387459,12.557642,2.2121744
261.46427131110266,-11.463536087041154,11.374715,1.940197
261.38817180707605,-11.191536590611815,12.607447,1.9287815
261.3559949179932,-11.005391351026311,12.101831,3.911893
262.22709609385186,-11.076664751609378,12.75092,1.1873302
262.5974125488984,-11.014770264061125,12.389354,1.6650896
262.7356982125135,-10.905980350732442,10.248212,1.6709185
261.0177243293098,-11.193108747621006,12.359118,1.6176634
261.4296962388541,-10.888534087144276,12.152999,1.902874
261.3957011140137,-10.810011302570253,12.583813,3.294405
261.6841106325171,-10.441350498991838,12.318801,1.4175911
261.5786371012551,-10.3820987811909,11.201701,1.0530968
261.5164183942135,-10.333425691751918,10.199194,2.2432518
261.75647182661424,-10.213561688663585,12.750671,2.436698
261.2073125780512,-10.236231671899622,12.539687,2.7607775
261.34153005859145,-10.006765980277411,11.369087,2.4872265
262.89184488785145,-10.242667128446204,12.212698,2.441102
262.5213152555383,-10.10989086182548,12.340104,2.5807037
263.77742693483026,-10.024149052019089,11.965908,1.4485178
263.4317075616831,-9.94612600683313,12.942931,2.0835133
263.79622317487855,-9.757249983115361,12.378573,2.267766
264.09313427475746,-9.79452890161902,9.333697,0.89660454
263.53180003025534,-9.640194062722724,12.178841,2.295992
263.5341082848799,-9.610191095716145,12.391089,1.7157679
263.2819018971912,-9.621074134852886,8.461001,2.1863556
262.3524727218908,-9.7052297346978,11.448446,2.667612
262.52178300641293,-9.813040243978396,12.4329,3.099721
263.4101336786776,-9.098786775494807,12.337867,2.4519987
263.0455391413023,-8.55985413246815,11.942488,3.8998652
259.9323632171185,-10.528714122800558,10.655335,0.9960518
260.5758029109127,-10.037421408679455,12.865601,2.2156582
260.8878242590286,-10.03641788327222,11.149539,1.8732576
261.2054793362587,-9.88947176783948,12.288504,1.9386158
260.4551016407663,-9.649488862103771,12.979842,1.4091921
261.0205636275338,-9.169553401607342,11.62753,1.5213795
259.76993962050676,-9.725467574477811,12.55107,1.6957817
259.8677590886728,-9.576086418126689,12.656291,1.6224098
259.15502023416246,-9.691340407765416,11.752518,2.4990902
258.980040489587,-9.440742880318506,11.587656,1.1272497
259.528330591246,-9.304339582874707,12.793133,2.5981026
259.31907346468864,-9.40451532931424,10.469248,1.8895149
259.5668038851123,-9.179426239078921,10.982609,1.9699535
260.1365721514112,-9.11891898372188,11.723093,1.6605816
261.492926070933,-9.364517212686172,12.042049,1.1353674
261.7472259097815,-9.28727484045734,12.176856,3.2996368
261.5168667771766,-9.246723988355042,12.109204,2.0380201
261.13288181531476,-9.134399487526794,12.471033,2.2791986
261.33764570508845,-8.83091629648685,12.154664,2.6507692
261.5268219018468,-8.928630343039709,12.515606,2.4771795
261.55072251907586,-8.52218580056772,12.40748,2.103304
261.97507997748386,-8.592443875319987,12.416795,2.039981
261.86580047005407,-8.579360244964459,12.110348,2.0784683
261.86285849014496,-8.554378244788051,12.695473,1.5112724
261.779220390509,-8.566459673074732,12.99103,1.997076
261.70470454887965,-8.47228522830912,9.721627,2.6315002
261.9302047573856,-8.162821031754314,12.60067,2.1851835
262.4148032482558,-8.00068526792355,11.98172,2.4332495
262.2386334897187,-8.104279370931593,12.865554,3.239687
260.79494227035883,-8.929335992856812,11.951783,2.5610914
261.0722938590856,-8.734196623776423,11.538895,2.5455399
261.2223868900509,-8.523402053110592,12.446794,1.3914261
260.6713572530718,-8.265325126532044,12.9374895,1.8313417
260.5994697731005,-8.12425054713338,11.735923,1.1979856
260.5970485765837,-8.075735609648067,11.961594,1.7785473
261.5931788527973,-8.075300484060167,12.964561,2.4240074
261.3830870921199,-8.01582256887671,9.389405,2.551324
261.7314840940455,-7.686679518438766,11.656832,1.4856243
261.48811687799775,-7.743956531706982,9.883725,1.912118
261.17768045343104,-7.663797284359463,12.67862,1.4051352
264.233763051845,-9.346121762387616,12.87893,3.0589705
264.48945484724953,-9.10396537806643,11.107109,2.138648
264.7961724021187,-8.820610764863213,12.6455345,2.3009386
264.7963753200428,-8.796387218715456,9.902875,2.258811
263.8316490970267,-9.11354302013506,12.579641,2.3091993
263.8271735312756,-8.972095238198065,12.768124,1.8267784
264.0075610716192,-8.933701227813577,11.835346,2.1661282
264.14571578074174,-8.80746000113407,10.221985,2.2431288
264.5747920518551,-8.770635220062106,12.665718,1.4994946
264.1259373741745,-8.62392734516644,11.372722,2.5135727
264.95869214093483,-8.589002915452745,12.343794,2.4231367
265.5549092019583,-8.328149479391001,12.584901,2.1510859
265.27339117406643,-8.295243031158039,12.677137,2.2004623
264.88426371823357,-8.345464022238632,11.06591,2.2541094
265.0514825146732,-8.33943575746298,12.206639,2.339468
265.3559618847834,-8.062166629036719,10.957414,1.2334309
264.05595439062756,-8.142122282193553,12.8629265,1.7082424
263.20578230946774,-8.502363458116978,12.524815,1.5510397
263.5116338980992,-8.313197008612674,10.6678505,2.0612612
263.11004929631304,-8.346781914262383,11.873319,3.2171745
263.6097222103304,-8.050844772503849,11.513625,2.871746
264.4432405701727,-8.322371861352678,12.571605,1.4074411
264.28320719193147,-8.164991907105174,12.79865,2.0403767
264.1920605116618,-8.073807423240549,12.9993515,1.0110388
264.72406401705985,-8.072809595226563,12.543532,1.2715197
264.01538378103976,-7.621926590757662,12.13822,2.2641182
265.8267571179841,-8.002847603263737,12.286174,2.1403923
266.2687027586254,-7.69067945292759,12.178683,1.3307381
266.1914251874012,-7.631720761065321,12.203579,1.333066
265.64461316103825,-7.786853881748812,12.951909,1.9143715
265.3701125059187,-7.827435565904828,11.160118,2.0150404
265.175582420964,-7.768417348900477,12.53626,2.5556154
266.5659579213608,-7.676074571088472,12.518116,1.244483
266.60941902981523,-7.586752589013285,12.93253,2.7232962
266.3251382056021,-7.430544642392214,12.556274,2.085291
266.51596272390555,-7.297317361220548,11.590254,1.2483435
266.8582901039915,-7.19794993343366,11.998772,1.954732
266.1445008115624,-7.408327708325021,7.845189,0.88189507
266.0837889731941,-7.06724869361293,12.044949,2.1331358
266.0328631331952,-7.074057210059444,12.18966,2.0520468
266.49660390081937,-6.737838514613531,12.939316,1.4861555
265.03852504364085,-7.5925775432956835,12.536466,1.438694
265.2471898040282,-7.553865345318166,10.785495,2.9782639
265.39369798809446,-7.171009938144949,11.113752,5.0356073
265.46433484014716,-7.042867427186367,12.335643,3.0540638
265.37567491711445,-6.993381323368102,12.181684,2.3964167
265.4181028316168,-6.959040481602553,11.855874,3.6522818
264.79080560778596,-7.303863406324102,11.793939,3.320404
265.30728436227764,-6.813718763421146,11.301506,1.391901
265.762414461237,-6.989959178080309,12.568572,6.9524336
266.05569547619353,-6.851943555150447,12.730652,2.568142
265.96477250014175,-6.771802271535832,12.197821,4.9500027
265.48738472547564,-6.877880078412976,12.124998,1.6434212
265.59264616939186,-6.799610426700106,11.139226,2.0024052
266.12625123253883,-6.63004049402281,9.08289,1.1673222
266.36875840230726,-6.607876615060294,10.82419,2.6505623
265.98027506522124,-6.569098117200251,12.182269,2.3509893
262.79055018368365,-8.07860538622206,12.50943,3.7746382
263.4453230070344,-7.917722327827068,8.922852,0.45673084
262.37173804155594,-7.7190037787736925,11.483543,1.4380054
263.5127152344134,-7.540878316925274,12.173537,1.8825655
262.5498967878285,-7.520022661174005,12.95006,3.5526543
261.6798143258787,-7.121348680028952,10.464969,2.082468
263.42103820434437,-6.3835917631712995,12.85273,2.0492144
263.08849196715823,-6.459967571872327,12.574021,2.8435125
262.96327342191444,-6.073629832016009,12.480344,1.2965727
264.748905588348,-6.724257523165141,12.478593,2.1877909
264.63795033236846,-6.528633166378868,11.828747,1.1605577
264.7257242591266,-6.577845487762444,12.886734,2.4107695
264.4582702658103,-6.425114080099135,12.386558,1.534399
264.7002703328569,-6.164933823063348,12.758082,2.2996082
264.8718265746624,-6.1252053831517825,12.127671,2.428028
264.562344936836,-6.054629100152312,12.45321,1.2886782
264.6121439292462,-5.941397955650411,12.818156,1.8152456
263.8774228120245,-5.939510071395046,11.984654,1.4988403
264.1143994982019,-5.77851308497503,12.398146,2.2375174
263.2970025526943,-6.0372826898533605,11.091336,2.0251064
263.092771579973,-6.079091202975644,10.040108,4.015362
264.28519252532254,-5.847237664802531,12.915105,2.6363554
264.7195502832709,-5.361658449989122,12.840765,2.053341
264.64064430567845,-5.04116629751185,11.622344,3.2656612
269.8561920567642,-9.347035547854277,12.8957615,2.340063
269.531473389429,-9.15827131557321,10.869807,1.0327587
269.95445425299357,-8.8440327411915,10.293477,3.5184708
269.9808333452537,-8.531152823561955,11.603996,2.368494
268.76851947463325,-8.49355287107689,12.461903,2.2948084
269.7133438308587,-7.788022344661967,10.06125,2.816061
269.5062169403084,-7.830005988876508,12.582649,1.5588112
268.5975201282433,-8.26151957629667,12.845047,5.505929
268.6218207465588,-7.966269758192315,11.887009,2.908821
268.1593587269378,-7.960017562532082,12.259205,2.5526543
268.0519602789719,-7.673291360754924,12.7290945,2.1586905
268.5586875462748,-7.256672731633884,12.251775,3.4375792
268.98457503724154,-7.45376293186548,12.548432,1.2423639
269.1476203108933,-7.339198833280548,12.5993185,2.2827759
268.7754558599619,-7.041809152099871,11.918194,2.0653353
269.10500898220965,-6.905011323495372,11.376951,1.7708864
269.28431071522596,-6.828915804648767,12.865098,3.3555832
267.97871429155475,-7.634387826769092,12.479416,1.5208044
267.75911180408957,-7.617565340076561,11.480868,3.3578234
267.6347523631958,-7.425866459901671,12.738758,1.3953114
268.2590878579097,-7.277438692242154,10.984492,2.6821632
268.2114580267487,-7.266200536186455,12.883813,1.445735
268.4395998863204,-7.239368129424197,11.309596,0.9926014
268.1045713610179,-7.032051049265961,12.577131,2.0756302
267.6267872452755,-7.201048332404711,11.896272,1.2212048
267.71420736965774,-7.042936323882136,12.973768,3.0226345
267.42482098246427,-7.21843274634075,11.422921,1.1682167
266.9703391225511,-7.635255379136819,11.596564,1.2360449
266.76888346615084,-7.646155659879181,12.217175,2.042305
266.95455617263974,-7.420256219156522,12.963949,2.8694134
267.0925483418432,-7.3862401718163815,10.5446205,1.7870607
267.245119865866,-7.2671088871137925,12.81122,3.1542244
267.1320841578871,-7.274580271546397,12.8889265,1.1500759
261.75084428965926,-11.77032252630074,12.958808,1.7054615
261.41865358090087,-11.721777375575657,12.523095,1.7199631
261.3744536743738,-11.689911722067192,12.9127655,1.2559519
261.6037711919637,-11.641393571225873,12.755613,1.8280296
261.9019121994728,-11.632495074867473,12.071235,1.7986765
262.10624961842217,-11.339829827784062,11.077599,1.7158165
261.77310636838143,-11.52360590857003,11.666084,0.9326277
261.9918130567825,-11.23759656231827,12.72613,1.2456627
261.807983414232,-11.269948183182539,12.780488,2.8174057
261.1751721606748,-11.27404158380042,10.465095,2.6572714
261.6133158851834,-10.856156645465633,12.877826,2.536396
262.20787016705947,-11.181588999984257,12.93395,2.1120243
262.1841325806722,-11.029815929870239,12.573218,1.2286701
262.31239887868514,-10.944566153145033,12.629377,2.2758198
261.75042827560094,-10.900444459918228,12.445187,1.6222439
262.2105044071315,-10.389319172989229,12.985857,2.0381384
261.09198029808294,-10.835485425784766,11.475777,2.067811
260.98008976894636,-10.826389696770196,12.012862,1.8749485
260.2794439286724,-10.84862010493984,11.913516,2.3651047
260.26829925104545,-10.752642913656137,12.645138,2.0507908
260.5141523994035,-10.76394238568456,10.882506,0.8714962
260.8305465489765,-10.764692928097446,12.845143,1.7759628
260.7672931107425,-10.539814759890035,12.566367,4.252636
261.927712556908,-10.345950104656087,12.884962,2.070837
261.7614145559084,-10.034101464421195,10.69232,1.9584608
261.61736198003234,-10.039071960038347,12.774359,2.3538198
263.16468530412664,-10.477296401954176,11.796432,1.6369057
262.7844263378319,-10.461478889830698,12.983216,1.9207382
263.5378088708814,-10.171985712050118,12.008872,1.943552
263.1089165490517,-10.309804655042806,12.66687,1.237917
263.16291030823703,-10.277798827422428,12.187918,1.7326593
262.63806420672915,-10.41262546247003,12.966758,2.0701103
262.4304918830879,-10.217112841270904,12.877098,2.4689302
263.78475593159993,-10.08633928700363,10.065591,2.4353075
263.92222793091184,-9.771065059615882,12.83927,3.5237694
264.2756497565546,-9.61725393143753,12.76077,2.2938309
263.84154531893296,-9.6624275300106,12.394689,1.9645233
263.86389009114043,-9.513191842666393,12.843567,2.4369135
263.5249877699099,-9.264851384754378,12.136953,2.166047
262.2766613944589,-10.091017593134994,11.581202,2.691784
262.2465419430295,-9.853980786663202,11.438319,2.2269707
262.2381175829994,-9.66753441812732,12.235609,2.6506844
262.50879516550646,-9.730992882841722,10.834009,1.2281265
262.81324493054166,-9.572157385730861,12.813545,3.0265455
263.1106204286996,-9.420128279100265,12.263573,2.1778002
262.9071884967001,-9.35025257051901,12.361091,5.084902
263.33735134130814,-9.1033801204313,10.960757,2.2622547
263.1698714803671,-8.822175751356466,12.043747,2.756402
260.24525141477716,-10.17984946773876,12.833291,1.7023897
260.3403284355079,-10.087504302360312,11.525518,2.1435776
259.7650282011545,-10.45760405040153,10.939405,2.91642
259.8716493592434,-10.165663715532855,11.992093,1.2304306
259.6683620328387,-10.219347447273526,7.752456,0.4257722
259.91686608175684,-9.901697748759299,10.326623,1.07658
260.0874160994664,-9.793985349928798,12.38106,1.4726534
260.08701440165675,-9.683405267862149,12.922664,2.7778397
260.7185934023033,-9.998027160001183,11.715331,2.3666086
260.730606026292,-9.734930549516925,11.680167,2.612362
260.82735314341505,-9.575030097175274,11.083651,1.9788179
260.4324467815887,-9.494328508387682,10.758285,2.0826616
260.53689208409384,-9.33675597218811,12.813339,2.9689932
260.99099790615065,-9.358384137150463,7.717943,0.80029917
259.6544469972903,-9.922262436780455,12.831928,2.0815468
259.4102154420814,-9.89610438392486,12.878924,1.6115608
259.1401174514742,-9.59855928459082,12.477463,1.9748049
259.39212226782246,-9.269959156245505,12.042775,2.2992315
260.79331231299045,-8.998010343202491,11.1111555,2.568346
259.7600490757878,-8.940066050003468,11.9692135,2.2192078
260.16701089631584,-8.909430771269838,9.675744,0.8735657
260.3046409387172,-8.672518261260903,12.667565,2.4675903
261.93254191484664,-9.118712118535536,12.921876,3.9828415
261.9053950249768,-9.071391994488247,12.792944,1.7961502
261.3594551040421,-8.828498731347565,7.1299105,0.6635766
262.10301671529317,-8.731532568481608,12.687543,1.6459208
262.5688761316361,-8.433235824385749,12.834394,2.2679338
262.1681061631937,-8.300995865759933,11.751735,1.4768162
260.691326572747,-8.566421513762835,11.478868,6.151952
260.97012325762586,-8.38078850487445,12.415335,3.313386
260.2403427529704,-8.40505140052073,11.825666,1.1807499
260.5666102374828,-8.308386715307282,11.242745,3.9350834
261.3956241180404,-8.191190794531316,12.649411,4.2212925
261.4093571950828,-8.185400998375004,12.236731,1.9899311
261.9329159274497,-7.847684046409257,12.374791,2.0675755
261.85719775951964,-7.798624188361848,12.683059,1.575676
261.83470431838026,-7.599069271420705,12.402535,1.4419327
261.3725545729595,-7.579097573543153,12.068666,3.3680668
264.19633900255144,-9.360764293433695,12.046553,1.6167803
264.4126773712739,-9.03794655839867,12.176688,1.3831701
264.79683556537555,-9.08388048277862,11.477674,2.0721178
264.72262562186904,-9.035210759046878,12.22252,1.3958836
264.0877289067432,-9.203087185785536,12.2969675,1.3105059
264.17046610237844,-8.79816636940014,12.674744,3.0153122
264.7482689226135,-8.586055801842479,11.470824,1.230197
263.3996685649595,-8.625129756985057,11.980639,1.1870022
263.99984925813175,-8.499192158362595,11.810587,1.8652735
263.28907842098846,-8.467103281209658,12.119732,1.3898325
263.9013557552396,-8.019329604723737,12.778543,1.3831263
263.525676814803,-8.171020082301583,12.220963,2.1954432
263.66262976108277,-8.038900441987211,11.21246,2.1481314
264.63946086129744,-8.021055871381357,11.44067,1.01404
264.313271691777,-7.951094191400026,12.222009,2.2064886
264.1570311725207,-7.9548968219448835,12.391991,4.522561
264.3281567858414,-7.444547712493302,12.925894,4.236043
266.00080218914735,-8.025896161304523,8.621578,0.89194965
266.2690003683135,-7.9632916748771825,12.675605,4.317052
266.31045720472605,-7.8927520857652995,12.622625,5.164049
266.1984868562481,-7.750122741115704,12.643923,3.0086384
266.28702856016685,-7.690320658873665,12.882155,2.311511
265.8167402046513,-7.775925537668869,12.427112,2.0695677
266.16470950890465,-7.554562093368564,12.159933,1.1558752
265.23236414293325,-7.733245942147127,9.548914,2.39396
265.5998630438591,-7.54594903017026,12.384609,1.3136158
266.7082072352292,-7.4922110446686885,12.90594,3.1559258
266.2877039753111,-7.56655979177312,11.389785,0.9524355
267.14797977316294,-7.177404582436692,12.905372,2.6542368
266.8999261355251,-7.106326707925353,12.552014,1.4727154
266.51302992136203,-6.63676366560349,12.394448,2.6556358
264.8262354288292,-7.473980165897399,10.4849415,4.1512127
264.9743855235602,-7.294735694165886,12.473838,2.604742
266.05611206396145,-6.673190083150601,11.435376,2.754798
266.33538574420766,-6.697964671776084,12.741422,3.0693035
265.9621921504172,-6.705625470163643,11.298364,2.1660109
265.9230796909879,-6.403551598225862,12.031766,2.1862211
265.98540715700557,-6.2691234979040225,8.084532,2.043621
265.6364098964194,-6.22216079329546,12.629559,2.3666449
263.2942174188159,-7.61443038525244,12.566358,2.2575512
262.5802818347262,-7.991321598773925,11.0478,2.161662
263.87877567592864,-7.508827683656388,12.7124405,4.1272583
263.66645569853466,-7.404035205353264,11.689884,1.3546171
263.0918539543654,-7.1741690023138105,11.88589,2.3662872
263.656085634141,-6.819402449226062,12.68452,1.9143648
262.3931805190876,-7.6330358663898865,11.149595,3.6869211
261.8988342510698,-7.217118236717663,11.25606,2.0519028
262.13716942499866,-7.251638488997143,12.836762,2.4372797
263.3767912027441,-6.827426635053304,12.41428,2.2619848
263.32385577060853,-6.742714243521739,12.954987,1.4182215
263.40805712903165,-6.662307088364234,12.349778,1.225667
263.4299849189214,-6.532261808089605,12.242594,4.09579
263.0432643099769,-6.542868669883107,12.885703,1.9681673
262.6722054758431,-6.5815671302122585,11.1677065,2.5163946
262.7141431798673,-6.501309874273392,12.679268,2.6130114
262.77425159794757,-6.150598802464769,12.69205,2.084443
262.9044604532046,-6.03418324456295,12.244381,2.0848799
264.27591955826375,-6.977685351199162,12.6599,1.6545362
264.64489601819366,-6.619024008338486,12.225331,2.4991732
264.67311456957225,-6.465435778948651,12.559886,2.5762558
264.04950439208545,-6.855892367135261,12.300263,1.9874697
263.9936918676489,-6.823074443640243,12.717784,2.37222
265.1269002903847,-6.333320195154702,10.982216,1.100627
265.06211840081494,-6.187463964779946,10.341435,0.94735336
265.4003081619074,-5.769485454958417,11.787021,2.0312042
265.0975447966411,-5.605941517020874,12.697816,2.295514
264.99736834675105,-5.526228745906088,11.996231,1.3076267
263.59896622453795,-6.390059886982763,11.031511,1.0578661
263.81187222302435,-6.2978582109752095,11.228156,2.2143078
263.8956768914509,-6.224468480572384,12.447436,2.0247002
263.46260930276384,-6.209579960588056,12.884595,1.2859268
263.84165528847166,-5.852579376242482,12.213603,3.2439852
263.4034972435981,-6.167479145107131,12.9995775,2.0234203
263.11174024008295,-6.067466167583301,10.584095,1.9046144
263.01996076697975,-5.937712505204372,12.923639,1.9213457
263.8237566722545,-5.836392169927745,12.576093,2.827322
264.47133679195866,-5.651782072481842,12.750026,1.6954174
264.0474571880435,-5.146509432721996,12.667191,2.693637
269.53479008503405,-9.106504296333052,9.876245,1.0310907
269.54088893980304,-8.820434364373858,10.479114,0.99581814
269.92806425543745,-8.563875478991696,12.259064,3.3658886
269.29369661650713,-8.743164712851454,12.571818,3.3381224
269.80920902717764,-8.296621222849888,11.386122,3.382041
269.99933356257213,-8.253886743360525,12.590659,1.74121
269.21137077611274,-7.721197475041266,9.264066,0.950181
268.3380243199875,-8.000308387928918,9.737589,1.9121485
268.6329055741079,-7.468878726721976,12.145788,2.3448906
268.41209386594466,-7.597139353117062,12.955466,1.2445126
268.40648444877684,-7.57911910232115,12.2704935,2.354105
268.41351113957694,-7.476865052519011,12.71668,0.95175457
268.66447525360127,-7.365070689203442,12.443055,1.5459032
269.2084121284426,-7.537613061838382,11.015113,1.0908031
269.7391650258508,-7.379261205482665,12.267967,2.3310337
269.7226871095812,-7.303751972739183,12.7536745,2.2589407
269.5557338605833,-7.139709094253061,11.900708,1.1996822
269.5685260944204,-6.952230178943449,12.426439,1.2321606
268.7768074261792,-7.301039362329941,12.117652,1.2029886
268.9995486047374,-7.111061936250824,11.878169,2.0070744
268.80318734147306,-7.006781922539249,11.639654,1.9445086
269.3797440385608,-7.098385664172389,12.596146,1.4307432
269.0670490217798,-6.862557939712703,11.779634,4.10851
267.8631156322912,-7.605672433620585,10.485141,2.3033495
268.20971202254896,-7.199972158092737,12.353128,1.4223118
267.3135885105198,-7.271792731288973,12.625321,2.0495787
267.42115081957263,-7.222188867537448,12.572906,1.9527931
268.12476704472584,-6.819020145649642,11.525221,1.0084772
268.1230100502877,-6.802742663301462,12.274148,3.7331324
268.83011399803337,-6.851503724056854,10.658871,1.9825191
268.47051067432625,-6.917325025836275,12.845681,1.4564772
268.33409762117964,-6.820527519812397,12.132205,1.2913313
268.64509274202743,-6.668727675529488,11.583486,1.2565413
269.08609781238954,-6.738768446690618,12.765642,1.3089094
269.0698780180797,-6.663664421540478,11.173135,0.9877796
269.1348006209424,-6.503279101443042,12.88796,1.9873381
268.873124329771,-6.55176518573227,12.8302555,1.5255461
268.2770434647787,-6.692000723179058,12.9850445,2.1546106
268.2711665086802,-6.2843837630325865,12.722714,1.4675331
268.6556547849642,-6.116999278965653,11.038393,2.5220766
268.50823784717335,-6.069779500990247,12.342001,4.5565443
269.6181105534243,-6.835258620084983,12.001773,3.4326305
269.8589755839569,-6.68301556776661,12.453922,4.0945473
267.8808860082278,-8.96453189796951,12.393114,2.1433477
267.71877291904786,-8.618005457716238,12.479371,2.1603193
268.38099865529455,-8.42946810893755,12.880357,2.1838331
267.53843275124603,-8.489219745174866,10.959403,4.794609
268.07529020260074,-7.98543550380422,12.866783,2.0280828
266.37738887130877,-8.647940594393802,12.605468,2.3976545
266.6145685465797,-8.276478939956013,12.184572,1.4439068
266.78986632860784,-8.1236142724645,11.20536,2.1926203
266.5700895528916,-8.212105033837672,10.333125,1.0720224
266.61484723737397,-8.034486402760605,12.0198145,2.8354664
266.451240772217,-7.981301493445865,12.767987,3.2461605
266.8729939716984,-7.823388906600619,12.336242,2.4995775
267.00165241396644,-7.88912927706771,12.986635,2.1274538
266.67976976421784,-7.876256096061947,12.76604,2.3192768
266.5600593470199,-7.807719782182309,12.931324,1.4772377
266.5745755451969,-7.782593337716032,12.840453,1.1570587
267.0350824466315,-7.599985324827132,12.081619,1.1813631
261.4264386902386,-11.686120401430527,12.608066,1.2545214
261.26310951471805,-11.749368459538712,10.000818,2.7855864
262.2222735538219,-11.431314745578845,12.80058,2.2326174
261.8251920422591,-11.455313849275091,12.934656,1.7879353
261.8840325836109,-11.245916064626448,11.985903,2.0949984
260.95411066201456,-11.335806720992913,12.915464,2.2586145
261.47205296132813,-11.184216717507578,12.916548,2.0234632
261.4147039192158,-10.989832374472929,12.381383,1.9768906
262.3382395052321,-11.191519342310215,11.629757,2.3841305
262.14114476737694,-11.127778046509741,12.845368,1.6904325
262.6056906677462,-11.014049679794772,12.632783,1.8903475
262.68064421611706,-10.999662092138598,11.603611,2.2258062
262.57598687067065,-10.681490640196909,11.403713,3.1556826
261.8772654956318,-10.976355584705976,12.2084875,2.0415354
262.03111570777736,-10.72871428495891,12.028563,2.643776
262.2585441372924,-10.671613681811133,12.758128,0.8954258
262.3444486911787,-10.382447909672651,11.6421995,1.8831854
260.87552486003165,-11.278225614463821,11.151874,1.1807728
260.9347832849485,-11.326940919430953,12.481395,1.7049026
261.0225691493689,-11.009266799573984,11.042387,2.4388075
260.65340575102624,-11.019660835445602,12.308293,3.5213747
260.68750783259134,-10.970402493588724,12.8963785,1.8592072
261.10519169564157,-10.46532336257503,11.290376,2.088976
260.90261694865353,-10.482933000195642,10.422446,0.78504944
261.56162482477566,-10.71636006835649,11.726661,1.0154305
261.6802839129973,-10.603955438291264,12.634353,1.4250278
261.5714358284655,-10.494669454599954,12.569405,1.149517
261.4520675163051,-10.406290602450227,11.19555,2.1179981
261.9856835927867,-10.43481978529695,9.53207,0.9327793
262.045183933349,-10.168634213762068,12.756005,2.828784
261.2325340956081,-10.291916999966922,12.63155,2.1298056
261.0854676723348,-10.229316937532612,12.847723,2.2848482
261.72618540362595,-10.028232038704536,10.104136,1.994853
261.7588137107693,-9.82918723082097,12.602934,1.6004133
262.97405285480204,-10.454642787705458,8.2337265,0.30856037
263.0952030529985,-10.333544092358744,10.6673565,0.99753
263.0899333233998,-10.307169576958033,12.135733,1.302928
263.16610338304133,-10.300886967794407,12.557835,1.7361317
262.7924730216609,-10.254319030388379,12.074298,
262.70228446490694,-10.027217027484685,12.280093,1.9069109
263.0216302438666,-10.08669941146181,12.742372,2.8747492
263.6930364814194,-9.661948689230957,12.670314,2.8326797
264.0333978184,-9.821365339396735,11.977977,2.4356833
263.207025554902,-9.728487989208372,12.454577,2.1786032
263.46011710423045,-9.636743751945065,9.920033,1.9711838
263.69333815052454,-9.105303220793674,10.908193,1.0982761
262.3194534171068,-9.990587463921427,8.136876,0.8749914
261.79435735128595,-9.527852388128885,10.025966,1.3527718
261.735850277026,-9.495609314831489,12.755496,2.419878
262.88660997154454,-9.504613176899053,12.773048,2.3499908
262.6700890686775,-9.250233289544767,12.36339,2.3340015
262.9820159769382,-9.102313802870107,12.698364,2.8352318
263.2844835014159,-8.927472294361246,11.651746,1.966918
262.65800811678156,-9.014710775918708,12.847341,1.5328388
263.22664269892755,-8.675994283182165,12.2746105,2.5885267
262.7640323318668,-8.583114129689026,11.974594,2.1765776
260.22192346004886,-10.696093826018407,12.404979,2.1257257
260.34216002570867,-10.583120121025088,12.22103,1.062952
260.6946738591455,-10.099615010035091,12.417557,1.2444382
260.01078266796463,-10.015539096563241,12.8697405,1.8652163
260.8008478994709,-10.068225644390667,11.549769,1.4705744
261.0748144175339,-9.726513615159265,12.884593,3.0619068
261.17965818412415,-9.56447938527776,11.052583,2.1593723
260.54940262492613,-9.73666249856339,12.537333,2.5609703
259.8966117009278,-9.746409741933928,12.162124,2.4242764
259.00432626988635,-9.575404583792555,12.84421,2.4794397
259.17865039636865,-9.463599676728897,12.990081,1.5050278
259.6003407489112,-9.137677158850703,10.373136,1.779911
260.54482965558793,-9.25939742374051,12.382361,1.3298931
260.28405653078244,-9.079897721868164,12.940086,2.5004778
259.8536269273794,-9.136557456998842,9.770027,2.132843
259.73083696994627,-9.1263502242057,11.176408,1.8822145
259.7084403393866,-9.04646946490136,11.361602,1.7563295
261.5357773556394,-9.545409716783341,12.7129,2.1801443
261.56077550274233,-9.48260812137229,12.823698,1.6386738
261.7714018183513,-9.387976006307882,12.365022,3.706912
261.9461695486598,-9.123758043964802,11.97129,4.3525333
261.98866729723073,-8.981276166216912,10.527709,2.201252
262.09410322177337,-8.327505725916174,11.343524,2.6824055
262.1265824417392,-7.946474817247472,12.767655,2.5772314
260.9489881989535,-8.472709843747909,11.461558,1.0275507
261.22582443920544,-8.551313211512715,12.982824,2.2598782
260.4555428540377,-8.206095157256662,12.062568,1.2569017
260.7174934781355,-8.14806790033478,12.446734,2.0214205
262.05910554506346,-7.923993979691709,12.385734,1.3310347
261.91025358790523,-7.930750167891632,12.652207,1.7730751
262.0964668214761,-7.896586021777049,11.665792,2.371605
261.84922126412596,-7.799678722688474,10.627135,2.07508
261.7824095348704,-7.690542776150781,12.725724,2.4632082
261.99197741525916,-7.6593599584983485,11.903272,2.4410563
261.81173448923437,-7.644027744002252,12.524388,2.5135126
261.2142174418381,-8.067200885649353,12.160495,1.9503031
261.0925190518193,-7.629702226325631,11.894681,1.8716154
261.39160039806853,-7.566423957165094,9.791027,2.2484436
264.17081660850505,-9.228439367913905,9.493189,0.64589405
264.3672267523257,-9.266267864255123,12.930292,1.9342299
264.31324087872053,-9.135543298826587,12.791651,1.8106852
264.72269869929147,-9.03523180585922,12.729307,
264.10839510521697,-9.058251526977234,10.06565,0.92118454
264.203132941587,-8.954855868716507,12.918168,1.4454117
263.8732043339557,-8.984438191540427,12.380099,1.8616714
264.0703004424063,-8.798019538644693,10.454849,2.073081
264.57055652691514,-8.62344448779269,12.9021225,3.13445
264.2326201217911,-8.624983434107246,12.513946,2.653244
264.20796408066724,-8.584814751684625,12.919173,2.1508522
265.02004243461545,-8.768883692373704,11.195873,2.2715855
265.219770446658,-8.310638815926305,12.421661,3.4342642
264.5564716822003,-8.241857877331677,12.657704,1.3788261
263.644755598879,-8.617679468807575,12.858643,2.2034512
263.5595950308329,-8.543796233333664,12.777643,2.2755375
263.49105254124487,-8.535478492864362,12.208859,2.2000284
263.2765366401412,-8.400046795409391,12.837119,1.6488419
263.70425246958297,-7.917509756883839,12.963344,2.3928547
264.5200708719337,-8.078361411877939,10.982008,1.2611694
264.3068463478471,-7.8799511812762715,12.873685,1.3893185
264.6647050584313,-7.93217840388178,12.191896,2.4695053
264.42562174003757,-7.7871295618187135,12.6417265,2.116455
264.84428825560593,-7.592289780018831,12.960229,2.386776
263.93209261296636,-7.882191803602569,11.570286,3.2697105
264.22849152826,-7.8349739672654435,12.840971,2.4421015
264.16941629645106,-7.700259866540298,11.10343,2.1376324
264.4597191197797,-7.555770829352611,12.553386,1.7554331
266.04547350074773,-8.092561301462503,11.945801,2.3356094
265.94386015304394,-7.747675685029131,12.014507,5.264061
265.2250856975253,-7.862814878317798,12.541933,1.4588871
267.0300165496112,-7.207480239276299,12.7320595,2.0805073
266.96366730326423,-6.992347638932665,12.999536,3.675418
266.0866743113787,-7.188900530642497,11.150684,1.955903
265.3511041128331,-7.0235049321337435,12.614546,1.4766922
266.47821321879934,-6.580672308761112,12.696801,1.4446459
266.09956232606106,-6.606586207343852,11.8223915,3.0136175
266.10212627087907,-6.424149624627781,12.972687,1.5261116
265.53679411752324,-6.646077001462376,12.403271,2.9171543
265.28528914155373,-6.455060704494968,8.954437,1.358716
263.0048019210287,-8.10197281363496,11.930831,1.2896175
262.72184553101044,-7.946975049320628,12.168757,1.6275959
263.8433220746276,-7.490438414759121,12.454848,2.5190105
263.4866917736704,-7.538986990932183,10.173516,0.97823524
264.0818103748351,-6.969855771545938,12.0936775,2.6004353
263.56088795721075,-7.093630519308983,12.463076,2.2906237
263.6840373698395,-7.094795999584362,12.830209,2.2879562
263.7690911274901,-6.980282978145961,11.291017,1.056962
263.7893423653595,-6.696453700794513,12.656424,1.8951235
262.1969580842341,-7.253049895051144,12.497831,2.1047745
262.7548386728573,-7.069794215623999,12.668722,1.5020342
262.5286768068594,-6.972185878671707,11.559508,2.072832
262.12878595823105,-7.138225945274527,12.33146,2.145915
261.9607254532396,-6.899717927703969,12.916324,3.381359
262.9666640622241,-6.655645600515462,12.150617,2.509717
263.25376049994304,-6.574303068601101,12.656739,1.92241
262.7231331788109,-6.371923905732407,12.1189785,2.1062365
262.56150212481293,-6.373580369602247,12.141333,4.0507536
263.2484192930266,-6.266141712090636,11.349219,1.0606565
262.8954638645993,-6.160777267970161,12.618543,1.5695829
263.9191796546032,-6.6947715731150765,9.718492,2.2736034
264.2627426273479,-6.492127674531923,12.26123,2.550271
264.99800236135064,-6.315949581072418,11.43386,1.1328564
264.90145287823714,-6.219501237970904,12.332196,2.7101498
265.09709407114167,-6.142054266315731,12.693502,2.3022976
264.9952192705493,-6.112877476615531,12.890523,2.3013487
264.53945801204327,-6.067712460749181,10.922011,1.4080639
264.1863962953679,-5.86390489802136,12.638964,2.0567732
264.49122145322565,-5.6167903380321,12.785315,1.5286903
264.2130374575194,-5.576620317433732,12.589998,2.6251078
264.7000221131348,-5.431104060494722,10.393866,1.8809423
264.93819636774555,-5.4090349637044515,12.296224,1.4676285
264.6118752423902,-5.317560816097535,10.944965,1.0876198
263.97839411949025,-5.326439039653381,12.843975,2.7216892
269.833159534713,-9.37602815252276,12.824008,2.9634953
269.8820509463747,-8.985751327747046,11.881327,2.3652182
269.64333590166524,-8.822441427782534,12.908028,2.9397745
269.32318174499426,-8.662588852549202,12.884008,2.7135687
269.6664399205396,-8.101026781176044,12.948026,1.6291008
268.8417120005668,-8.4510080644101,11.739497,1.5217466
268.7506957211041,-8.388742277661576,12.634737,2.4400167
269.9089471538093,-8.220437226779492,11.057266,2.2306137
269.71356992456344,-7.976891619545857,12.755719,4.939207
269.7538398966182,-7.9373118270764085,12.975197,2.6489887
268.6015745439605,-7.880470059739246,11.018786,4.419939
268.2443489792538,-7.920429215877762,9.679837,
268.61053057624275,-7.244124879712704,9.73964,1.9477539
269.2695710916451,-7.7228303976071135,11.259681,3.6735678
269.3148605686462,-7.591386643799547,10.596185,2.149784
269.2894483887211,-7.596065689955966,10.708631,2.7109041
269.4468456698693,-7.543499478427589,11.934018,2.3788052
268.99974560649855,-7.474688339618022,12.350364,3.0340052
269.0212443564906,-7.3099648473930605,12.711875,1.7145014
268.8461183706196,-7.2013605802073,12.862654,1.2900677
268.88288943244464,-6.939306524917515,12.423991,3.1145372
269.34193396091456,-6.816011098369431,12.4354105,1.7970133
269.24094161881396,-6.634950830518771,11.765487,2.1115255
267.945236832673,-7.341714527313999,11.72117,2.218708
268.50788252382273,-7.201900387817535,11.678537,3.916932
267.4429304498987,-7.16380227066914,11.7493725,1.2014923
267.34668750800796,-7.069322337796635,12.933688,3.0658894
267.9294627155873,-7.066912130626256,12.346109,2.3909845
267.85257874311674,-6.948914478252751,12.930474,1.5371227
267.58387676055185,-8.87822423281802,12.088331,2.0891562
267.15541620247836,-8.98460131164574,12.052652,4.0968676
267.08650288939145,-8.925793722070013,12.640371,1.3477745
266.5716733948601,-8.958410683210138,11.504342,2.1843004
267.5905415779805,-8.121293875934319,12.799805,2.8522854
266.5606068047841,-8.796270604494206,11.218628,1.5617476
266.2936166098343,-8.744802017534811,12.580136,4.094474
266.8161297311385,-8.569164050746169,12.149923,3.0225973
267.03360156731463,-8.485792167787535,9.804031,3.1092024
266.38917670482226,-7.9467046248026945,11.759912,2.0975952
267.1574897112725,-8.019631878074957,12.63407,1.7338705
267.3580051854721,-7.700174858811172,11.441349,2.0741997
267.20384019198474,-7.307281126851051,12.365913,1.1991987
261.60222360331494,-11.912266753952627,11.238952,1.7300682
261.7171550227731,-11.677763998031963,9.273887,0.81519794
262.11738914383045,-11.314068537814443,12.682918,1.0927124
261.9031455451816,-11.402681795006265,12.232909,2.3594017
261.90639869133696,-11.31551579407718,12.311781,2.1566696
261.06994875951654,-11.510382151183844,12.71888,1.5375948
261.54263498410984,-11.221249191208264,11.738657,1.7447891
261.35439945427237,-11.00877599805429,11.831222,1.2689991
261.5721593036765,-10.992993533072765,7.7076464,0.2983837
262.2903148416623,-11.15965881405992,11.16952,1.8891859
262.0970424471683,-11.256699253274599,12.822848,1.353076
262.27139838721337,-10.859105313829755,12.996339,1.3388462
262.4087887754105,-10.892543747385115,12.433183,2.4327831
262.06018001632873,-10.85982681936128,12.40721,1.7120037
260.82242121600507,-11.346866717409869,12.898683,1.8223019
260.8869761779502,-11.198035241075813,12.339715,1.5298128
261.1963990047321,-11.089698832576971,12.634633,1.420351
261.193058667433,-10.518948062313578,11.814678,2.3011456
260.5844364456683,-10.888431633528338,12.898372,2.565589
260.50224895846725,-10.52540449381551,12.585859,1.8284063
260.78190388603434,-10.634889336130827,12.414968,1.9923191
260.7607321483105,-10.594239829383628,11.542402,1.7757263
261.07123324519847,-10.576607784161295,12.378644,2.561674
260.9532554544512,-10.580774323227304,12.923451,1.820755
260.6821132625727,-10.515840220043394,12.974886,1.8238964
261.51463414171116,-10.47141893113239,11.961478,1.2646017
261.53500098126204,-10.344637183818591,12.111565,1.9451418
261.80725155599833,-10.11817843626186,12.219436,1.3295498
261.8995059369076,-10.108804541774322,10.159307,4.916705
261.29284745211385,-10.232916151446483,11.666129,1.1605492
261.29499716021905,-10.132588362190564,12.979864,2.115901
261.17934342825123,-10.213203451812717,12.475483,2.9437027
261.0851608436071,-10.160160990668599,12.779693,1.835289
261.5691839079917,-9.825974908194203,12.55845,2.2357578
262.87443026691346,-10.329218710791986,12.874415,1.1813602
263.4657829805573,-10.26771463574397,12.530064,2.6240835
263.1792687155088,-10.275596885010708,12.208806,1.3212509
263.32445331363414,-10.113575899537027,12.4479885,1.9991703
262.63285509869075,-10.345701017345263,12.713321,1.3356504
262.8958177889791,-10.237746752643355,11.5442915,2.4802628
262.652568152027,-10.12926459440319,11.088628,2.275073
262.5914729245933,-10.080713116520354,12.930775,1.4103022
262.894260277847,-10.117485428460412,12.617692,2.0184698
262.88165196425604,-10.12272475962398,12.545135,2.5109062
263.7520446439341,-10.074422512098986,12.624904,1.659584
263.78744454463845,-9.914436320296293,12.853263,2.2657928
263.936308248449,-9.395354126652892,12.931846,1.6246986
263.2003097917419,-9.772403063591694,12.026038,2.3998165
263.7293582584128,-9.0582573291215,11.895041,1.9589262
263.6809886265367,-9.055602366309833,12.060955,1.7852774
262.2540041692053,-10.171450039120286,12.229441,2.4386654
262.31981114973604,-9.99038395362307,8.307752,0.80875444
263.07541301527516,-9.462420024191045,12.578207,2.1586332
262.84059226419055,-9.14346624113723,12.509712,1.760231
263.3493929863146,-8.957929884592778,11.543571,1.7796974
259.9352406580877,-10.600667097772847,11.776442,1.2676201
260.6212000397465,-10.233011982095661,11.794453,2.117979
260.55408132349976,-9.96157240365731,12.134747,1.1016922
259.8188707831308,-10.390967419399244,12.983751,2.2097054
259.9222350196214,-10.239955482341498,10.447423,1.6906157
259.68954093859446,-10.243924417574165,12.137783,2.6057177
260.170716281755,-10.16825728023383,12.193646,1.6654539
261.09419994753443,-9.991116625347976,12.320702,1.8299847
260.7903999363934,-9.857423524357776,12.931946,2.1862917
260.5550548807227,-9.92794196815122,12.968372,1.1787195
260.7784493104664,-9.799886841405858,11.982715,1.9681406
261.3564627732609,-9.714296708923618,12.473582,2.1239586
261.3913249632715,-9.60072657218124,11.657452,1.1814976
261.22527071748385,-9.501151290530158,12.445224,2.0440435
259.48298143208063,-10.171818285500626,11.73354,3.8230963
259.96257936546357,-9.487975045735011,11.67921,2.3108234
259.0018170435684,-9.707927359584263,12.636515,2.138936
259.26825036145783,-9.191806555542888,8.661567,1.5893617
260.19811416966564,-9.17470927571042,10.164561,3.289442
260.37299651159327,-8.972670987272888,12.830025,2.0964909
260.27623518143525,-8.915844293430974,11.949411,1.9219809
259.87999387471694,-9.196928070736314,12.296098,2.0318327
259.65386680819927,-8.875829234327385,12.822566,2.7785015
261.7024369517012,-9.365537542773032,12.994417,2.4399347
261.8227328494204,-9.090867178831061,12.898009,3.001419
262.0136996910415,-8.979922458830154,12.704956,2.1475124
261.1902667761013,-8.91429858235576,12.599297,3.7426252
261.2331468014026,-8.76685768632486,11.895477,1.5442076
261.66720454999927,-8.70297840902183,10.139374,1.0163221
261.68974162980254,-8.712948658306756,10.27835,4.943907
262.06359568146246,-8.658406827170191,10.503684,1.6455288
262.8714125788555,-8.414112586158584,10.652468,2.3422537
262.6313750576168,-8.34439030564147,12.453092,2.7212505
262.2622549906973,-8.08151204858407,11.358324,2.1757145
262.42257691991034,-7.917551877887732,12.994825,2.7557993
260.7161081664017,-8.768413850754273,10.617719,2.1358461
261.2216191953451,-8.371088982461337,10.971443,1.7998943
260.36431836120096,-8.227087077155444,12.306565,2.3654222
260.8311996276401,-8.279910477647396,12.179009,1.2960443
261.04564055660677,-8.07027456926204,12.766028,1.9040012
260.7219894542915,-8.019597747038404,12.569072,1.1115284
261.9755657673257,-7.589638491371906,12.966097,2.175023
261.9223757242866,-7.553716267304513,12.847201,1.933157
261.0007608624344,-7.8817414366889675,11.537936,1.9501371
264.5141612040915,-9.084734100237654,12.602089,2.9770594
263.93289721772356,-9.159398611767907,12.539791,2.0531416
264.23916041772287,-9.074003438513808,11.464758,1.9081621
264.0525195319033,-8.970068994056186,12.51307,1.4126663
264.33196478049166,-8.786998277868072,12.353123,1.2853899
264.6129569103102,-8.75771253009205,12.111523,2.1779852
264.35177951755867,-8.671186329366925,12.094129,2.3238344
265.33491770501126,-8.413168326911228,12.433401,1.5358105
265.3326718005489,-8.380133728032257,12.923175,2.411954
265.3404858314667,-8.34388693385057,12.463128,5.438877
264.82891499994366,-8.563057942425392,11.844859,1.229146
264.54002672827244,-8.36544779824055,12.797949,2.1050692
264.8456184118289,-8.208627159529065,12.570879,1.5323839
265.1414268016187,-8.127274733346043,11.381509,1.2226706
263.7452615621584,-8.817829609057037,10.811415,1.8115902
264.12179255568367,-8.438241549820258,12.797715,2.7782135
263.396041593998,-8.482133552051357,12.468176,2.0329075
263.414588630478,-8.289219134644389,12.535517,2.1775894
263.8621722059592,-8.066570286210114,11.702829,2.6449099
263.8886000745253,-8.01129588431642,12.349494,2.2277927
264.6635296514964,-8.035898715953394,10.301599,0.8771343
264.26642336255713,-8.067811410320052,11.948352,1.5583706
264.6911940779545,-7.954500165866807,12.597818,1.4217567
264.63294329575467,-7.878866117286639,12.194568,2.0297756
264.0760401130778,-7.936744695244246,12.066389,1.9872837
263.75409383665436,-7.736402944535422,12.082393,3.7634935
265.93954919613094,-8.23636840905498,12.811455,1.5916233
266.3890496569503,-7.813935395251632,12.107982,2.2301855
266.0049050447049,-7.711538272349911,12.320138,3.3969326
266.1629181227567,-7.579144332534734,11.199387,2.3719845
265.39712608956944,-8.04713559589649,11.384117,2.1428585
265.5736959827077,-7.8269161250685455,12.737714,1.968318
265.7504473716347,-7.365241947738378,12.669724,2.440979
266.45880988988444,-7.357297514571065,12.602337,2.6079912
266.5884503338526,-7.303215573886646,12.478598,3.5684395
266.40843066963896,-7.366031438820019,12.705798,1.3179293
266.77166984316506,-7.379581115642458,10.851619,1.0941753
265.26660861170643,-7.550127070118274,12.777007,1.3334866
265.1448290298256,-7.377017172417139,12.296695,1.783225
265.43911418915195,-7.262338053327736,12.422126,1.8448963
265.52387150021156,-7.0344185704222255,11.704238,2.4444942
264.80001934207615,-7.054183940706039,11.603244,2.7048855
265.23627822273136,-7.015550657025662,12.899023,2.3303204
265.0087541971986,-6.727156209577292,12.034548,2.424655
266.27114230058794,-6.676303979382729,12.575477,1.3611546
266.05561812039986,-6.5587971632004365,11.927196,2.8303185
263.3106610720927,-7.892469252530911,10.60749,3.2358837
263.197783253447,-7.5445922982049325,12.987177,2.8158188
262.6371182662094,-7.4783681389760295,12.828212,2.3232021
263.61969672244857,-7.16032238449993,12.298027,2.960287
263.19891916381647,-7.2805207529931995,12.977792,2.5256615
263.65098180399474,-6.8008318677377595,12.174204,1.6566715
262.3299298458597,-7.602195097747985,12.95936,3.638873
262.2348591822195,-7.248453395882444,11.27574,2.0250254
261.89075411931003,-7.356779532235591,11.521345,1.620162
262.2243278699065,-6.859666869559148,12.626731,2.206562
262.82572842969,-7.016481572976479,9.714347,1.0501204
263.3466514858856,-6.318534972227639,10.448905,0.9641695
264.08003393703973,-6.842267370703336,11.8236,3.483883
264.3994428175198,-6.796243376210924,9.608457,1.2729387
264.60899148076714,-6.558259853627543,10.062911,2.5893211
264.7757295657436,-6.518230228369721,12.654196,2.188549
264.39376551667925,-6.282282460682229,12.952451,2.3399954
264.46687693398474,-6.138109044295036,11.833394,2.191059
264.9908676399869,-5.937542290498452,12.798477,2.2806015
264.0787779257311,-5.9818216469432794,12.753446,2.2073755
263.5686383726765,-5.799078866649295,11.431318,2.0834064
263.6520885082194,-5.621949216551114,12.816405,2.0873814
263.6894602195217,-5.57657014697952,11.006283,2.5309486
264.4997187574276,-5.519630323274822,10.481393,3.186965
264.4215718919906,-5.524712452701127,11.743915,2.0559673
264.6297633377264,-5.494881549560352,12.4025345,1.2911348
264.83913669080545,-5.45859718723253,11.859507,5.3030643
269.03020023939223,-8.614818442907175,12.2711315,2.2251606
269.5135006163066,-8.306185631504498,12.824336,2.4308128
269.51679876525014,-8.003342508726508,11.8847275,1.4308376
269.91605079199974,-8.297999402029586,12.482875,3.753069
269.8874098233774,-8.257077878169925,10.986729,3.932313
269.8583757467094,-8.19510812467405,12.613412,1.4196644
269.9929673685498,-8.058933009671968,11.437958,3.1852741
269.71130754496966,-7.452103697016339,12.10696,2.4320583
268.59872146879377,-8.35091390602454,10.617304,1.0989418
269.2195777498521,-7.825870347428649,12.947331,3.5636806
269.25089445705856,-7.772441400004788,12.906594,1.8438606
268.20086989658785,-7.8453651694050475,12.783915,4.492543
268.6211901598296,-7.266113441319968,10.938015,1.0233755
269.4048426232153,-7.59766562067944,11.802116,2.0812902
269.25312870562084,-7.326523591545215,12.627036,2.0986118
269.3657034950293,-7.136372675920055,12.561967,1.3380251
269.47133101256037,-7.152299283598072,12.969468,2.263548
269.0907416798225,-7.272156798991844,12.601799,2.0135489
269.0151963054253,-7.02692643511575,11.066593,0.8369951
269.424662342013,-6.881122217007728,12.559349,2.0586052
269.11736499190465,-6.791325838056475,12.396014,3.4059992
269.3192528227446,-6.738427526423068,11.428153,1.1553955
269.2441757694744,-6.679291225263793,8.595573,0.74561214
268.03294310855944,-7.379288040867672,12.78176,2.9288588
267.7542695420723,-7.598284218555396,12.943234,1.4455042
268.1928223397395,-7.24806965233935,12.693301,1.3608046
268.2223536460825,-7.168688935432992,12.486325,2.4024744
268.3224349132506,-7.036147806551064,12.898163,3.4719543
267.1502476697224,-7.633472022705765,12.847446,1.6865444
262.09774910669546,-11.452103611987887,12.557901,2.721941
261.71127155838474,-11.528960422425074,9.588664,1.5513477
261.2299890668423,-11.652142400987286,11.982806,2.0569
260.9395582174254,-11.37720075774547,12.676454,1.3115177
261.0397503560999,-11.354863384387174,10.693151,1.2076283
261.2186516310024,-11.225310207343627,12.268679,1.8015804
261.4197699256828,-11.023954096720187,11.720916,1.8399591
262.2395849485311,-11.38790516310083,12.874323,1.3725843
262.19389502019897,-11.281118290535025,11.917854,1.8839808
262.28285251159724,-11.209914565750013,12.525735,2.210472
262.52098865030354,-10.748671692357938,10.611004,1.7600136
262.38533529751237,-10.830542776903288,12.492884,1.9641542
262.13066719234934,-10.692075683630883,12.846449,1.3112993
262.5501776742859,-10.48505257115955,11.238449,2.0724373
261.9762105246707,-10.49593217452639,11.974419,1.439887
262.2284363539753,-10.45749239480288,11.691088,2.0748425
262.28934391787226,-10.22165975828695,12.800425,3.0012407
260.87712813576735,-11.266626064358828,12.324697,3.7339325
261.0114698890459,-11.029215071061902,12.113108,2.8011332
261.20776000229944,-10.608106837386256,12.993423,2.066043
261.5586184176736,-10.71003838448232,10.1054535,0.86901665
261.5074510173352,-10.51639364299948,10.001414,1.7940941
261.3940857852125,-10.498043878612359,12.01367,3.7545528
261.726746722651,-10.343382128423213,11.169127,1.071269
261.78062245762874,-9.829640715327663,12.968758,2.129242
261.2606821447256,-9.909255330256329,11.992557,1.2174072
261.6326901603668,-9.675801363919005,12.260922,1.5924711
263.08787482211994,-10.67034827331135,12.902344,1.6383734
263.1098550811728,-10.411579608202167,12.509095,1.2753344
263.342781404367,-10.304966617414712,11.606522,2.6142015
263.5336998354001,-10.259504473814037,12.459663,1.8507166
263.4952854046604,-10.254609259298972,12.359496,2.546749
263.44093291866807,-10.06488832330357,12.222828,1.8443785
262.6033584902132,-10.455538541237267,12.756178,1.2600279
262.7108169767821,-10.31575319052443,10.95713,1.8430529
262.4658509300174,-10.287815442050123,11.786588,1.2378197
262.494465575566,-10.070719871211542,12.542236,1.441287
262.6435451776373,-9.940406441814126,12.842041,2.4738426
263.1059392254767,-9.894458918979629,12.304715,1.5414057
263.5031984868878,-9.93792047758881,12.861074,2.0855513
263.3828722313646,-9.854768204748572,11.90077,1.4485693
263.4207556474395,-9.832299678766553,11.325083,1.4096212
263.7083860351581,-9.833364043458602,12.69604,1.4002438
264.06756878111906,-9.731787365277789,12.617746,2.237461
264.1077333171004,-9.67648858210395,12.080353,2.105998
263.22093822392674,-9.811036776733669,11.772254,3.151332
263.58739589982673,-9.136832203973542,12.846539,2.4624748
262.2697291355757,-9.925837948951742,12.604759,2.2630692
262.43928077179226,-9.95414975343664,12.294791,2.1006746
261.81544247457686,-9.649668569371435,12.918002,2.075018
263.30708401560236,-9.147362504031383,12.759618,1.916832
263.2669720515179,-8.744175009144838,10.070349,1.0477343
260.6002303308338,-10.319359237132705,12.5376425,1.8856878
260.62859054515644,-10.018125929674731,10.514343,1.2327738
260.57068833020367,-9.970632243369533,12.956376,1.9025145
259.6447118708063,-10.156993491172491,12.834654,1.8870859
260.73827654289306,-10.038798480409767,12.8464,2.2659063
260.65098797447473,-9.983840899759393,11.593497,1.0206356
261.0996016354952,-9.601846233404903,11.714153,1.9462166
259.2988901622329,-9.560420317138043,11.402702,2.111412
260.48435946808655,-8.890252142064565,12.413707,2.6389904
259.7208935932578,-8.82048968097614,12.764208,3.7222605
259.811297114832,-8.81527188388364,12.913934,1.3209562
261.48494806362424,-9.338954095657003,12.678781,1.3762665
262.0023271266055,-9.200162283970203,12.006002,2.4129133
261.2314093542239,-9.134615719378388,12.724931,2.0540552
262.20379319391117,-8.596219259733063,11.654846,2.112979
260.8844368169081,-8.470397432913428,11.023625,1.1158657
261.16168270902756,-8.165434773958507,10.977418,2.8231573
260.4207809881904,-8.473318151467815,12.345298,2.2468739
260.4374017555659,-8.425739925091303,11.413907,3.0065231
261.0519065354625,-8.177601404032895,12.99252,1.3045301
261.0854296536621,-8.080087915394316,12.864576,1.5001917
262.0598532548563,-7.859135956438174,12.394229,2.4125805
261.79229634978117,-7.809022466334121,12.448531,1.9587488
261.2838325774433,-7.743998080400117,12.797179,2.998335
261.40612734446137,-7.655177760586988,12.987749,1.9184237
261.5717919503678,-7.6185011927650255,11.58638,1.947835
261.7641581264115,-7.5773371011485375,12.328688,1.5776119
264.0745421954271,-9.281374741401907,12.427805,2.4024582
264.00497930695536,-8.990838258692033,11.655837,1.1272554
264.1520448199273,-8.727258935980464,12.08085,1.0957155
264.8178947919422,-8.088197934749543,12.291956,1.8512802
263.5371289073878,-8.607799921874191,10.865118,1.2295475
263.70147656689306,-8.556562933851843,12.824668,1.4378223
263.6977224657644,-8.544918116857586,11.920919,1.2022495
263.97567779775807,-8.235483581831634,11.677512,1.4862499
263.156945157412,-8.499255177069573,12.937534,2.1586409
263.41744502228215,-8.171337032865107,12.626636,1.6838732
263.93573747208205,-8.082436563648688,12.630424,3.1405687
263.85696795471557,-8.032820407354729,12.867719,2.8617706
263.67988521030264,-7.937621455803756,10.834548,1.0262823
265.928012389685,-8.116272896914456,12.57286,2.4804325
266.425045861175,-7.775586384399063,11.851001,2.1006374
265.5925441059148,-7.834057749529152,11.626485,2.0769548
265.1362338693175,-7.778318123183393,11.1087,1.9719
266.71782564471744,-7.381579740026723,12.0898905,0.92126656
266.53053188233235,-7.28525399533074,11.611382,1.9779663
267.0478601308688,-7.090065522221133,9.885457,1.9307632
266.6275256056013,-7.220649773450206,10.608189,2.0408
265.87836145104467,-7.25231038553109,12.254604,1.6268969
266.1456056747031,-7.16724467866217,12.990161,1.9964962
266.20624237074105,-7.019004502954079,12.1436825,2.3539572
265.71831345272017,-7.199548759688423,12.371997,1.8825216
265.8127384798247,-7.015533881549754,12.936273,1.603198
265.62907526114634,-6.89309117047896,11.289615,1.2350979
265.7583793918545,-6.722194549746512,10.85807,1.0091476
265.71907759933305,-6.669352165997321,12.9076,2.7720194
265.27450972604015,-6.455225161793095,12.684216,2.3245583
265.3651630672711,-6.354502099428444,9.646573,2.9567184
265.90005726749445,-6.424080847826015,10.347779,0.8801441
265.9103488754414,-6.386389041765906,12.805557,2.100854
265.81232345492504,-6.189342614583194,12.09713,2.4701319
263.1735672558122,-7.918501373328248,12.156508,2.2606812
262.6581005913302,-7.501311131995653,12.045032,1.4863892
262.9626447203631,-7.2672620054489645,10.808961,1.1337032
263.71704012228366,-7.249052128522572,7.2781477,3.3607574
263.60550742494087,-7.024865244968489,12.822487,1.6341248
262.50206591302305,-7.511941793034712,10.045355,3.972929
262.4348996975789,-7.324783775279344,11.97326,1.3711033
261.79910564057445,-7.317510068235404,8.233301,0.8017173
261.8265469337726,-7.161936297162093,12.8521805,2.090456
262.3947699505344,-6.813324514148791,12.837337,2.0722542
262.98254578060653,-7.073285558536963,11.559515,2.7458792
263.4300179673038,-6.4297023267591005,12.321759,1.1871128
262.39157046680833,-6.611922714356694,12.415904,1.464364
263.00549276212473,-6.479309582477395,12.101935,1.8183537
263.01964736934093,-6.083343519277374,12.772837,2.4402027
264.56492547151,-6.965298923888536,11.022997,3.2342348
263.8565413178902,-6.4420280645671,11.629475,1.5260448
264.22174876207805,-6.298934056433303,11.63917,1.3573017
265.22128743938123,-6.1267490229815715,12.007696,2.628481
265.12071798846273,-6.072214012412048,11.687038,1.1769695
265.28503549101816,-6.028363600203689,12.387853,1.2542763
263.82707806593993,-6.137220029195788,12.651105,3.8392363
263.5182006218862,-6.115123511583403,12.091613,1.4366398
263.7334277457833,-5.723744223010689,10.692022,2.5204105
264.70497700856896,-5.667084609743089,9.548266,0.8929062
264.7140079342565,-5.585028069725324,11.8132105,2.3415098
264.8706730783529,-5.437331146550424,12.886304,2.6557865
264.61159908528396,-5.317358493817366,10.851186,1.0720472
264.02924198733336,-5.64971361835137,12.050458,1.6263561
264.36085497428064,-4.8170190143601035,10.50546,2.234973
269.68063208690916,-9.24112007921982,12.477265,5.131398
269.65934520101007,-8.914003507543875,11.844017,3.2463913
269.73806187220487,-8.812608722230115,12.755764,1.5026207
269.982504024191,-8.814511532396214,12.853423,4.6939774
269.6126403076184,-8.66815181318885,12.480316,2.6859913
269.6463301340436,-8.632535784892912,11.905467,1.9817667
269.89056818723327,-8.359406986410631,11.717121,1.2138329
269.43100824263,-8.294454824714084,12.446905,2.6402683
268.99961676818026,-8.044420548731273,12.695003,1.3767262
269.3436129633545,-7.971274062902388,10.939319,3.29877
269.6391145544272,-8.016910501324894,12.93693,5.7752714
269.8159758773997,-7.731922334729684,12.939964,5.2374964
269.5457108367112,-7.816343436012272,11.576068,1.1249704
269.47533537984395,-7.729108650262777,10.6213455,1.9268312
268.786074230901,-7.677961187293638,11.29609,1.002697
268.9128711491197,-7.714031925761783,12.643274,1.5282345
269.049271044733,-7.674121031392123,11.607942,1.1955433
268.0653591654455,-7.653323503327786,12.151004,1.260951
268.6710493849158,-7.444491096435614,12.64321,3.1893167
268.42472357802114,-7.346506688882342,10.824435,3.1788845
268.52521020378794,-7.278843181630922,12.794852,1.8181
269.41736440706603,-7.162539069503549,12.785108,2.3086548
268.76905217222054,-7.1994586077004765,10.898564,1.904974
268.7181959351948,-7.192020790457642,12.712109,2.0875978
269.22438208962615,-7.069030719153212,12.819293,2.9054642
269.3080507400649,-6.991572160577782,12.9432335,4.234784
269.5384006595588,-6.837243258687409,12.103311,2.0892649
269.39230866407553,-6.888940655741998,12.009079,2.0832987
269.0368776672353,-6.817083990662767,11.967237,2.2872305
269.2064261099768,-6.789764896681054,12.683064,3.6591568
269.2738915564032,-6.690131612212457,8.555411,0.34364414
267.82334106388663,-7.4290489422317245,12.88403,1.9508438
268.170684728272,-7.239676044608823,12.082955,2.3963118
268.32474703867695,-6.9645852087451345,12.994771,2.183547
267.7773914631125,-7.140626489752046,12.217003,2.192132
267.3269173819074,-7.08302017102576,11.480268,1.0868435
268.004694736074,-6.941844416766242,12.559108,1.3087454
267.84022681015114,-6.854739832091925,12.735341,2.1353464
267.91730832965436,-6.626220973737846,12.595898,4.347642
268.7604479801606,-6.958549712545197,12.837258,2.2493324
268.68943781354864,-6.712241152659296,12.4702425,2.966731
268.90877688466406,-6.76273751518479,11.580904,2.2453728
268.0094051365392,-6.595956051896689,12.45526,2.9158373
268.0221663423412,-6.536775832746909,12.829248,2.1974955
268.2757095194246,-6.313414196716937,12.872027,2.3070278
268.7556818512591,-6.312486272068015,11.776646,1.2079983
268.3843428227926,-6.317287338676219,12.443982,2.7072887
268.6934070475018,-6.124256895613449,9.191893,2.06808
269.9344973917742,-6.927798264100021,12.233814,1.508481
269.82476278810475,-6.8538780893273765,8.935404,0.8443136
269.6298963400692,-6.749342843208359,10.399104,2.2594395
269.81313865548606,-6.354304628083232,11.745127,3.3054142
269.915378867831,-5.929002222822118,10.827022,2.6000252
269.86689001266376,-5.889895191869443,11.929152,2.1915894
268.8415117689273,-5.913328273384601,12.478279,2.0066319
269.9875270316798,-5.801033242989022,12.496626,2.9261398
269.9339903011589,-5.72530857657569,12.2471,2.434229
267.1325561081264,-6.986648128596126,12.981423,1.5459576
267.27218495133553,-6.524045518836443,12.925948,2.0428085
266.5867240286573,-6.5873870530231,11.494039,1.0694942
266.8418615498171,-6.305066447351848,11.828585,3.1931677
267.2738312183332,-6.195389866179835,12.43303,4.132099
267.95156509178315,-6.488879696138772,10.192338,1.7778349
268.02643724201465,-6.4079313471314,9.766123,0.62037754
268.18203275883076,-5.925605485690409,12.850834,2.193469
267.925857349112,-5.876993586311419,12.63785,2.3922472
268.0460446871452,-5.737655297309954,12.083702,2.3999233
266.5933678996643,-6.403755784306993,11.773157,2.0641499
266.65513247865755,-6.160851884660635,12.84576,2.7290268
268.09501856695266,-10.285873994213173,12.008606,5.016285
269.30435397756145,-9.969005496528995,12.016538,1.5649891
269.1575905163343,-9.830512030812855,11.161193,3.7731028
269.03639815726825,-9.728654485529992,11.356185,2.2344513
268.8470593253935,-9.719347511713886,11.436666,2.119092
269.0056997717697,-9.345085140314445,11.955405,3.4831238
269.2761153607926,-9.445787433138278,12.355497,1.239666
267.703178181345,-10.020117663042615,12.817896,2.4286394
267.6318881903009,-9.94979212051256,11.342323,1.1292524
267.9128886964831,-9.777225076049099,11.18735,1.1939917
268.01516156367785,-9.741847888576727,11.831815,1.215312
267.5715973683137,-9.7591720880824,12.000562,1.3382912
267.8309185973306,-9.594149850453487,12.455514,1.8804207
267.3385416013676,-9.65846766798885,12.751535,1.9448547
267.48128593291807,-9.621564301265757,12.945472,2.9203863
267.45681613872864,-9.374118842237571,11.661493,2.6283102
267.8122796326579,-9.27486687990866,12.595296,2.5424023
267.87570609377855,-9.127455547681063,12.95407,2.2390795
267.93001674325757,-9.073160710721428,12.632878,1.3368864
268.63133025414936,-9.32775657284961,12.288125,3.6077604
269.1797046635285,-9.015188971941319,8.465272,0.79590654
268.9551965562613,-8.820542121046358,11.642968,1.4995356
268.13206948949767,-8.901957591535776,12.447098,5.8309155
265.88947190840304,-10.580224059751906,11.875021,2.6220465
266.10261902002276,-10.055160168521349,12.178471,3.3450947
265.5587065125028,-10.025030792697953,12.019954,5.08778
265.7835713122951,-9.952784240904723,12.547881,1.4980478
265.88726849710304,-9.842657941170552,12.358163,2.0994987
266.9668808286894,-9.518542952141964,12.846488,2.6383715
266.98643645341514,-9.478201010732255,12.760666,2.401866
266.1122559213531,-9.852273689733545,12.83898,1.491931
266.2233863717259,-9.585788034384645,12.951628,1.8294868
266.6081296701572,-9.324011594155989,12.959963,4.2329817
264.9160449703011,-9.740990819908411,12.5462675,2.041129
265.11407322177826,-9.707184609325582,12.545541,3.5547676
265.92485635081493,-9.317020708610558,8.598436,1.7970614
266.33727516380395,-9.110190395523409,12.968501,1.5095339
266.260489840289,-8.906606101910109,12.594721,1.5556927
265.8328256050277,-8.84065993187506,11.158157,2.1907597
267.39731959322637,-9.34375983196972,11.498012,1.2295523
267.5921344856634,-8.976930450331075,12.772737,2.360242
267.35940421108813,-8.681554240972721,12.887435,1.4963856
267.08916904550506,-8.771353685813738,11.904974,2.4756155
267.1013868365691,-8.481646467864115,12.468946,3.0099115
267.75078951567286,-8.809109424336432,12.854461,2.1154642
268.06687874030246,-8.637897661101794,12.120983,2.2411299
267.72929004386555,-8.697511733273407,11.6229725,2.3000565
267.86802684474185,-8.464917045628207,11.775923,1.1551094
268.2435338719185,-8.512060880874717,12.660648,2.4854765
268.0481879965917,-8.450581194906393,12.865212,2.7538815
268.10554476338234,-8.270876772657054,12.89433,1.6967888
266.6220201822353,-8.712042478984,11.275215,2.9710379
266.9358961700417,-8.330550249896879,11.324191,3.4857101
266.77087175765814,-8.38943254376699,12.4064665,2.050064
266.7320886057703,-8.160969769895665,12.4307575,3.2815418
266.8032453344322,-8.091552063897371,12.830926,2.4348297
266.7918387211917,-8.072880449817967,8.630053,0.77605057
266.6640867261649,-8.023512427190427,10.031698,0.91787624
267.08026224222493,-7.938325938994539,12.551621,1.8314047
267.81398202375044,-7.84689810074823,12.873498,2.9652061
267.7838691697002,-7.754062079687194,12.521573,2.7851944
267.60916764730666,-7.826846527392484,12.321595,2.5281572
266.7312147528366,-7.718343988205548,12.473441,2.355794
266.7931879409436,-7.519093705188712,12.403497,2.4664564
261.79633842727026,-11.705828597882297,10.528041,4.282728
261.59203715078326,-11.491411235893091,10.842733,1.8500128
261.81265362938547,-11.549587140741785,12.178546,2.1889563
261.6235756903816,-11.367213739209332,12.459201,1.9715681
260.94221983878793,-11.485949159761978,11.804998,1.1136312
261.61370642463316,-11.283916176902398,12.996101,1.8477869
261.58228412249446,-11.12987310480028,10.935424,2.138132
261.68259280405766,-11.121217859345265,12.117497,1.8312778
261.26494370510056,-11.068627547292625,9.013963,2.852182
261.5218170973335,-10.916053177982501,12.26339,1.7438021
262.2195685289663,-11.34747176172821,10.074869,3.2124414
262.4179093746962,-11.047174481986197,12.090547,1.3081274
262.29557849244065,-11.039725041250314,12.302054,2.0529804
262.9518155652368,-10.81859384916749,11.485392,1.2232285
262.5658770490509,-10.702433082700852,12.903648,1.1421633
262.688893770333,-10.613754309743936,10.958069,1.1297045
261.8725768303302,-10.995949007329468,12.549834,1.6928158
262.20272658687327,-10.765909068860596,11.811823,4.454816
261.6925277448589,-10.859722495692353,12.683818,1.2788391
261.8753488250278,-10.720361524354574,11.409331,1.0734863
262.34143368033256,-10.624223823350171,12.442574,1.3557014
262.1160871004293,-10.500961177041727,12.653527,1.9165182
262.3547916297732,-10.380237408343103,12.189606,1.3146257
261.01757844817706,-11.193647466772525,12.311068,1.5444689
261.0452205980982,-11.094356475928617,11.977127,2.0804405
260.9497321738585,-10.90351058926982,12.91119,3.2708979
261.18415149066453,-10.711966145112129,12.600772,1.4401245
260.6902789830641,-10.759193176164278,10.345875,1.7813406
260.266996458186,-10.825525885712855,12.765675,2.4973373
260.7119697712017,-10.671702618794619,9.088223,1.5746489
260.6293752734818,-10.564976165144444,12.456445,1.3629055
260.78769809110236,-10.40764797684151,9.262485,0.88617134
261.6217776022586,-10.344254707856056,12.971271,1.5771942
261.0855705770563,-10.033898340225582,12.634589,2.6724024
261.1421310624457,-9.997576809028473,11.708711,1.8992939
261.71755353744805,-9.967662843989922,12.869595,4.027646
261.57103586550306,-9.61491356000444,12.633699,4.687148
262.8650217734612,-10.710626798973513,10.809061,1.0732279
263.4561829179249,-10.272399582441775,11.567813,1.2668152
263.35403790308067,-10.177009827967325,11.74677,1.816884
262.6664679030001,-10.320992111802013,12.324535,1.8601398
262.4225477157293,-10.157733596069503,12.365609,2.4308968
262.6649108099622,-10.107606583904756,12.507612,1.4160004
263.0687588519738,-10.085342889765155,12.952911,2.5554829
262.9483839067244,-9.97717910207445,12.674481,3.0894022
263.1310626560795,-10.011442986453714,12.19063,2.3072453
263.10064190718225,-9.793890273630351,12.528842,2.3453903
263.1604841025194,-9.760842058779799,11.646298,2.5281982
263.8752122061932,-9.646773276139577,12.248512,1.9644794
263.9235011952698,-9.556348106726874,12.33381,2.2157698
263.8706981061616,-9.55498142640363,12.749403,1.7591896
263.73672160998245,-9.330526031781492,11.913788,2.02569
263.6478462922905,-9.27235618323656,12.69115,2.214408
263.6039575404576,-9.238494283454752,12.257267,2.500307
261.68519061893016,-9.571109884180984,11.131714,1.2017698
263.1535315944064,-9.411521562729563,9.796677,1.6528215
262.999575093291,-9.045724199341992,12.186116,2.2110996
263.1934477459825,-9.048622893964088,12.478727,4.811784
263.1317282515948,-8.96225955279253,11.730939,2.6420584
262.54390968093594,-8.941441903868084,11.367688,2.2332535
262.3348459412903,-9.029899404236764,11.413903,1.5063019
263.12009874496005,-8.749045437294503,12.96428,2.2095032
260.36787327886094,-10.455219615900385,12.747084,1.964942
260.3633230464579,-10.285975280764712,12.8164215,1.3147345
259.6710844303855,-10.294590302600511,12.467051,1.9612646
260.21710748842395,-10.07667554153002,11.109501,1.8738222
260.4620249866311,-9.92382811408473,10.991163,2.4683895
260.0313512444018,-9.824693457229014,11.855527,3.4485655
260.9449660259549,-9.86197745946485,12.150779,2.4013872
260.6039280774153,-9.879011706991717,12.930828,1.9160223
261.188836022028,-9.854069796783044,12.271812,1.3601398
261.4383046663937,-9.506062124687745,8.740741,2.8123064
260.7651844605226,-9.549415335244767,10.121053,2.757203
260.513225838602,-9.474932927943604,12.671364,1.4609413
260.89480594021,-9.20085735642797,8.696353,2.7287107
259.56339194994604,-9.757610743870265,12.000135,2.0825663
259.7639833144279,-9.697796529605016,12.359019,2.3704157
259.7874192393683,-9.60461601361139,12.742456,1.3940182
258.8806881157733,-9.644138411368646,12.736383,1.7383947
259.474871790796,-9.136214650602579,11.31325,1.5317583
260.40475781898067,-8.822327631106376,11.826594,1.1080046
259.7657507975492,-8.874144996625494,12.504249,1.8358126
261.59067495694705,-9.30691790902565,10.907157,2.464015
261.8254431196113,-8.882819004085414,12.876968,2.5801105
262.72945380302815,-8.290451330351024,9.568971,1.0781431
261.60956595547873,-8.373333433959711,12.7988615,1.44491
261.9834960744885,-8.173596817778565,11.971774,2.3138018
262.180132853485,-8.176691228177974,12.467217,1.5294638
261.44132314568526,-8.386258078163834,11.048358,2.320694
261.7956097756849,-8.03413493488078,12.302001,2.2414093
261.952034537767,-8.047529093398369,12.768739,2.5701494
261.8709679874531,-7.771164619827844,12.444217,1.5489292
261.26851009580804,-7.779805986749242,12.350996,2.38581
261.32734503562,-7.541065283879638,11.318292,1.4473839
261.28791186326475,-7.546329238071848,12.693912,2.5799646
264.44693622641313,-9.344333990256915,12.9437685,2.496542
264.1980748152227,-9.042939203192185,12.418334,2.2873116
263.79786579952963,-8.970472180079826,12.980212,1.2777243
264.1568706621547,-8.765088635287094,11.830923,2.1760998
264.15385641866317,-8.736111247659023,12.198042,1.8977051
264.1096566371677,-8.615888770395019,12.890022,2.645998
264.5153433580032,-8.566331861623178,12.333418,3.1859903
265.3042940486204,-8.587459220358163,12.992939,2.5362234
265.36021822082097,-8.38725198561626,11.310235,2.2557306
264.7030483331568,-8.11336061494011,12.982311,1.6207647
263.67192446043293,-8.965928497387635,8.600552,2.4257612
264.05033877390963,-8.371254229782178,12.72771,1.9722176
263.9826780714523,-8.354989658060985,12.468288,1.2622185
264.2549842220032,-8.19093054627697,12.197463,0.8572664
264.39311404871574,-8.20026095723548,11.568523,1.9675846
264.2040918694311,-8.209112595198292,12.547763,2.7834673
264.40154262866173,-8.005351720463944,10.082477,2.8455544
265.01093953810357,-7.81728288509452,12.807043,2.2451115
263.989304827045,-8.012747002119477,12.445017,2.5654573
264.1090134648508,-7.943435851546678,11.723981,1.8681507
264.2166793902348,-7.815756932371522,12.953645,2.3039236
263.78300502824976,-7.816317630522242,11.793472,2.2667027
264.267560116489,-7.61402354862089,12.84499,2.753522
264.39833242945036,-7.583993750985964,11.74586,1.5624218
264.5478045026509,-7.500671387780912,11.973977,2.383771
264.1085216954119,-7.4572402425700615,12.238308,1.3460112
265.74261778220233,-8.202052463104135,11.799695,2.26958
266.0873285895424,-7.9362163297603265,10.456179,3.9220219
266.2478796737599,-7.611078683594526,11.967862,1.4147072
265.57757099753957,-7.758249557035392,12.765161,2.0906324
265.18233491261884,-7.770152725041719,9.957579,1.4772768
265.30988737223896,-7.590450166098828,12.164015,2.5550022
266.38309897830993,-7.466374718955057,11.670809,1.3101492
266.8562575690099,-7.343985090803616,12.745743,1.7338352
266.57433590844204,-7.164861522900044,12.25609,1.2817125
266.7823642777603,-6.85363699677472,12.839496,1.6126547
266.4022391973366,-6.734065615856127,12.829621,2.8600101
265.54410017005375,-7.184813309210168,12.324071,4.254141
264.8945650294174,-7.251162650672296,12.830244,3.360076
265.0171213350541,-6.945162538184495,9.880807,1.1241322
266.13535684914024,-6.8615497856121195,12.281227,2.9481487
266.05479373310925,-6.50360272253288,10.325171,0.8338251
265.4439195110085,-6.461072924731106,9.418379,6.2055473
262.9172385031998,-8.243301007045352,12.433835,2.4398956
263.4416650720187,-7.63561393064339,12.824175,1.6348763
262.7383365124608,-7.938344447336428,12.9302635,2.3937502
262.33154548302605,-7.770398043213763,12.855953,2.246026
262.5346058475621,-7.570027770322615,11.7704,2.5562267
262.9179475125679,-7.725832650257292,12.620276,2.4631157
262.9752527032823,-7.701361469079176,12.949848,2.1899672
263.12277889462746,-7.474267748633927,12.496653,2.1083422
263.65062123865727,-7.731050201945579,11.7348175,2.311102
263.7511657165009,-7.191906673296922,9.300613,0.9618044
263.537563076444,-7.1094277223117475,12.946389,2.9343204
265.0247164644348,-9.630545527411057,12.929203,1.5803556
266.3162605928711,-8.899905795615469,11.880516,1.2885227
265.4029135793004,-9.179745106833922,12.854951,4.019746
265.88185272486413,-8.62725552237722,12.432278,2.8214035
265.61265857470175,-8.539625068064716,10.218991,2.0988789
267.6201215845802,-9.203823214073386,11.718103,2.1739826
267.82894421960924,-8.979767154139005,12.613395,1.3285618
267.38772488510176,-9.064055089372168,12.037389,2.2289944
266.7892079374372,-8.751781906957222,12.90617,1.5142756
266.7959924351861,-8.74376491397282,12.365973,2.3006058
266.42981607002656,-8.906931344014717,12.959111,2.889491
266.21621375730143,-8.63401293421624,12.929937,1.7664013
266.926068836095,-8.582912503822728,12.250616,1.2712517
266.8645506449779,-8.190285022968888,11.561682,2.1040058
266.11835384353174,-8.455663905050368,12.518998,2.1443052
266.12273938076606,-8.391381289897945,12.436953,1.4469032
266.464188784567,-8.015588202455945,12.530717,2.28261
267.33426225012636,-8.251561556157371,12.670619,2.4173403
267.2908918761473,-8.13365686665697,11.359039,2.0653658
267.045958212571,-7.9672096674616375,12.961775,1.3470783
267.6550390998545,-7.948895526174492,12.7034025,1.6212778
267.57312446054283,-7.884077815987459,12.283882,3.2820816
267.580857495485,-7.838983575488853,11.243831,2.7698698
266.8642621829668,-7.989649867719559,12.893586,2.4182444
266.9963112754471,-7.751173985669653,12.979547,2.7961006
267.30260187114027,-7.463428652175911,12.628359,2.5313091
261.7683350634486,-11.717722957269766,12.928303,2.255601
261.9315761372983,-11.691247044695917,12.7030325,1.3639889
261.81589513879135,-11.284837318227988,11.009775,1.6600723
261.1563507588474,-11.622108991288044,12.836678,1.6639204
260.9011609089011,-11.444024745695236,12.714538,1.1550264
261.654726233609,-11.298173314135344,12.357739,1.2540035
261.8197342056071,-11.089564338011781,12.549759,2.1791792
261.45450302201414,-11.014918141407282,12.8331,2.09978
261.53527130655874,-10.906062032309967,12.058097,1.2563114
262.3894227491821,-11.152162247859579,10.922094,1.3934011
262.509676579038,-10.633042331164523,12.777797,1.8574896
261.97338633540136,-10.861323836654792,12.615199,1.9359846
262.11559210731315,-10.6080395590828,10.100905,1.5316935
260.84313283073976,-11.38154472391753,11.629792,1.1540432
260.9024284244354,-11.360412626671183,12.605576,1.5066462
260.5974748058492,-11.100799118495754,12.398147,1.6655531
260.71284067510095,-10.991563358393716,11.616903,2.0937042
261.00111450605453,-10.683282140304945,10.300094,1.0445309
260.8976282848286,-10.561692949328485,12.094936,1.3046227
260.73992473161906,-10.4781191165891,12.466447,2.1062813
261.6298202227698,-10.747886668541424,12.117058,1.8241186
261.55900585376236,-10.542475065157127,12.785,1.3909502
261.3831034005985,-10.383420199322465,10.1722,2.01398
261.9303710194755,-10.228990608513445,12.066227,2.7301283
261.91545115863653,-10.174783903466777,12.539533,2.012723
261.47713334144606,-10.150541985363766,12.418866,2.6447353
261.7197557247765,-9.76910072081723,12.748022,1.3365793
262.7870971624376,-10.388766328487305,12.944994,1.958333
263.4467703987692,-10.271705029568,12.907785,1.4538488
262.8660259521324,-10.12865052798978,10.659559,1.0985231
262.96471163757246,-9.937701301153815,12.142845,3.1242542
263.4625047336556,-9.913827136227084,12.665104,2.3860855
263.70553043182946,-9.328843767080471,11.612553,2.0791712
263.8111125133169,-9.31067271513563,12.734582,2.341711
263.5320502777349,-9.185367311859277,11.699981,3.7042522
263.76328438805876,-9.189816086617222,12.432909,1.9417439
263.5907741291788,-9.061616950677516,12.970776,1.7292604
262.29269792531795,-9.448242434470844,12.884866,1.8188744
262.3400306863646,-9.405384605201016,12.743382,1.7680063
263.1848611100883,-9.24917473240391,10.80868,2.515605
263.2662170094001,-9.040726622398818,11.110031,1.103692
262.6193208638867,-9.271055069899544,11.139433,2.9491558
262.69207504963407,-8.8714863174662,11.350135,1.1879444
263.2235772295037,-8.65084003189796,12.861268,2.6534147
263.01819199357175,-8.546963467575644,12.938511,1.5098791
260.494331645894,-10.068001397231306,12.923122,2.4620962
260.6428474873426,-10.015906272993142,11.203601,1.0415993
259.8652614502722,-10.261203820077151,11.995309,5.766097
260.0851846286316,-10.168635197146221,10.502286,1.7216415
260.0471888441498,-10.140733806101402,12.5632105,2.0759554
261.2474124384156,-9.521025837921364,12.85355,1.115345
260.3471344947451,-9.583259573845266,12.574479,2.1088295
261.0038099206694,-9.324626451847324,12.661153,2.13313
259.4613018113272,-10.036902875757672,12.485615,1.7877827
259.16685459501525,-9.909969519159942,11.627807,1.466466
259.701038351437,-9.687715155560031,10.7808695,2.203063
259.0809723473065,-9.841665451737786,10.326375,1.073966
259.6053100269464,-9.458063287872593,12.975161,2.5976887
259.6167411708551,-9.431750602861593,12.834254,2.6990948
259.51793348226164,-9.175437035607708,11.389493,2.1512518
260.1751957043654,-9.19352752994528,12.744949,1.827508
260.6194397709138,-8.834790517663693,12.140646,1.6025124
259.790166145857,-9.09192849214307,12.193511,2.1788778
259.9277943925122,-9.03397388001683,11.971706,1.9364033
259.9999326620351,-8.859633945582251,12.003828,1.8110056
260.02458540599116,-8.547661491184193,12.997505,1.1237574
261.4034082885373,-9.174150003460515,12.251763,1.288949
262.11603793416634,-8.891189570895245,11.590908,2.1128483
261.84892343404476,-8.801149073751326,11.288006,2.350296
261.2814854229993,-9.10535699004538,11.662915,1.3946533
261.04679973690907,-9.140731829383206,12.662468,2.4212236
262.10313783918394,-8.732007885643787,12.80769,1.635787
262.0093660656044,-8.208957033164404,6.225463,0.74987364
262.1526174426816,-7.95750136456994,12.893177,2.1325588
261.2045248695836,-8.18042345007841,9.086428,0.61694336
260.39980802583295,-8.382680788659894,12.531217,1.258501
260.1899296313412,-8.386449360499736,12.855635,1.2545805
260.39234703426166,-8.325939579294628,10.244619,0.95009995
260.6252404472988,-8.164734988115349,10.64699,1.8486423
261.3292038000708,-8.169137088242056,12.598571,1.6465826
261.3123769318913,-8.10546141654133,12.1563835,2.476595
261.44056148109587,-7.908352639218687,11.282995,0.99830246
261.7552058043619,-7.885872076548573,12.814794,1.6298513
264.31303610323624,-9.272954895746512,12.088659,2.8717566
264.41294286201503,-9.154520375552156,12.634171,2.206688
264.36179646179914,-8.98208408070346,10.144766,2.099677
263.96142233556424,-8.887363406253975,12.421551,3.8525648
264.2796325863146,-8.714655648623555,11.326567,2.5948582
265.3854301448502,-8.665238496593766,12.917804,2.4404984
265.45635971159646,-8.395744217022052,11.594993,1.5167618
265.18693756953553,-8.394502041459257,12.921988,3.7397327
265.188303089473,-8.331824669137863,12.704806,2.3613272
265.40095978304595,-8.219480689059571,12.719961,2.3172054
263.516575115256,-8.631813914139268,12.324376,1.3002939
263.38789143296873,-8.327219628706539,12.850476,4.0142097
264.3337719465623,-7.6409619864487395,12.943603,2.1612024
264.2911090815896,-7.260691116109698,12.604668,1.5599585
265.5033857504399,-7.561106892850227,10.63081,1.0090866
265.5167546513387,-7.412512515611457,12.911814,2.8185854
265.8973073611657,-7.318029505374212,12.220772,2.0259914
266.311941752678,-7.56941374983419,12.287141,2.0753088
266.3323991601856,-7.456703738964539,12.7727585,1.4453583
266.50622785941454,-7.37594206440652,12.87107,1.4981747
267.1220395288002,-7.13952432511717,12.852309,3.624259
266.5888787026412,-7.110190184245138,12.208119,2.0661745
266.0214674918994,-7.302640754884763,12.850966,2.6098518
266.0172342288017,-7.153751743371632,12.719713,3.1449633
266.0981846032153,-7.151010708350042,9.451867,1.8328266
266.4737436178848,-7.025026817811384,12.875978,2.318699
266.5901927034238,-6.7361872591553125,12.381819,2.2113972
264.8854822363962,-7.48328150780739,11.752855,1.2818155
265.44227153123524,-7.263740571182124,12.359973,1.8017693
265.52214662682104,-6.98928234361426,11.3591585,3.1354103
264.81879299668714,-6.820911455526242,10.262416,2.7716856
265.76576390761863,-6.79535894682857,12.936865,1.3898382
263.38580278178716,-8.012445600020191,12.783667,1.6672182
263.2943316405741,-7.617255505979953,10.325206,1.0549326
262.68270124555727,-7.863883624042481,9.640086,1.241581
262.81017527004843,-7.802385165083071,12.911082,1.677042
262.4544581471544,-7.7457124347973085,11.168807,3.2482367
262.6571084309628,-7.547024207349304,12.960756,3.097351
262.82422273877916,-7.450825452762038,12.543311,3.3252068
262.7664211489526,-7.431400026376118,12.963161,1.6008844
262.90731783097186,-7.36136204766601,11.321755,2.3407784
263.40229967595275,-7.489057128640676,9.731309,0.9463682
263.6395089845634,-7.441099329720244,12.199298,2.1288996
263.0700187339599,-7.255748477287885,11.939126,2.1669846
263.57965576777804,-6.9769405334514545,9.612697,0.9479599
263.87058484117233,-6.782281782204761,12.725331,1.3357363
262.31092421746797,-7.463603778211232,6.9859776,5.5572677
262.65426846395275,-7.370944951398376,12.50958,1.54737
262.8302953959738,-7.178584680810136,12.634491,1.4049988
262.4761798770504,-7.207797478790014,9.906788,1.1276407
262.2469183639951,-6.807965781670452,12.331339,3.4560308
262.2707978181103,-6.634343654739097,12.709585,1.9684458
262.8866192648938,-7.064544996685307,11.727221,1.4387484
263.2376593649853,-6.663107243215201,11.862995,1.8994379
263.4637717706457,-6.407571390248939,9.35265,0.80640507
262.5699921634061,-6.680746702772743,11.998163,1.9504051
262.99756398810626,-6.348696345087804,11.914811,1.8478899
262.8096665728156,-6.326955865493024,12.586195,2.2855186
262.92333135133055,-6.121528212698905,12.864431,1.3033867
264.85772909100046,-6.4849421920231825,12.353634,2.425396
263.9980165105448,-6.370691831270485,10.7797575,3.9014273
264.249598039272,-6.378432743787386,12.763813,1.8069162
265.18465591959506,-6.147816504437665,12.787674,2.342987
265.0946513648727,-6.131244306831457,11.586024,1.1524887
265.39512745354,-5.888327649447519,12.461351,1.6251135
265.2055935066058,-5.805506113832165,12.642388,2.107813
265.0371213055558,-5.478486783905255,10.444156,0.997283
263.82474153229515,-6.424193113553977,12.790876,2.0038319
263.7809296034397,-6.439645571754901,9.796809,0.8350668
263.96234667337694,-6.201838030167642,9.015511,0.91810703
263.9273037345715,-6.1201469945870945,6.26946,1.3332806
264.1360411818793,-5.797529476629494,12.069765,2.31221
263.8207013891232,-5.760602610308892,12.759286,2.6939602
264.3615680488327,-5.591929046013194,12.778346,1.7277775
264.7642740615034,-5.514237747428583,7.984855,0.7755952
264.8154328661153,-5.339065643591501,12.821144,2.0850039
264.0546500498238,-5.262276125934659,12.771484,1.6103945
264.39966306970564,-5.176679618183453,12.1944065,2.1898422
264.30591108289883,-5.158913091039548,11.168697,2.2488194
264.5305048455978,-5.085852705108235,12.817219,1.6209259
264.14574648560733,-5.117664921845051,11.970057,2.0117645
269.953326079356,-9.520235831338095,12.976089,2.598773
269.64895705783016,-9.199038041038843,12.492838,3.4511547
269.8335361230295,-8.647895768414848,12.204283,1.3837347
269.5033168792577,-8.621603541386516,11.785649,2.5853806
269.06821326177896,-8.768039874292214,11.953199,2.7269583
269.1049724011807,-8.745817712372393,10.431178,1.0718441
269.70597167803953,-8.137270947805339,11.479481,3.1823025
269.438094512864,-8.248064614871502,11.671421,2.2603235
269.56392567144485,-7.8850294300850985,11.808212,5.181056
268.6718165539404,-8.144308511666452,10.57967,2.2977095
268.38572954048243,-8.110955205323826,12.539515,2.2527695
269.1542443236716,-7.673084544135415,12.209986,2.666792
268.9079842597725,-7.7570506497074145,12.270988,1.5499
268.8196787332621,-7.699580505650424,11.986247,2.993082
268.1817728184702,-7.952956741759698,10.249057,0.9759712
268.40538110696514,-7.820459102179146,12.218351,2.2733536
268.04750167373555,-7.8769793635926835,12.871319,4.798299
268.57628599248915,-7.52652122630176,12.899158,2.8385134
268.7616938471986,-7.424560896791802,12.966395,4.741312
268.6916231913333,-7.30874034054421,12.847813,1.3959723
269.5661645960912,-7.4448306436537095,12.451701,4.658416
269.04549354766897,-7.460485544770784,9.643934,1.7211323
269.40733104611763,-7.100750989550311,11.772285,1.3910685
267.6625024684656,-9.744938845631982,12.767778,3.118043
267.75893472834383,-9.65401542839542,12.663408,1.4551725
267.49150661403854,-9.524778989802963,12.829284,1.2526884
267.4243716368115,-9.416150968364885,11.911758,2.4752398
268.49228670675564,-9.22270914564969,12.142461,1.3212442
268.7404463001413,-9.15987026438272,10.794434,2.7134495
268.9204955986505,-8.932140259118677,12.843671,1.8374443
268.0155329901144,-8.907688660467246,12.874687,1.3685045
268.17860862479546,-8.872764823358807,12.471319,2.157014
268.77411762377443,-8.783388864201019,11.433283,2.9551907
268.40704384615344,-8.583125853073856,11.704016,4.337325
265.9854801623168,-10.473397827346583,12.650598,2.2644224
265.95540014363513,-10.364719925757937,12.534796,2.1891356
265.68309383851727,-10.404137313325759,10.49094,1.9422636
265.7256878675002,-10.389877099465803,12.720552,2.0138798
266.171708889642,-10.391092385131222,12.560944,2.549078
265.38185011427504,-10.326548061196378,9.60824,0.96198463
266.41505146251114,-9.876061132349289,12.350903,2.1825666
266.54067130118426,-9.712981979594746,9.140117,2.8347063
266.94132845595715,-9.606049307816324,9.435306,0.97760296
266.45962724022434,-9.433345538661385,12.248157,1.7013063
266.21726934278047,-9.35736672102475,10.888013,3.2179918
266.5976791172436,-9.156179057732992,12.67315,1.6707497
264.89660697542814,-10.00413082867951,11.863713,1.4919195
265.4715763794113,-9.50661531802451,12.502322,3.3460283
264.8071927396451,-9.421984185445806,11.772726,2.23283
265.30724499142326,-9.318847223344502,12.565024,1.2587805
266.23562912921585,-9.068730857860851,11.667018,1.4805803
266.28939886658225,-8.975881869486557,12.888217,2.499711
266.02688151964145,-8.836142194281948,10.765158,1.147932
265.23428112538323,-9.094603634556897,11.711909,1.5885782
265.6424757866403,-8.830316970643368,12.770607,1.5922937
266.05727264814067,-8.669133345915695,12.827148,2.2816381
265.8672010234555,-8.603206799860132,12.31028,2.8269243
267.05035571935946,-9.420826378866249,12.530532,3.831668
267.3323960996178,-9.185990003001294,11.950368,3.3635626
267.8190331435731,-8.55445871234841,10.250387,0.91515636
267.91243028517937,-8.397491164088706,12.347582,2.1057148
268.1842628537003,-8.174957988712086,11.882679,2.0045996
267.2741101823929,-8.450367578840005,10.622114,0.9668064
268.21404410071017,-8.101209824825162,10.808682,2.2221308
267.99710688650197,-8.113262348148172,12.936866,2.3784943
267.6463917040925,-8.00824105566089,12.305681,2.2304754
266.57219638592284,-8.52065417822682,11.670888,1.407588
266.7210037375185,-8.555746601633896,10.358833,1.1693602
266.1258196647326,-8.59358106847348,11.7615,1.5198603
266.31377264724676,-8.473175592877237,12.844193,1.6514626
267.26011217690103,-8.095844952417169,12.9757395,2.2317915
267.4490167556523,-7.880013335562665,12.979797,1.5134802
267.71465531033266,-7.873786734984775,10.594364,3.2848206
267.6048082429415,-7.830753555346952,12.975308,1.6642265
266.74819496389074,-7.910596807632563,12.400809,2.219717
267.00905378244266,-7.7995558026096905,12.98269,2.4112968
266.70092146270065,-7.7671961877951,11.982046,2.6969786
267.3162803053001,-7.5338436125945405,12.446436,2.0309582
261.33161870692675,-11.755730637480003,12.609762,1.98909
261.35637278398275,-11.649707951188196,9.805968,3.0571213
261.6576049100709,-11.575212604477787,12.476435,1.2433662
261.92422138421813,-11.570638129596695,11.746546,1.3084297
261.6959182614894,-11.478705016919088,11.504889,1.2144957
261.34894591415247,-11.15257204493047,12.670681,1.9853334
261.25705942902476,-11.133318767239693,12.3265295,1.9193106
262.112287816097,-11.25797242347937,12.407774,2.1468954
262.2777796545957,-11.052117828827853,11.236888,1.8492594
262.64256278082644,-10.879909115139933,12.37643,1.9677086
262.7813076614257,-10.790594816149344,12.814471,1.8725758
262.3550373296257,-10.790622271686132,12.604668,1.7753792
262.670187443857,-10.616891383891478,11.166783,2.4338531
262.1668661306465,-10.834769226703791,11.712012,1.7835112
261.8841826711411,-10.832021624159276,12.884513,1.1044531
262.14667971751874,-10.416255944380168,12.806475,1.1478186
260.88617003509955,-11.042094912027176,11.323369,1.0222168
261.39797491217513,-10.739533854436914,12.06762,2.3915958
261.05719291699893,-10.864205531857078,11.144443,1.915719
260.55537814471086,-10.682965339359837,12.72645,1.1032686
260.5819466241094,-10.605812346943608,9.004794,2.2493758
260.8741871142569,-10.676860519607134,9.5529785,0.769927
261.7119493975962,-10.48089335295787,11.172427,1.9585152
261.17451235499254,-10.335797579341076,11.853323,2.1890707
261.2479736882537,-10.293854388685675,12.190459,1.9455566
261.3420078063362,-10.156460038976578,12.785843,2.0892496
261.36731869307124,-9.815165608537898,12.278697,1.320921
263.34406387841204,-10.278628080436322,12.037957,1.9996262
263.44275423136145,-10.094546216834676,12.676722,1.7333288
263.2118969854465,-10.28676100976027,12.467936,1.3432093
262.66018936385774,-10.279598256256742,12.905247,1.3994083
262.5699118222366,-10.149669753015957,12.777429,1.8834782
262.93727936915906,-9.980779483779909,7.7398677,2.2890954
262.81428257423124,-9.970483462355752,12.733806,2.2691011
262.89786741268614,-9.84322002269586,12.934682,3.4141922
263.600066834405,-9.953314265885838,12.875482,1.5706701
263.9541221525848,-9.618936834888181,12.981968,1.4685783
263.5133226283299,-9.45727541027953,12.592796,3.9070463
262.7439518687159,-9.619655303947471,11.283113,2.2854223
261.8221658548057,-9.769184110857141,12.420797,1.3311872
262.1197455022765,-9.500555230561254,8.448784,0.5845089
262.31310216076054,-9.215439604400053,12.767566,3.8246317
263.1961212604256,-9.054315599696439,12.931291,2.8373528
262.6428671946075,-9.200506873525788,12.605837,2.556181
260.3146814078294,-10.418246113649424,12.197422,6.052066
260.25398674426265,-10.408424687436266,11.875174,3.0191498
260.4395773891379,-10.307731535645116,10.890374,1.023036
260.4897921596249,-10.05814528797812,12.697485,1.5201654
259.73705057810463,-10.180886315588149,11.897733,1.9203653
260.3371734693307,-9.964919344501824,11.865081,1.3811321
260.7463924146972,-9.98064587578837,12.692381,2.5578213
261.22248573777046,-9.808441699450855,12.311116,2.0000114
261.2403096244077,-9.647586659774518,12.551613,1.9908218
260.6164563884746,-9.540027358690084,12.883146,2.092104
260.3657498432707,-9.441944901618042,12.557838,1.5250444
259.3645110663211,-9.83509954009074,12.670762,1.9787836
259.46165163909757,-9.738905129331862,11.796176,2.3368511
259.9232657030183,-9.628338425938836,12.434447,2.5035658
259.00108730909443,-9.805599675058147,11.995299,1.9123259
258.9906464107724,-9.39272192191494,12.888834,2.7820816
259.4245368932024,-9.322592832985892,12.89336,1.602519
260.15586052431075,-9.22539699081371,12.639676,1.6182737
260.20105606560645,-9.037292616880517,9.513145,0.838995
260.2276068002542,-8.98218900837564,12.667647,1.5413599
259.86892736724127,-8.76021271231765,11.113683,1.0338936
260.3305431720215,-8.710251075418105,12.728118,2.1023169
261.46560268161915,-9.28987219803724,12.546107,3.2515888
261.4141150011937,-9.178210286563663,12.277828,2.8932285
261.9433696092847,-8.828459779829663,12.449614,2.090827
261.48059297021547,-8.7146106626062,12.627621,2.2467031
261.4305105360306,-8.552035020510953,10.95828,3.163844
262.3863819947107,-8.81557430800328,11.675395,2.5471144
262.4477412359001,-8.750375897637118,12.377081,5.2802896
261.76912853425563,-8.56093689352594,11.988921,2.0132732
262.054334630388,-8.360412368478363,12.894383,2.8878613
261.94135862472933,-8.280057276390107,11.419929,1.3760052
262.2551112869685,-8.301352415157098,12.88642,2.6838446
260.9097977117425,-8.8013597004409,11.502552,2.0602894
261.1346296581035,-8.679044267292678,12.903766,2.2008066
260.99261456420896,-8.033020375609972,12.390347,2.9412289
260.9476008162972,-7.939941546658122,12.106828,1.3307858
261.8237318445403,-8.103846821243113,12.63707,3.915347
261.67533945609716,-7.903336388554379,11.940975,2.2299633
261.88759001504144,-7.86974976706715,12.762646,2.005206
262.05792111326167,-7.738890466251641,10.055336,1.856597
261.8542624230027,-7.571540810442565,12.665351,1.8900118
261.6346551264033,-7.629485073197341,12.949752,1.3586788
261.69679054487113,-7.41460575155013,11.586524,1.4609842
264.0625625879002,-9.135310675958575,12.823595,1.9822121
264.270150440264,-8.690148556611092,10.5544405,0.9746485
265.1110848548216,-8.439413257153172,12.97681,1.5470953
265.1794274743552,-8.330883730832243,11.942519,3.27462
264.8408869021605,-8.433371012930824,11.115379,2.4185524
263.77397160214394,-8.651786673924283,12.256951,3.0458574
263.8223302124156,-8.468021527245764,11.864515,3.8267431
263.4771324177978,-7.958036543320877,12.721566,1.9700527
264.52572247985836,-8.209299768012386,12.428137,3.39229
264.53775755091357,-8.13438517716089,7.928725,0.31968737
264.1822661239618,-8.165597814842,12.996583,2.4009495
264.28376493444915,-7.863438563896639,11.743415,0.9536171
264.6993763173285,-7.920924124274926,12.803187,3.2141113
265.0258288955627,-7.777158947278954,11.091098,1.1134939
264.75165959983366,-7.697595678174377,12.2551,4.48213
264.03761175944766,-8.064822461529802,12.820235,2.4374275
264.20507774350864,-7.774683287953909,12.13162,1.9093399
264.52989131523935,-7.483390689368423,12.890889,2.4393635
265.68491895356357,-7.894232247743478,12.820261,1.7286034
265.2234188990345,-7.808197694700524,12.911423,2.0148296
265.44483084332256,-7.670717231600784,9.331313,0.89365673
265.7435823278477,-7.576899271631848,12.692805,5.1102505
265.6832043668524,-7.405452310913573,12.380369,2.2369509
265.66877525718775,-7.346143245965599,12.885038,3.1003323
266.52686791908803,-7.378949375986536,12.43088,2.0218544
266.40921728610385,-7.348549066326656,11.579093,1.1521597
266.86964338752335,-7.346886821565725,12.563692,1.2207394
266.17467069066436,-7.350211769470955,12.524646,3.3373156
266.33080428747354,-7.308122402008286,12.47547,1.2912302
266.35624609002497,-7.226575650285519,9.874246,0.866889
266.22245310793403,-6.873172354195721,10.3597,0.89694977
265.251984574067,-7.610125486773373,11.278962,0.95674515
265.32664641560285,-7.13248761320967,12.235693,2.7023468
264.5166795113327,-7.291649228202734,10.087623,0.9652624
265.9389782198958,-7.039272779528311,11.660045,2.8131657
265.8165893108896,-6.912040170356522,10.464793,2.2953167
265.4726296538672,-6.90322543390581,12.405322,2.9296312
266.40126508743555,-6.537772764049595,12.114902,1.5751247
266.03474265514717,-6.524996789822835,10.609672,1.0835991
265.67909090458767,-6.538109061639769,12.756317,4.154579
265.25320757210227,-6.6100872268207045,11.928178,2.8043442
265.874257262348,-6.133969383389562,10.136247,2.1428661
265.7748180171256,-6.017821606047365,11.022147,1.0838947
263.10609111498417,-7.499647255126902,10.627307,4.36839
263.62941553776943,-7.484997399278999,12.149911,1.3472834
263.6328778170427,-7.468368041361151,11.7323675,3.174018
264.17723352922377,-7.03875958287439,11.982596,2.8016615
263.40364317750925,-7.292759865118895,12.814323,2.460023
263.19883943955216,-7.037359651877785,12.0677805,2.4730654
263.77962366342706,-6.986467893866543,9.839889,0.82275295
263.69430527658494,-6.791543288509132,12.635606,1.2273035
262.32519728808614,-7.728164653455457,12.131105,1.3881054
262.6659519252275,-7.149901205694053,12.29827,1.5627003
263.0229396798869,-6.858480321461612,12.8286295,1.6719456
262.42255790242325,-6.5864767971453695,11.461962,1.8450279
264.24108720538396,-6.75683119116831,12.853907,2.3595047
264.53897023239136,-6.647057758746967,11.916564,1.5256729
264.49873254676606,-6.367542599018513,11.19279,3.6461124
265.02167887428243,-6.303656397374606,12.818228,4.2100735
264.76065217300066,-5.879981350284647,10.517481,1.2556982
265.0528050105739,-5.8717348069975515,11.941106,2.0747023
264.9218001695216,-5.828044174354412,12.235115,1.3706293
263.94927684249234,-6.254595280253871,11.469434,2.155508
263.88672192970444,-5.750285615878833,11.486172,2.059082
264.410696537071,-5.768343063174937,12.258773,2.0852013
265.02012199619435,-5.3903300722416265,9.498032,0.89149284
264.2866960928513,-5.291526829473929,12.799595,1.4050455
264.2306293953029,-5.024706812854408,12.624044,2.3676834
269.9131545486701,-9.348199873347859,11.437117,2.3490276
269.6128084315234,-8.804115509708422,12.403038,3.8371277
268.80066474422006,-9.699713418328708,12.421403,1.6955938
269.1537683231845,-9.412751804255873,12.783296,1.4748163
267.60260287610976,-9.881324666870507,12.599522,2.2515354
268.0027085130039,-9.717382654073809,12.978634,1.474906
268.19307767648775,-9.374982042171847,12.8630085,1.4591513
267.4341509014263,-9.673229619155896,12.576329,2.6736221
267.66375412368023,-9.426567068804422,12.543392,2.0288029
268.0091784997965,-9.335654844327957,12.897199,2.5474138
267.7683610754553,-9.392100342255315,12.568758,3.9635344
268.7599351259191,-9.176436935361718,11.883266,2.6917458
268.56371046317065,-9.282402033327033,12.074753,1.9256172
268.25367848486417,-9.296116550314826,11.912016,1.2541571
268.3833194478689,-9.243466584687349,11.959055,2.8727226
268.7330592210488,-9.14235906495362,11.296998,2.0767517
268.3455606106599,-8.762642321010732,12.650166,4.4418135
265.98220956227885,-10.620188728754545,12.998479,2.186409
265.86376699098395,-10.441812596532793,11.320081,1.179533
266.2292757978683,-10.09946502328246,12.979221,2.6258192
266.11694897795456,-9.983759979586544,12.412646,5.355254
265.4165889462515,-10.397278950032305,11.03686,4.734
265.3057308071894,-10.234303098851951,12.45653,2.0340738
266.4536349193653,-9.87395914682377,12.639788,4.0635176
266.0804784175564,-9.612074868849115,12.551135,2.0937853
264.4809237724519,-9.524623715500711,12.9808445,4.619027
265.23069390969357,-9.217711943894884,12.519291,1.644125
265.7675067913853,-9.523890194588253,12.273743,2.3483152
266.2611875576776,-8.828921736715069,12.235565,1.721467
265.34975445921884,-8.97464970933955,12.707967,2.67587
265.92144194563946,-8.507152631744736,12.420524,1.3707438
267.1370376789952,-9.344568246164236,12.132335,1.357604
267.36374100705547,-9.21539651804398,11.742438,1.4449663
267.2932550923869,-9.175654428370633,12.400489,2.0417461
267.4624866425396,-9.065391639529823,10.060827,1.9990263
267.6349512393474,-9.058884859434684,12.993421,3.0602674
267.34765853806636,-9.058146290840748,12.78139,2.4463825
267.4767283731062,-8.828960158235954,11.344415,1.224555
267.18184928373165,-8.975130875646476,12.464615,2.2182503
266.9628405529894,-8.755451004479138,12.884089,1.6617527
266.9895803095686,-8.636400339675598,12.6475115,1.7251253
267.59630123675026,-8.62156043394783,12.137741,1.3493729
267.43528654604506,-8.177686583920313,12.323549,1.6569996
268.0214525011899,-8.133316687932668,12.063744,2.077423
268.01090248742855,-7.983842004513445,12.097864,1.9403934
265.9827119799052,-8.523385791165579,11.86809,3.2725363
266.65824977055195,-8.005009121502933,11.687252,1.3920221
266.391843355433,-7.953989614408199,11.931746,1.0635872
267.3145809539134,-8.128466170969498,12.701461,2.3024893
266.9970247955609,-7.947512549682613,12.37676,3.181983
267.34281082304557,-7.446959840807461,12.2457695,1.7941799
261.54299773660046,-11.88716429992443,12.766338,1.2839222
261.7039897641025,-11.835214960071356,11.196221,1.746974
261.4040870676436,-11.808613365761904,12.490261,1.9012289
261.2255606082129,-11.689527985791788,12.965119,1.1289339
261.5117728455125,-11.414665420237325,12.168374,1.6651058
261.499595809882,-11.402785003051696,12.858994,2.6123247
261.483921506031,-11.242230645376972,12.431333,1.1875868
261.41858082592324,-11.18068493003509,12.928054,1.7127199
262.4256959643565,-11.273730385423681,12.532856,1.8207397
262.27789764363587,-11.191502528638184,11.722304,2.278041
261.94550485644913,-11.08972409295238,11.584957,1.103692
262.3916140686381,-10.994287686466091,11.4771185,3.1736336
262.6073045749803,-10.936739876400951,9.3514185,0.47701454
262.91805197016095,-10.84762524884928,12.064841,1.2393217
262.69040625501657,-10.853754143319138,10.8991375,1.6693974
262.56438790243425,-10.81938288935666,10.497063,1.0754156
262.6273329992398,-10.559468240644604,12.786772,1.5084686
261.86767558667617,-11.053472021253182,11.398119,0.8627987
262.1176341737641,-10.867683075606111,12.835117,1.7776613
261.82983426674764,-10.870796364597965,12.065263,1.5703888
261.679264091626,-10.836647493766492,11.940861,2.419754
261.9231225872657,-10.760632374481341,8.974912,2.03652
261.9877261518145,-10.67346035526036,11.833312,2.5403013
262.30946826771265,-10.545230035651551,9.44344,1.890317
262.02529514752024,-10.53454260687368,12.23833,1.7108383
260.24088538012796,-10.791429980430836,11.575183,1.9716396
260.9480328715531,-10.371399132368913,12.6674185,2.7904043
260.8255623721744,-10.379561100146038,12.977375,1.783823
261.65036777417316,-10.592780867002963,11.221085,1.8526154
261.1377680828377,-10.316335165580652,12.760752,1.4129095
261.1511006561249,-10.176824265557872,12.095662,1.8691902
261.2160048526022,-10.01750799483701,12.368013,1.2947712
262.80031328826624,-10.584705797735605,11.983309,1.9396257
262.8100552970868,-10.521008710745713,12.490049,1.3688898
263.3795054664467,-10.330820600808568,12.287842,2.09414
262.85624498965893,-9.986786232284063,12.807613,3.6249523
263.7487473859206,-9.866215482163085,12.725533,2.841937
263.7288060434919,-9.847310311455436,11.962724,1.5304413
264.10550000924604,-9.738886885384453,11.999645,2.566966
264.01804058413927,-9.64484988294144,11.966473,2.2568378
263.3015364048747,-9.795676185728922,12.655137,1.3664103
263.3804923381684,-9.666947351408009,10.671922,4.1123734
263.56171074356405,-9.45776386113582,11.778524,2.0668106
263.5713962101435,-9.248729172134757,11.751843,2.1285934
262.00408618340475,-9.846136727921985,10.899945,1.2545719
262.8320886696684,-9.639471900934115,12.199659,3.0766153
262.4172775771921,-9.581797306604201,8.298201,2.4561234
261.6822709879461,-9.67506203686019,12.329455,3.1544533
261.9825002041985,-9.526919510313055,11.613961,2.3877182
262.93943395439874,-8.63242975817521,12.811968,2.993351
259.77579101960424,-10.009030862959305,11.614951,4.1838436
260.2808930762978,-9.957359303962194,10.753209,1.8374357
260.9927538375244,-9.823481853769813,12.484238,2.1758347
261.03379634660723,-9.709152348200066,12.993094,2.2019873
260.9490815119881,-9.543358939560672,12.751273,1.935049
260.42726277123217,-9.77682583245628,12.87467,1.8718433
260.8378570056571,-9.31575047589227,11.657297,2.3524456
260.74333893876536,-9.354160488318012,12.73715,1.4678726
259.5701512250413,-9.750068346146554,8.276465,3.580164
259.99526425824644,-9.689527503332577,12.09809,2.51651
258.99159291052126,-9.724114341964654,11.7634325,3.6983433
259.4102393654681,-9.426235042900522,10.945901,2.7751389
259.17723318104436,-9.322222158009371,10.058448,1.106945
260.54183337731536,-9.257864112608008,11.925105,1.6504774
260.41584811425116,-8.995982523949388,12.047101,1.3532238
259.97141198063997,-8.929763246662276,12.828173,1.2727966
260.1258331208249,-8.445072798988749,11.111812,1.6201744
261.82615186476517,-8.951070375350062,12.262977,3.5059052
260.974126782779,-9.008648214647716,10.826137,2.1674376
262.660786356432,-8.358316754465934,12.5463915,3.2192717
261.9046753981409,-8.535264110304835,9.45752,1.998395
261.9616184232452,-8.333924709193374,12.590014,2.1479473
260.979221191344,-8.755468546215656,12.782844,2.3071136
260.72707054848206,-8.5074125847436,12.420567,2.2629652
261.0434166628152,-8.394540034213065,12.989775,2.3607798
260.35906854957943,-8.234062705800719,12.851835,1.8062735
260.3781982022893,-8.205710508447693,11.354437,2.7892628
260.9412125267035,-8.201875300251874,11.526622,2.9212637
261.12212605275084,-8.0487435409925,10.899484,1.9331236
261.7123385358675,-8.041736320440075,10.81771,2.0175676
261.60041911195725,-7.75111398472733,12.497056,1.9364796
261.4958764652979,-7.7528760069374245,10.22035,0.99966335
261.49489133222204,-7.265307089867082,12.147879,2.2386646
264.48347474093225,-9.119462628493261,12.630879,1.6011076
264.6190815891208,-9.167509964367692,12.713245,1.9664583
264.70540106470133,-9.092131591483643,12.7620535,1.9683247
264.8680481116378,-8.943369924118823,9.791115,2.0915432
264.7815276456419,-8.858857316890784,12.518491,4.0667562
264.69578604569045,-8.774948978625737,12.290922,2.37074
263.97592603537413,-9.082722085906584,12.983023,1.3936319
263.73505242794346,-8.941599688708065,12.127073,2.0952463
264.06131113559894,-8.846237150157284,11.650156,2.603261
264.294669462792,-8.557677619920991,12.910719,1.478076
264.3205184394266,-8.525032253472625,12.414757,1.4263878
265.00423535076175,-8.674896022202885,9.046258,1.9236698
264.8679907824997,-8.568934417790558,12.929155,2.1699781
265.3113452449381,-8.391706820198536,12.680879,2.3282995
265.40185674951334,-8.147977923481795,12.174086,1.386425
264.9108536554694,-8.191409113825332,12.831183,2.6090698
263.85799039215715,-8.287617749262186,12.636875,2.2635136
263.07399904655574,-8.469487035120222,9.917249,0.62913513
263.196654877278,-8.378244822740143,10.181287,5.0745144
263.33826423416036,-8.29999811772247,12.124284,2.179491
263.7988613867107,-8.251645467441215,11.870654,4.5024815
264.59484706041064,-7.981019010577968,11.504978,1.242012
264.50556352418766,-7.976751477578851,12.278667,2.1180773
264.21761163877994,-8.119843032538737,12.714314,1.2079048
264.221472868957,-7.920332894638441,12.889854,1.5721216
264.9631929527333,-7.772301637915434,12.809466,3.0754194
264.66858556266874,-7.806068183447561,12.658361,1.9901657
264.22728961452486,-7.697843277927134,9.1844225,2.1951647
266.17150091710124,-7.7511694611296935,11.966908,2.2543116
266.2991729360849,-7.66603115638562,12.468884,2.4126549
266.29827928894764,-7.659161710731917,11.179787,1.0241499
265.4697181698151,-7.961581027285482,11.849906,2.0949898
265.42570936693306,-7.653437265735819,12.562878,2.1721582
265.37224371358144,-7.53093655095206,12.65398,1.4726706
265.93469919165346,-7.370653161272509,12.522789,3.202877
265.66999883119115,-7.309068495539999,12.936324,2.3434858
266.47201463820613,-7.516747318542811,10.737133,2.726224
266.34045115786023,-7.525630569210403,12.639416,2.1466227
266.5021602675846,-7.330268349752717,11.894906,5.1915827
266.49097616718893,-7.203545133000253,12.040559,2.2714548
266.8121598532336,-7.0559483590148515,10.688964,2.5187635
266.41256111807826,-7.214776883794442,11.553837,2.1227522
265.85121968499334,-7.154435370803703,12.781591,5.2208805
266.3066766988646,-6.8404813201284975,12.243877,2.0269222
265.17108586192444,-7.602527282253572,12.80359,2.0958643
265.2039978275564,-7.53010975654728,12.850193,2.1225328
265.45213177943083,-6.998046884633454,9.8504095,1.1071901
264.47429315851286,-7.2077822297207454,12.517545,3.0272226
264.6979928571824,-7.129629322329828,12.7434435,3.512907
265.67021602410045,-6.9034244155378195,10.670668,2.178852
265.80483572111893,-6.781368468029164,11.837933,1.3129616
266.09368558459823,-6.629479293321259,11.839678,1.0460434
266.1633907264137,-6.359715559243771,11.91656,2.3766985
265.4867945953823,-6.65646384390161,11.554839,3.7233686
265.6338809494597,-6.512987322743717,12.176657,2.5940342
265.9503711758566,-6.124165823680664,12.030218,1.440774
262.8458332040729,-8.268665495603154,11.670837,2.0360222
263.5645382929173,-7.866004646099403,12.580545,2.1200342
263.09295731130084,-7.614513861993234,12.842184,1.6858997
262.86827250125356,-7.5712872239121864,11.681411,1.5251713
264.2053389538925,-7.275116847166873,8.73016,2.5286303
263.3806990818726,-7.2149866466872,9.985034,4.2751303
263.66038615025514,-6.918275429859854,12.998277,1.488802
263.7719670834348,-6.7670932157071535,12.45068,1.2889538
262.4682163004664,-7.210821653603815,12.914048,2.8438234
262.5254326476174,-7.026993098887272,12.781813,3.0881062
262.5422005782487,-7.011674100150612,12.919139,2.0768442
262.17310273492546,-6.958575493202705,12.2114105,1.5806408
262.89269538147545,-6.725114012854028,12.126831,1.9661808
263.2948624592278,-6.339818444552092,12.825737,1.3995523
262.6063141914351,-6.783271576433826,12.035797,1.8231239
262.51479503216274,-6.548647428292979,12.647548,2.0344238
262.5687554377174,-6.355253943516828,12.751367,2.1313486
262.82439886888847,-6.3098846178056744,11.051304,1.1107178
264.48062275908296,-6.881827506171033,12.055047,2.2557325
264.1014747665757,-6.446859904188503,12.552487,3.1300993
264.4078311013525,-6.144869248109501,9.785485,4.385399
265.1940525021121,-6.37151526171274,12.101729,2.3488646
264.92561454721874,-6.139609441350437,12.341163,2.0136604
265.2819845948945,-5.907448844970634,12.413916,2.2613764
264.7488259631401,-6.047868807628955,10.798873,2.0394764
266.55073707779826,-9.419302240059844,11.867916,1.5574789
265.27886154397294,-10.02550604579084,11.065649,1.2318888
265.32091912606677,-9.98342694697393,12.191056,2.009697
264.8803776321147,-9.897647079896064,12.620716,3.2879114
265.0723961558292,-9.82335192189723,12.441378,2.369525
265.3464179508255,-9.772896448895283,11.565007,1.263113
265.674274083603,-9.660529820810728,12.8698225,2.6498747
265.27177948099086,-9.53290678422532,12.850149,1.5535593
265.0459479899478,-9.401680395554466,12.336073,1.7273235
264.92163273133053,-9.12916635876958,11.884483,2.0558662
264.98277857790015,-9.129923897900023,10.31882,2.189886
265.77798338583705,-9.576880859675212,12.762433,1.3750219
266.2783271498505,-9.110415789005849,12.358084,2.3907547
266.285259883015,-8.986880402069593,11.756673,2.050746
266.99041303317875,-9.290006726389592,12.725946,2.219987
267.2205686364129,-8.986425339866898,12.881852,1.823062
267.36185262865985,-8.987129777578499,11.89689,1.2780657
267.5551888890172,-8.869377254709311,12.89899,2.9410229
267.0644035802225,-8.631594041743666,9.166478,2.0345755
268.1511996407199,-8.727431636722416,11.630328,1.2128868
267.92547343867443,-8.659404776166516,12.95682,2.740529
267.9244098697265,-8.619653791351112,11.978455,1.2410507
268.2594436411969,-8.632455110035606,12.521993,2.1395721
268.20373474323395,-8.60281525967298,12.564027,1.1357737
268.19893050606066,-8.605893651825856,12.554337,1.2282467
268.05706725991547,-8.226923816248842,12.669867,2.5536766
268.0423472797547,-8.21829453872957,11.943648,2.1153793
266.1586301638429,-8.580794225498716,12.859064,5.041498
266.1395739086022,-8.506428923546142,12.83444,1.4560089
266.064043734988,-8.278017559046901,12.73915,1.4875946
266.28007789979983,-8.013544474013562,10.722172,1.896863
267.2683501640065,-8.31479338586975,12.694115,2.1094904
267.350297425682,-8.098918178830237,12.931861,2.3211136
267.3595332039671,-8.08002797793014,12.491717,2.7497225
267.58370554029005,-8.044231273616907,10.848587,1.0579987
267.72286995831655,-7.649828804564863,11.333249,1.4234972
267.36372100357346,-7.785144002603111,8.450665,1.6942906
267.26771192139796,-7.824910228354463,12.8237705,2.2143173
266.52299127996855,-7.783036207644228,12.826126,2.5310545
266.7740975119234,-7.583438972024882,8.897991,2.6829448
267.2195148582778,-7.400976838873831,12.950621,2.847929
261.6378327134857,-11.926356132696775,11.584212,2.0056458
261.7444440724731,-11.755006435711218,12.891991,1.8781729
261.3265213168801,-11.754626462426444,12.173195,2.024847
262.06081862238176,-11.543364523270286,12.735491,1.8038864
262.09329992708547,-11.508168409046132,11.975064,2.2880383
261.29781098433017,-11.357694424455685,12.895344,1.1327906
260.911657193372,-11.416468496117773,11.52527,1.8168097
261.59292305187,-11.183614511949907,12.741539,1.1729183
261.8155257967439,-11.077833098992551,12.38838,1.3814297
261.52329158082085,-11.114294981399812,11.4757,2.6782026
261.36533451123046,-11.128583502220774,12.173279,1.3577194
261.2740582849958,-11.119012986564133,12.128994,1.246275
262.2304501131838,-11.314919445065371,12.997931,1.8347015
262.38440901164677,-11.1897439374964,12.388224,2.0462198
262.3229493026802,-11.055554917430149,10.708144,4.619912
261.8756707058106,-11.039263531675234,12.659842,1.9479885
261.8913997255903,-10.98202932103746,11.046804,1.0528364
261.8939269109572,-10.876177189112019,12.51167,1.1623955
261.72527465687114,-10.707034119570695,11.562096,1.817133
260.78139662264994,-11.017965432295581,12.922442,1.3511686
261.4262167719365,-10.690376299696643,12.397452,2.0969095
260.46889987864984,-10.786171056742498,10.097403,0.80192184
260.890679383574,-10.364700506531701,12.578677,1.9419994
261.4766061553243,-10.65018849836108,11.136601,3.2591944
261.9503758115995,-10.016817237170752,12.151477,2.0813131
261.45500187500954,-10.086813944699843,12.335903,1.6258974
261.7426912268487,-9.78834287131556,12.688247,1.5982695
262.8493922982475,-10.606999746622542,12.702618,1.7181683
262.8102159324211,-10.550234727253873,11.99277,1.2559137
262.90372670191755,-10.019668611615014,12.987707,2.058158
262.64956646336503,-9.890527021635444,12.969948,2.227601
263.0142361807171,-9.706391686154532,12.791034,2.4988556
263.5745902802619,-10.100432034214446,12.897029,1.9427834
263.93448144296343,-9.45752013249939,10.858663,2.3408623
263.3351483303579,-9.726862744873053,12.469469,2.039133
263.15014309908116,-9.664452137520755,12.884066,2.0426388
262.288240877878,-9.709021401510977,10.537811,1.1626911
262.51280107572467,-9.785670073156187,12.931653,2.2858372
262.7086175557686,-9.671916858426563,11.75024,2.081255
261.8408947687819,-9.452123721448757,12.032114,2.3820095
262.2835007184543,-9.397260834818722,11.911228,4.2322693
262.16420945418935,-9.15402183554157,11.39254,2.868145
263.0127737007301,-9.200644224278143,9.990039,0.90698624
262.59203024064743,-8.872820055527773,9.086422,0.6445341
260.1193696714187,-10.762897435081134,12.213844,0.96253204
260.5137749764153,-10.327854307021157,10.865783,2.0693293
260.68237961722315,-10.063732135931755,12.201595,1.4875126
260.39244686546544,-10.171125051257972,9.9264765,2.0131025
259.9898086468767,-10.093883636885348,9.671511,2.3815136
260.2240171934034,-10.127655242395976,11.203664,0.98599625
260.34017066302005,-9.807308733257349,12.564459,2.0888605
260.07507506647204,-9.700098833258114,12.740198,1.6846609
260.7714962533302,-9.711155788125115,11.432365,1.419054
260.73455125413807,-9.662790487148285,11.285035,2.7894402
260.1888325696154,-9.571104557865022,12.8603,1.2665901
260.4600767776983,-9.400258664965325,12.771482,1.7289057
259.67790693956226,-9.981296161916188,11.813339,3.9211264
259.8782268744318,-9.739084839929719,10.504493,2.1070976
259.2110322308971,-9.78818753670325,11.357993,2.1531334
258.9460487333401,-9.645266536810896,12.703294,3.955511
258.87470035426185,-9.561929567691772,12.576537,1.825264
259.1637410491751,-9.49718235243315,9.258629,0.9211397
259.03903136132215,-9.539760039062488,12.912952,5.865509
259.3768395507759,-9.25800557791519,8.193121,2.976811
260.5979362849693,-9.027754417178466,9.75648,2.8860645
259.9655359477311,-9.13366923880713,12.522612,2.1117983
260.3741297799791,-8.734937307319829,12.458556,1.3586912
259.93306869503914,-8.705860377637462,12.304151,1.7216873
260.0681532905202,-8.52387759635535,12.218668,2.860176
261.8238888623705,-8.923382304389067,12.709715,2.1898708
261.6085511003802,-8.999866965815203,12.56639,2.139965
262.4501919557204,-8.629837204613457,11.651863,2.5236654
262.10485283120414,-8.7128853775471,11.443174,2.0547285
262.06269315957286,-8.658299543164006,9.957337,1.6600332
262.5282043049194,-8.08371634743952,12.077941,2.1162424
260.7989637535971,-8.891437934587815,11.844741,1.2657042
260.8142644893764,-8.68453658182294,12.604466,2.1881838
261.3052547502515,-8.293164018965756,10.660941,1.2620621
260.3506057308867,-8.463723418965905,12.298742,1.2940207
260.8792464193746,-8.365231759299649,12.608331,2.038597
261.02541313825407,-8.043359365200745,12.738261,2.1057825
261.10920554019657,-7.999153776300471,12.950873,2.083849
260.68499544497377,-8.161182928289,12.141126,1.2907248
261.5899035859282,-8.212198475899369,11.388854,3.5531502
261.5423377841584,-8.177327310611528,12.722363,3.5498495
261.6179631497832,-8.071651153346622,11.567946,1.210022
261.33170429195985,-8.172885792044665,12.853587,1.9351215
261.9663930125451,-7.580432173184384,12.053286,4.2767115
261.4433543206479,-7.70349079239936,11.509435,1.1726713
264.351872720185,-9.495221555745452,9.258738,2.8681068
264.79230289329587,-8.886850377568386,12.93223,2.904335
264.8203441214935,-8.854450460739518,11.53957,1.4770403
264.78717318839216,-8.76190352390389,9.882079,0.8460398
264.2171025784079,-9.06397522986543,12.650829,2.895875
263.7061649409541,-9.000097827676642,12.840356,1.2248039
265.25032673603437,-8.792906723823469,10.222502,1.5032701
264.8752324115648,-8.788366979552658,12.743798,2.6796436
264.9218621763454,-8.097997761515364,12.336564,3.890049
264.84193144323854,-8.065069631503185,12.399658,2.8428926
263.91149738749175,-8.764909119577649,9.886902,1.9645033
263.86640997770905,-8.654545061524118,12.431717,1.9608822
263.5294202653119,-8.45083357575527,12.403447,1.2137022
263.8591334117285,-8.029160578592284,11.425418,1.3999538
263.63416939777164,-8.016364611683786,12.047683,2.2538986
264.3379246036444,-8.131739429332182,12.882255,2.387866
264.3996559657703,-8.128534681032763,12.076549,5.161481
264.4612565750127,-8.118866349866806,4.5321913,0.26744604
264.0878490742794,-8.111917833057735,12.964996,1.4514933
264.1158351932436,-8.074554395307402,11.080976,2.1848946
264.43226281289907,-7.9518308041350245,11.962862,1.322526
264.9079461964389,-7.768485033996394,11.63382,3.1962662
264.65652657792333,-7.708451393329379,12.497393,2.3893576
264.1883784545841,-7.671507924721717,12.970931,1.9813871
264.45703811709876,-7.565232383043575,12.7942705,3.483076
264.5757595022877,-7.416561030543365,12.622757,2.3902025
265.854063745318,-8.302640331428863,12.736831,2.3170586
266.3530434673587,-7.79830739246229,12.715693,1.3525248
266.146455302738,-7.773278987334876,10.15412,2.3370981
266.2455263021285,-7.713215818312457,11.46732,1.8729525
265.95646188703046,-7.725256527682858,11.790656,2.1494932
265.4095932556273,-7.92800763406374,12.793965,2.446869
265.5910682474759,-7.838499436610183,12.007303,1.2887411
265.7697210601351,-7.628175809652208,11.4547205,2.6306305
266.00121398099077,-7.470848456419632,12.471608,2.0000782
266.58728527429196,-7.586172569604373,12.802415,2.0698757
266.9092107679057,-7.3805915563911615,11.212395,1.1128025
266.9985552161705,-7.2103974656518535,12.691355,1.1975527
266.91174333657034,-7.146527456569749,12.350228,1.3319817
266.16115289956826,-7.359075335466217,12.061838,2.0879488
266.17036484183694,-6.94899834580112,11.653295,2.0270605
265.6511609001092,-7.15965820331009,12.704419,1.8675976
265.3762558721533,-6.862517900317148,12.842127,2.0538683
265.1871864495881,-6.7834623616383585,11.854169,1.6685238
265.9073856815397,-7.053836961526926,10.7538,2.3725414
266.0125305620865,-6.689044223238928,10.93786,1.078392
266.1201938114807,-6.434384034162721,12.647184,2.7394056
265.2845450955448,-6.405505871515767,12.980734,2.3964243
265.7832709729211,-6.340212080468636,9.88647,1.1220341
262.87487323029484,-8.170147262471671,12.323721,2.551672
263.2565826742106,-7.949788732905603,12.201426,1.3493032
263.21406387158504,-7.941250205550142,12.833945,1.5235605
263.43364203616085,-7.585324870394352,12.184661,3.0389795
262.8373679704782,-7.8465591274606465,12.430302,1.4431448
262.4822987569893,-7.849112360386628,12.79243,1.4261589
262.40008942039657,-7.826575351972686,12.05748,2.1831007
262.5706927892331,-7.630698588984929,12.541688,2.793209
262.98574429397155,-7.315104441462205,12.0091715,1.3074179
263.55699374659304,-7.529566785211746,12.683702,2.2084856
263.3787696185252,-7.057002222634676,12.185113,1.6643295
263.6386355908614,-6.757957579436459,11.129888,1.083437
262.174829365876,-7.563116072506162,12.8358345,1.6439028
262.62624064396067,-7.104556481375576,12.928761,2.157156
262.61901353296435,-6.981326684350278,11.00924,4.5766525
262.0086625075204,-6.981833679328652,11.767091,2.1252089
262.93417804028223,-6.709215995088221,12.85219,3.0129652
263.4232184194971,-6.6485064320187455,12.228428,2.0111103
262.47744984652354,-6.651309452383023,12.696858,2.1063452
262.6666229266662,-6.404627215297521,11.158834,2.3660803
263.1414809008543,-6.149010668000211,12.042599,1.1992693
263.93510078004533,-6.372997560241779,12.672848,2.7289324
265.01688858617183,-6.225909065148979,12.860185,2.3184118
265.3465252848677,-5.927359676207573,12.506564,2.2056408
265.2938280632886,-5.652085751626598,11.227226,1.3209038
265.0311782383833,-5.571752380424941,12.5692005,2.200964
263.85648896391905,-6.218532187657775,11.821325,2.076295
263.5236901034435,-6.1064062562816765,12.537985,2.2433853
263.65047812686987,-6.0989774532299315,12.656191,1.3935356
263.73462816455,-5.953197364310138,12.991676,2.6357708
263.1796415656927,-6.128200327371177,11.021095,1.8235607
263.20815957415186,-6.093616924868071,11.476095,1.1003504
263.13815503604144,-6.104309804778555,11.000462,1.9379005
264.58997293596656,-5.686966284855517,12.984827,1.4377098
264.5570638186101,-6.641470012437919,12.304082,2.8058214
264.56095669020135,-6.587920759482723,11.822177,6.2362995
264.2934386686017,-6.578554279079706,10.808974,2.2335453
264.33701123236096,-6.137790403292488,12.8222885,4.0641966
265.2067823053362,-5.989256868488426,10.184092,2.6197338
265.40235366991925,-5.7747928818556495,12.883341,3.326455
264.9434876614062,-5.9343092515411735,12.397982,2.225935
265.0543606192008,-5.526424669774507,12.6425905,2.665266
263.5709813497046,-6.302920454242309,12.652452,1.4805346
263.6758110529575,-6.268083370408296,12.16845,1.4149704
263.51067315772167,-6.099729266435602,12.617945,2.1514158
263.49064530300814,-6.035437489096378,12.021706,2.0701666
263.1490204212247,-6.030689731360126,10.169159,0.95871925
263.50026841414694,-5.552242865662733,12.199346,1.5097895
264.3879353972654,-5.889508298643727,12.506317,2.3736105
264.2625589825935,-5.7354091632740065,12.768142,4.90932
264.4718581175409,-5.4810011683318125,12.517854,1.5430603
264.58278356869675,-5.3305411911186225,12.90043,2.0168428
264.2842519442856,-5.453263381544481,12.985822,2.053605
264.3303665907736,-5.395316329339603,10.584108,4.508713
264.5737297613852,-5.147968004846555,12.60529,0.9466171
269.49164141468066,-8.284411812329392,12.855728,2.551262
268.89135761529974,-8.569544923612666,12.884404,3.5328712
269.54627621686063,-8.020552921574394,10.92756,3.8907375
269.96062707123014,-7.925055362984503,11.622518,4.5594587
269.36901123127683,-7.782858286005949,12.021178,1.3533707
269.8939185364245,-7.577347434075025,12.233269,3.2175722
268.62448579367083,-8.18195463971014,12.296399,2.9889603
268.19878582275624,-7.916816424406355,12.694177,1.9919043
268.12563184196006,-7.899839249800356,11.693136,2.9704933
268.492572652671,-7.45256690477521,12.126325,5.0552416
268.38242017791,-7.4965263403129,12.738884,4.6701765
268.37143849521976,-7.497558556080646,12.509664,2.373805
269.33122788452175,-7.634540259779981,12.974513,3.1659489
269.5661651292139,-7.487641623652137,11.452895,1.1568375
269.42730311486264,-7.4562534670902085,11.634125,2.6056442
269.11296611496414,-7.4902312910647195,12.665279,1.2993155
269.15350219391075,-7.499711182418624,12.844435,2.4068184
268.984469568189,-7.453551348629214,12.556801,1.1879959
269.22356089860267,-7.337913664885961,12.995038,1.8136559
269.68866826132927,-7.06758302168564,12.809707,2.4509459
268.9086648821655,-7.379858787595794,12.853803,2.52427
269.25823265660705,-7.1185418316281055,12.367555,1.8222837
268.1442519897838,-7.497865377337833,12.436522,2.0923223
267.722119170152,-7.0467961159466554,11.936535,1.1670084
268.12743172716876,-6.819117888001888,11.303423,0.9787626
267.9098532613974,-6.692462139428522,12.145173,1.0142746
268.5599135527379,-6.7947328405038965,11.601194,4.5418243
268.75172362830017,-6.409626954471633,12.846639,4.215109
268.38789175424955,-6.206675716412812,12.599112,2.6804953
268.66094448016827,-6.174727856407975,10.073498,2.0401258
268.6869964980725,-6.080557286141067,11.301828,1.0645361
269.79124095376005,-6.9806592661473745,12.914485,2.302803
269.8928905488001,-6.6746323391620885,11.9017315,1.9818239
269.8244766287443,-6.510033317742361,12.766862,2.111065
269.8798679375269,-6.2556090699572575,11.045228,0.8890686
269.2499582863175,-6.506401573797868,12.869015,2.2445917
269.179834642871,-6.434146586704762,10.796607,0.9695358
269.95451855084525,-5.971687321682182,12.507548,4.7989273
269.87741918220325,-5.962550194966696,12.9325485,2.5810118
269.52171284227217,-6.007778387213448,11.375426,2.225171
269.2076564885578,-5.911759970754326,9.905354,0.9340334
268.9900721074044,-5.747023574613973,12.551646,3.164936
269.47512303614815,-5.686226986757721,9.30275,0.82797146
269.1305250493903,-5.672770164558656,12.481003,2.0678425
269.0880657159223,-5.58716519490575,12.976276,1.4838285
269.9766377735952,-5.418211053344698,12.446829,
267.2247861255917,-7.03690896198978,11.16148,1.2899876
267.0451368496636,-6.7306565143100725,12.952396,2.3980608
267.6393589078673,-6.601499324592791,12.940195,2.369483
267.5776736311231,-6.368023058396764,12.55356,1.248393
267.9407367000391,-6.494156587108665,12.324007,1.9077244
267.9900698849828,-6.42000591224419,11.4806,0.9160967
267.97041408093304,-6.4168094795825,12.230528,1.0472975
268.06419086361024,-6.364356236455363,12.954412,2.3901854
268.00216574409757,-6.192462493118609,12.550229,2.7709007
268.0474736118929,-6.1703096744278145,12.775762,3.9708242
267.7336814030922,-6.148743569079326,12.984208,2.4911537
268.03964128224186,-6.024998465199587,12.61771,2.4748478
268.0718434437973,-5.981189509020925,12.755305,2.1356
267.4462292434308,-6.087459128314534,12.004442,2.022171
267.75980460128847,-5.91390641359265,12.637545,2.949195
267.4583524330141,-5.904450945621279,12.864969,2.4429073
268.05124397280144,-5.538412410821537,12.739727,3.015832
266.82390992190994,-5.72681730825745,11.679124,1.4582291
265.9115779327627,-5.960960798561436,12.609079,1.8484554
267.4528868810136,-5.612735323405407,12.542859,1.2730036
267.45055480526656,-5.313826562600916,12.861838,3.2426157
267.0006577187661,-5.425920849951051,12.448134,2.8281689
267.3867018345704,-5.057027596969579,11.066567,0.93817043
267.213569537392,-4.925857902354371,12.391963,3.3414507
269.022698085388,-5.610643592944847,10.504413,2.081828
268.926869121173,-5.412862215873763,11.675443,1.1819496
268.8528062632235,-5.266323707864406,12.665279,1.1839838
268.22979712440025,-5.371985045995613,12.403742,2.1016932
268.268401207993,-5.191821437963159,12.964579,1.4141397
268.2384331466277,-5.148542295840701,11.240883,1.0719376
268.5565203279029,-5.1835426144350185,9.960567,2.2595425
268.8280031947161,-4.983183280710002,12.969037,4.407876
268.6011530193344,-4.962360399190786,10.096694,4.650589
268.53895430417697,-4.858441773720767,12.662098,2.6189842
269.09398257100077,-5.134925810869709,12.502758,2.392931
269.3821206786591,-4.969708351894077,10.746691,0.90524864
269.28034911647006,-4.924842516112562,10.699699,2.558998
269.6049779072949,-4.9737243138006715,12.724067,1.6334419
269.290324180432,-4.589306298424183,12.825639,3.8700352
268.3328554578611,-4.7770128493092034,12.010709,2.3372383
268.21875381718706,-4.693547203063808,11.911308,1.0818481
267.60300054729134,-4.540540701555394,12.068667,3.498314
267.919513210854,-4.527423674461455,11.732752,2.3283787
268.02621783995716,-4.494535241024099,12.658935,2.1606874
267.7964500706403,-4.315350615842526,12.347382,4.299283
268.62749830692877,-4.406900080223415,10.731762,2.545888
268.5437161098344,-4.361608694135826,12.298885,2.7004204
268.96831713523494,-4.356158973459915,10.887068,1.2462368
268.66714459855916,-4.182651071083905,12.44645,2.460846
268.4796547131473,-4.272834263159553,10.558435,0.8414326
268.3842387362864,-3.9156323932858776,9.111038,0.8998785
265.98179893323595,-5.580406523139243,12.660938,1.441618
265.4740950168549,-5.692102131265574,11.832201,2.034543
266.2023373862153,-5.19317778517589,12.878015,2.2851229
265.42309114363724,-5.543537474772747,12.142742,1.371335
265.29479457758805,-5.428832313782544,12.362144,2.197874
266.5752763331999,-4.961359836743993,12.880607,1.5057135
267.1665987969733,-4.771098036074309,12.5907545,1.4562998
266.6781408620301,-4.822093002389521,12.54827,1.542839
266.3409521074015,-4.825987737698273,11.624076,1.3336535
266.11091544968144,-4.665186500416013,11.333732,2.0259676
266.6186799299218,-4.581263506227469,12.89945,1.5474358
266.3705522139463,-4.3520431495610366,10.160789,0.7136402
266.47583210432936,-4.271452517601625,12.686436,1.2805061
264.85988375648344,-5.110064351572559,12.471207,3.5021496
264.9408431288715,-4.966641031092858,12.36155,1.2243385
264.6142174626836,-4.911707675854851,12.561741,2.5012503
264.66566225360486,-4.849390839909044,12.399669,1.4446802
264.7425097104907,-4.601678011057567,12.920181,1.5696001
265.06980238045514,-4.529356763818072,12.628551,3.7400541
265.9578006293322,-4.559979127117316,12.63678,2.0104742
265.8057383567413,-4.4642065840022,12.5811205,2.2474709
265.95093412733166,-4.058335614272515,12.261602,1.9361553
266.08980629785225,-3.969618601716942,10.481847,2.9097433
265.9772062700556,-3.8196754673870283,12.493124,1.9527016
267.1379422002056,-4.701050874546554,10.3990755,3.0201178
267.130393115604,-4.68138965798373,12.591064,3.356842
267.02268804615625,-4.55030632120109,12.154054,2.3255978
267.7667084732633,-4.125451692931092,10.938526,1.1453876
267.5960065013141,-4.115420077495093,11.171504,3.0713825
266.8686308778541,-4.3279901601751,12.874399,1.2182808
267.9892226558284,-3.765890424968227,12.1417055,0.84520435
267.9483759637283,-3.552732866663239,11.444645,1.730958
267.8290482918038,-3.5643415616847625,11.400071,1.9533358
267.46114384168527,-3.371434931828782,12.503632,1.3979435
267.9666461134926,-3.4867124337608955,10.232114,0.7535219
268.0333777270052,-3.4462348559678673,12.915018,1.3555822
268.16948154303003,-3.3357117402389482,12.436548,1.1419716
266.3299457863532,-3.9011228667881137,12.156919,1.2993717
266.18624951538146,-3.9183164063575058,12.957388,2.0223093
266.36130819616744,-3.7023025534939396,12.157288,1.3770866
266.4921225493948,-3.646414907266385,11.889007,2.089141
266.23050062078204,-3.704203025535135,11.478217,0.95116806
266.1318915411667,-3.6952897212138027,11.497122,2.1016912
266.145471242607,-3.443330018008199,12.579287,1.1092577
266.0852722095776,-3.3764571246814814,12.977761,1.3210068
266.48987255007756,-3.5646450488530905,11.267495,3.5030222
266.5048771067432,-3.2598228188498632,12.901751,2.3254433
266.51783151220525,-3.1501509649660453,12.632419,2.5473804
266.9190092399543,-3.2762211983314073,12.727412,1.412466
266.9502334277547,-3.259707816543748,12.820409,3.0076122
267.2051058090355,-3.0596704297818644,12.69937,2.2380915
267.5139054113564,-3.2115523162273667,10.013043,0.69551086
267.756845815823,-3.0125822566117457,12.144033,1.0042439
267.38448986542755,-2.8262482202297976,11.545051,2.1471481
266.64448511797934,-3.11307788168239,11.002561,2.4904165
267.1940890261718,-2.3998126564065956,11.975036,1.839448
269.66176301264795,-4.418639072776689,12.741648,4.540538
269.48539706684556,-4.1757396468572345,12.96228,2.603671
269.8452368355428,-3.9762373207024093,12.563861,1.3787794
269.11470343308355,-3.752069253850676,12.935365,2.3033285
269.38775159577443,-3.6034299629932476,12.610417,5.239909
269.92118805643315,-3.2410965228834034,11.939715,3.3639078
269.69476998818294,-3.058274657238392,11.92108,1.1511478
269.63637834132504,-2.7970797428741743,10.630718,2.0882845
269.63177973644775,-2.715562982017438,12.972233,3.4483347
268.968749851129,-2.9573940849321105,12.90633,3.299406
268.9440369436197,-2.773354427729705,11.980358,2.6439638
269.29773554605924,-2.8357362567293953,12.489218,1.1452456
269.4916365501561,-2.7461774827119725,12.244357,2.0755386
269.0648183646967,-2.6921815873491464,12.54356,2.8031654
269.7864410049218,-2.4626984045502716,12.393013,2.0410824
269.45673803242823,-2.3283750552425473,12.494234,1.7172241
269.34968504972386,-2.0972924149605783,11.43278,1.7803135
269.12096560029903,-1.9564388518485247,12.943282,1.8044538
267.82233823893097,-2.572633529953331,12.835987,2.313962
267.9306783625337,-2.468935063402823,12.870596,3.434143
267.8315491330089,-2.473347102580264,12.418951,1.1765423
268.3731462274214,-2.4628706402116336,11.25598,1.0643244
267.73850151665755,-2.5088977479164822,12.225592,1.9164743
267.74172529294765,-2.096275722771254,11.693762,1.7620945
268.30053301486345,-2.1065491399156047,11.714622,1.856574
268.33301436793977,-2.07879858247913,8.749413,0.54978657
268.559937795357,-1.9905336953565276,12.679833,1.1418295
269.0272317737594,-1.900553237726971,12.868617,2.1732607
269.0835467279434,-1.819204009518996,12.7878475,1.8890085
268.702037708441,-1.834203861195514,10.552599,0.9161463
268.3272023773816,-1.9670642034559693,12.379281,1.7557154
268.2246334477163,-1.5304266033729332,12.842416,2.0936012
268.44410990328396,-1.5261318533759023,12.905084,1.2881584
269.7343898428524,-2.1211134513375627,12.897869,1.6999207
269.4488820361712,-1.7604044518893072,12.061355,1.0252085
269.6478371938375,-1.719347234781136,11.985381,1.0981035
269.19386135276966,-1.5009871188174175,11.742401,2.401267
269.13059819643814,-1.484859620498849,12.234866,1.3542967
269.0548050142166,-1.5048592213350522,12.579652,2.9479017
269.15854031445417,-1.4031049925514185,12.477272,2.2709332
265.65665809784406,-8.591316056648916,12.130896,2.6598177
267.4121346845619,-9.340286405133584,12.871249,1.8227539
267.059750060164,-9.261582632493432,12.472637,2.1183748
267.61289206295146,-8.922146590042937,11.819365,2.2443714
266.7254996209252,-9.110335928561723,9.787402,1.0345106
266.68302502522494,-8.825570200710196,11.745051,2.2369509
267.7714857296667,-8.8136082735364,12.70049,1.3713369
268.12309263953404,-8.678848723969734,11.848372,2.1826792
268.01949056261657,-8.536551692742986,10.205044,0.9067974
268.19152737274226,-8.589742993968601,11.795574,2.1661758
267.6976294968771,-8.360179419490304,12.07784,1.38591
267.54498059193037,-8.27894343812688,12.781399,1.505331
267.5794425233361,-8.075746508118165,12.336538,2.7558012
267.77967750838155,-8.003548535245029,12.4235325,1.2812548
267.7258266652362,-7.986014446843473,12.568654,2.0842218
267.7875828091037,-7.9285222153403785,12.857592,2.1167917
266.36848845804514,-8.636411349598326,12.642854,3.654296
266.2310957987393,-8.74947616997301,12.573035,3.718071
266.3180851737873,-8.664920374924577,12.886838,2.5357475
266.8953474046624,-8.542314253416574,12.479462,3.37115
266.20243327566374,-8.616561488400825,12.206686,2.0091238
266.3964382043054,-8.432277488478068,11.938502,2.841072
266.3405199600097,-8.368759061938427,12.151805,1.2474918
266.28689328254643,-8.329637071424276,11.48142,2.027463
265.98602549377307,-8.355970159727326,9.158486,2.7828083
266.61437586450324,-8.110638653424006,12.608094,2.0936098
266.4872553626188,-7.809131414284436,12.860128,1.5715227
267.0995338627912,-8.073578991451747,12.606803,2.2659807
266.69851032880365,-7.770403033576734,12.506521,2.337287
267.18732376994956,-7.591032650709114,12.412172,2.4757977
266.96012961655833,-7.5381018995788525,11.714466,1.097722
261.7472648911561,-11.800689377975495,12.958892,2.762371
261.130296107393,-11.62086586917652,12.973178,1.890049
261.20813228572916,-11.515464587670644,12.823958,1.7721415
261.4379050791333,-11.503021759452729,12.702565,1.6529493
260.9805856316764,-11.421424408977314,12.4026165,1.7062645
260.9105797421835,-11.377342229771788,12.664286,1.046546
261.5218722559187,-10.933897892957013,11.306346,1.9767036
262.13968765342287,-11.125534722390118,12.492206,1.751008
262.28499940248014,-11.063879945347749,11.309191,2.158042
262.3335005578099,-11.024875619132802,12.405254,1.6395187
262.2509750451266,-10.986084988256335,12.908393,1.2451687
262.6287215980848,-11.086429006820286,12.775258,1.7577915
262.0650777944066,-10.864946900329612,12.702604,1.8482704
262.30939984794105,-10.517130848812055,11.380015,1.4512253
261.09775259355644,-11.185287420331463,12.767235,1.5580845
260.6562318418322,-11.109380606190067,11.441762,1.2588139
260.6963544134589,-10.965009873084336,10.470261,2.8286314
261.1598140750639,-10.964905669709303,11.646574,1.8904686
261.04449697597494,-10.669148976584566,11.127528,1.9151592
260.6637386362439,-10.839271185389668,12.911389,2.4023285
260.70546731823777,-10.761122924900986,12.612046,1.852191
260.5742868557664,-10.543956913502642,12.759639,2.707285
262.14410526122504,-10.231664935319744,12.50724,1.2825642
261.30249174168813,-9.921670507388255,11.552466,1.9694805
262.94506262072946,-10.759733340599103,12.33205,1.7074537
263.0462248539681,-10.339195053743296,12.846404,2.4823494
263.06855882766644,-10.309003245322414,12.215727,2.7044191
262.9392488868765,-10.284745455716047,12.75796,1.8255644
263.0526613020561,-10.238000891139244,12.92329,1.9712934
262.8627319079017,-10.158247674912257,12.943061,3.36932
262.6222445651538,-10.096384837210827,8.029147,0.9297643
263.45710041888543,-9.87535926467478,12.210674,2.6902695
263.48676235850013,-9.695658385492928,12.635332,2.339366
263.6616371527069,-9.586878855903318,12.127839,2.6510925
263.4124981792202,-9.587239226228109,12.829143,2.817071
261.8902493424615,-9.38093471564266,12.640768,3.925047
262.20993816436044,-9.45017291741633,12.999252,1.606493
262.5940988311079,-9.274392475671117,11.4862585,2.5647879
263.0868581629851,-9.35973992526484,12.984578,2.87885
262.9728621926185,-9.024445400418893,11.555853,3.4268742
260.03473947329815,-10.701317113859945,8.398895,1.5500832
260.79143100260666,-10.194455399471853,12.17858,1.189107
260.04476568632856,-10.242951767620381,12.8775425,1.8640509
260.2863034023006,-10.03219189001967,10.426622,1.7907305
260.6759312372477,-9.778464332367603,12.592375,1.2464676
261.32135221584156,-9.764156807433386,12.354763,1.9749384
261.3231123566975,-9.669520044830662,11.395308,1.4179077
260.8443869457,-9.494785170468214,12.963146,2.4562464
260.7023019512897,-9.403000162176324,11.791621,2.409605
259.3016386766018,-9.859848319749702,11.172459,2.2264462
259.2072474354688,-9.49105559917683,12.746589,2.9998274
259.2501110816434,-9.259867568836984,12.642055,1.9485722
260.0952071772894,-9.236862001699832,12.769336,1.7364159
259.70425914571484,-9.054651824958613,11.119075,0.9514961
259.56760623377585,-9.068652837373458,12.585584,1.9329243
259.8522558462584,-8.831949639617708,12.73184,1.3583574
260.0947312053626,-8.931593307292099,12.573007,2.1154404
261.487099627662,-9.443231683334547,12.772134,2.4044333
261.7274121831935,-9.22956849498573,11.210057,1.173007
261.54917013452933,-8.910312820358174,12.591824,2.587738
261.8538178389449,-8.646625769992543,11.950177,1.2884674
262.6762385671859,-8.417164326109704,12.662096,1.5159883
262.49996649312374,-8.414325661646659,8.604463,1.0141964
261.8738430829169,-8.287653193290815,12.492845,1.7147064
262.15146084343223,-8.252167318709324,12.960492,1.7478094
261.10288605676465,-8.673164771769292,12.616676,2.0814276
260.81504615710844,-8.578768616643421,12.926103,2.1675167
261.3574248706751,-8.494140764893238,12.676168,2.7730274
261.2904942172734,-8.403524689097305,12.620838,3.3611584
261.2542411697399,-8.360058168042192,12.997252,3.904048
260.70930628977834,-8.170326254178374,12.023286,1.2818995
261.6549253608409,-8.044755024815439,12.972369,2.3738928
261.4783599389465,-7.263355227518285,11.802386,1.3716698
264.6800135873525,-9.260528407646406,10.329665,1.8933306
264.72568543249577,-8.993906704076238,12.042871,2.9850588
264.5046524105201,-9.03035004009166,7.840896,0.73267365
264.8336946907983,-8.846618465269229,11.24332,1.6390619
264.14370997067476,-9.151329254779048,11.490627,2.0526047
264.39178989169613,-8.677761566586495,12.911212,1.3076248
264.9665897269068,-8.612211100775639,12.005031,3.6544638
265.2024898993289,-8.153736761455967,12.73252,2.4626818
265.2211943111127,-8.0739881056694,12.187656,2.2788763
263.70363922833945,-8.909662599975666,12.162718,3.3555212
263.6164387201878,-8.677459137767718,12.78948,2.630619
263.3022818101618,-8.542810341144977,12.537258,4.346202
263.2921082119808,-8.221323533350848,12.699273,2.3501492
263.8337663797017,-8.141615163382149,12.891853,2.0128326
263.78799707535813,-8.134080492733435,10.787243,1.1886435
264.4073514542456,-8.266129744693023,12.152084,1.9471645
264.3751334454933,-8.108453398493191,12.737599,2.0314808
264.5521266195963,-8.014608480076902,11.49907,1.9552536
264.3158788129247,-7.876972131835218,12.521495,1.4280567
264.7453838169854,-7.91528338270152,12.89689,1.9334316
265.02436780179966,-7.779004200601872,12.259945,1.3540897
264.455415373927,-7.6005333741181484,12.98264,1.7686977
264.60130429367905,-7.565691019578507,12.898801,1.4991083
266.0106820834721,-7.899310290083801,12.1881,1.1736088
266.13818395304685,-7.8338892794926664,12.343605,2.0349455
266.08862042125406,-7.653250568583133,12.874361,1.4905634
265.81801285024983,-7.735705859136294,12.787279,1.323925
265.6867094656872,-7.622866848819683,12.821679,2.2111378
265.8052970395193,-7.510114583433088,10.175637,1.2045727
265.53932663590706,-7.547970218813704,12.205499,2.277151
266.3506733697002,-7.316298494946575,10.680155,2.1973104
266.835777559017,-7.413831679857199,9.605884,3.9179926
266.1350072654071,-7.33963128075623,12.729721,2.3143215
266.30680715213424,-6.973945582578593,12.386698,2.0245504
266.5147035430722,-6.729129694072865,12.783761,2.1066093
265.76321979366816,-6.853323326238991,12.207863,1.5779104
265.77154905269015,-6.784851862367528,12.05446,2.4437428
265.88873307464746,-6.777767769426327,11.918056,2.7985125
266.3484605213926,-6.574670223448055,12.171397,2.2718658
265.4805610464807,-6.787549424794571,12.908616,2.9707851
265.25066043164037,-6.635962022691568,11.37831,1.3386517
265.66082103195555,-6.451261296057832,10.193753,1.1382666
265.6220409189511,-6.178585868486693,12.638571,3.6713247
263.0359538045122,-8.04098096987219,12.70159,1.7501001
262.8429793230931,-8.094295277712675,12.421972,2.183054
262.8282267252053,-7.996597639732973,10.695052,2.9736948
262.738031568434,-7.889319378019411,12.744076,2.3988762
262.50236595182287,-7.666049206847477,11.684862,4.0816975
263.53470020351097,-7.656911784155951,12.406046,1.6794682
263.74189646285555,-7.2473110785817525,12.831246,1.8880987
264.0071984730736,-7.138629332222645,12.945031,2.9518843
263.33776575977834,-7.233214706622527,12.081811,2.1251888
263.5165233477528,-7.037397325924732,11.338331,2.6245928
262.7762513084544,-7.105582507521819,12.484059,3.0838642
263.0658089148081,-6.782498123579699,12.230553,1.425499
263.262714024286,-6.641125084363235,12.382244,4.0591116
262.50007777643134,-6.674992012025522,11.69987,3.4640932
262.5408929946161,-6.488057362902664,12.794285,1.3411751
264.66202504109094,-6.910005308562341,12.641443,3.4180946
264.60870955794337,-6.687335097240172,12.58824,2.3682775
264.579229062641,-6.568397390131995,12.445019,1.6981878
264.69145333646213,-6.453538340200536,12.918013,1.3760595
264.19768850310635,-6.622897502006038,12.04326,1.3711958
264.6383287035243,-6.225433934264926,11.224854,1.2684431
264.1772445653329,-6.356438053809834,10.399846,1.3341503
264.90994459046385,-6.326804933315792,11.853056,1.0868921
264.91289921305446,-6.290953312596755,12.856826,2.462779
263.61497206648346,-6.454771959499546,11.168969,0.863739
263.8350501447665,-6.286544567184219,11.751848,2.24467
263.47662399928214,-6.381461014362024,11.970961,1.9207802
263.6344222226698,-6.130458908480202,12.732904,1.1307936
264.26390865544425,-6.021024954556234,11.604196,2.8862839
264.11652236310687,-5.857459105948406,11.003525,1.1405315
263.4095061002821,-5.932528469184003,12.70482,2.4701462
263.48546283224505,-5.7922409581869285,10.747484,2.3716364
264.0376196236839,-5.215117260299746,12.842155,2.0978737
264.2981930161104,-4.944031910062523,11.676318,2.1120472
269.987244361891,-9.569131016415906,12.633072,1.5915098
269.84205238214014,-8.740811702388646,12.47498,3.1487312
269.71531096501604,-8.52656186622526,12.892231,1.6173401
269.5428959187701,-8.43965433932309,12.405029,2.4645786
268.69619991970524,-8.467190321816748,11.43034,3.761733
269.03366305841723,-8.092299028174274,12.330295,3.0066319
269.84148075021005,-8.11725872433664,12.672211,3.0728884
269.51971446689475,-7.928039554421588,12.716882,3.7348804
269.5010037296685,-7.8260773760915985,12.987605,2.8951406
268.8264199890975,-8.003652162408805,9.949332,0.85831356
268.9954789541103,-7.929014515822484,11.856617,1.5230179
268.7342088957265,-7.771177808890648,12.718007,3.7959452
268.46166304417727,-7.660172200967914,11.466525,1.8210564
268.6313576644089,-7.562314081872438,12.847912,2.053523
268.75903441904353,-7.5237853373008265,12.596091,2.3282185
269.31331770787716,-7.442940859603697,12.824705,2.3304062
269.48749042457655,-7.09651744395068,12.342348,6.482877
269.640921060315,-7.005763991492324,10.510062,2.5579023
268.81799270195916,-7.075447907849471,11.804285,2.1033201
269.0520686781951,-6.990104210996973,12.523847,1.0343714
269.3162452433826,-7.052422791814334,12.88358,2.553316
269.3669413596719,-7.019376663222499,11.417131,1.1376314
268.03984415275795,-7.54907373006143,12.636147,1.6420765
268.27786252865866,-7.340469084472113,12.546843,2.2964716
268.1137444047286,-6.772683871868607,12.884097,2.202013
268.58771492084685,-6.941700109453229,11.536525,2.8120594
268.44797495229545,-6.9309092079761,12.361113,2.327034
268.3247778030128,-6.900546685412426,11.699558,2.6684284
268.22313108909697,-6.658196883622063,12.801378,1.4072428
268.01487561598856,-6.587905677435796,12.854642,1.5879736
268.2754063649002,-6.542069269836736,12.926405,2.3453217
268.37567240046155,-6.445646347037206,12.762362,1.9960957
263.644867462277,-5.478828611669731,12.965488,3.028018
264.4352483064451,-5.8952746613214675,11.38269,1.3425741
264.62160978755134,-5.728094404930156,12.909512,2.6773424
264.5144495491964,-5.701427457598492,12.40417,3.4574528
264.85313441162106,-5.481162813878954,12.58275,3.5358486
264.01844503825436,-5.452614318313606,12.695583,1.6145315
264.0183455553441,-5.451313915781537,11.691852,1.4833384
263.81181722733726,-5.400127636860923,10.66239,2.7225637
264.43836322161104,-5.036306923566342,9.74326,2.2769194
269.6891257850901,-9.235590201168984,12.846632,2.771593
269.70346515393504,-8.72986088735905,8.563627,0.9096203
269.287409016802,-8.772081235848018,12.914077,4.874774
269.6225040422441,-8.077350546191793,11.854664,1.3311701
269.29179754215426,-8.06901899750621,7.935322,0.68306303
269.961770065366,-8.011740271340672,10.859217,2.5137596
269.8247984642421,-7.4381158120964495,10.039131,0.90314007
269.7912160571244,-7.366289520674632,12.091964,2.4053392
268.5304961189783,-7.9886746307721594,12.244585,3.3991241
269.21827458946314,-7.724307835974115,12.707721,3.1881685
268.99487493581506,-7.576219587479311,12.384749,2.3493862
268.22733582900634,-7.9611921804746775,12.430734,1.2922115
268.1999819163485,-7.7453377043148155,11.661717,1.5083218
268.61559680958584,-7.566079041051407,12.317642,2.5303926
269.4045183529284,-7.669372793182824,12.797483,3.2947826
269.29808295098445,-7.360505347595949,12.757144,2.33492
269.28048588286305,-7.274382603196879,8.537327,1.5998998
269.0489914415611,-7.338094069834451,11.244402,0.91950226
269.0136732391784,-7.33720219876813,12.380169,1.2426853
268.82894860061174,-7.1531229897487965,12.95646,1.4131174
268.92209224988545,-7.030754595163225,12.863713,1.2904243
268.89142475801225,-6.975751240950171,9.062464,1.9659624
269.12932037486036,-7.029850587479039,12.979075,1.571229
269.18677291784155,-6.676476682261169,11.744945,1.956131
267.88822442576503,-7.5532293020546035,12.402075,1.6688776
268.0471428018673,-7.550791859205116,12.465422,3.3032494
267.9293693127398,-7.50426012057478,9.2004,2.1913767
267.6242680458771,-7.282104521388826,9.163795,0.8942461
267.4437153875467,-7.389517255120207,12.014589,1.2356873
267.702087167044,-7.3179796410319025,11.368034,2.405777
267.7131258067034,-7.161431348265138,12.916937,2.538168
267.41240183401277,-7.206628969001946,12.787214,1.256382
267.5221829699807,-6.940650684257592,12.976273,1.2899885
267.9022717806016,-6.863288974456121,7.3631287,1.7913265
267.8212648769768,-6.7141433179525825,12.623314,1.9113531
268.5136149159826,-6.965996525567363,12.264359,2.4296312
269.206432081137,-6.5637691061074,12.591026,2.3492832
268.2446914339186,-6.405099040739956,12.492186,1.4202051
268.7759417470399,-6.394751062473201,12.871438,1.3050537
269.9739514446071,-7.129328329496212,10.314885,1.11798
269.91632566383333,-6.817143078122101,12.643439,3.1816187
269.82537931472933,-6.855963588103861,8.4854765,0.87893534
269.3572890192354,-6.594419499532062,12.892639,2.2010345
269.33961343630676,-6.576624979201004,12.189697,2.286605
269.99456884769705,-6.004467721964267,11.598216,1.2920094
269.69541930155907,-5.909779207987264,12.060896,1.3467503
268.8727556168226,-6.088974483342961,11.558513,2.1316538
269.45437160446426,-5.706435123611046,12.520994,2.6449585
269.9863704152439,-4.796801243147537,11.50498,2.3108997
267.1768237763623,-7.094606668024015,12.520842,2.3823385
267.6387222163045,-6.701261837003043,12.927024,2.786027
267.6331778986805,-6.65210564002575,12.721999,
267.42798571685057,-6.428916976235563,12.444711,3.6683521
266.905774844906,-6.565710447781018,11.792921,
266.536600673548,-6.5971787613236215,11.163847,2.2700186
266.6530635221988,-6.48211492462409,12.922947,1.3980885
266.8375695052611,-6.358889436746053,12.956661,1.9436264
268.0853972909388,-6.119460075424751,11.986447,1.2303448
267.6358142945721,-5.806423999039082,12.581563,2.9403057
267.8351104493753,-5.8530387387419145,11.814106,2.4388142
267.9100365153342,-5.525811860104084,12.481924,1.3087626
266.3446113994015,-6.168024051964205,12.055927,1.0926266
266.8130261220983,-6.146591940455834,12.731825,2.1756773
266.1531123628088,-6.14724954914509,12.751213,2.3332357
266.0709536184158,-5.936785023321312,12.152236,5.3091927
266.1580308103321,-5.759002364964679,12.810593,2.1959915
266.57829275227834,-5.743360862019781,9.924314,1.1230049
266.305300033822,-5.732899544428626,12.2301655,2.1734457
266.30025703342767,-5.626211695108865,12.069748,1.2598343
266.57892530665725,-5.583361492237489,12.940469,1.6136961
267.1004989599137,-5.852512070439575,10.77169,2.0218172
267.0145382516542,-5.654879933810705,12.295752,2.2793226
267.42837517393554,-5.552417743888297,10.206416,1.7037325
267.4801457727047,-5.518014075695876,11.70783,1.9385042
267.35395782212777,-5.3290248623845855,12.5893345,2.075595
267.35654788168495,-5.302497342362861,12.584942,2.240428
267.5712999243963,-5.214183214740051,11.47726,3.793397
266.82377820570355,-5.507994312299885,12.901209,2.236168
266.5386841354683,-5.380822086055443,12.586147,3.2430458
266.83209208986057,-5.161342416520315,12.388847,5.364954
267.4368087262419,-5.103270590445827,11.819781,0.9881487
267.41797958006265,-5.102499505677872,12.38315,1.7449579
267.2118583816625,-4.9799427915687255,12.89614,2.3382454
268.50348374793896,-5.467331167170966,12.846686,3.6364784
268.5829668517231,-5.4780969950927885,12.884507,2.197628
268.8492509787268,-5.1198553438833585,12.114227,4.343815
268.8465510162324,-5.018918232965965,11.517456,1.6870728
268.78236587036395,-5.050845790193993,12.36499,1.4704542
269.380467630898,-5.154926951929694,10.043363,2.6778936
269.4579828204435,-5.077088229580064,11.596004,2.1567945
269.0661642871686,-5.111745450246799,12.694224,2.3977814
269.4295021459048,-4.74116047374949,12.94866,1.40061
269.6606798119877,-4.57103381916537,10.342752,2.4979992
268.9054989025048,-5.015936450958415,12.803466,2.772602
268.14549850416205,-5.075234902827738,12.892645,2.1513777
267.75518275367284,-4.986173402788982,12.714562,2.0208664
267.9184825822701,-5.013802640971923,10.547535,1.208333
268.0095288606132,-4.846245139825677,12.647835,1.35571
268.1135906950909,-4.405448631163233,11.271491,1.2703419
267.9371269882576,-4.231373164884158,8.370587,0.27947903
268.67933510656366,-4.694393512034041,11.872904,1.0278702
268.6701860272613,-4.417741193554575,12.660439,
268.24862015274056,-4.075121544494995,11.511911,2.266778
268.29748714765594,-4.010004097888071,11.59023,5.2973843
268.70100376111037,-3.9819529400058413,12.06606,1.0528126
268.5089209790023,-3.915175633321873,11.832553,3.084959
265.90969666205626,-5.608211817817296,12.82507,2.957367
266.25080611553085,-5.521184947402743,12.692626,1.5829515
266.20655869507993,-5.524431981832048,12.354942,2.2612743
265.19361008789394,-5.344143800329299,10.674707,1.1234694
265.7802188106879,-5.09782794149208,11.934819,2.209795
265.6376974945558,-5.097281640594649,11.192173,1.0897264
266.484077424032,-5.11761020381859,11.69324,1.359313
266.40417364614945,-5.145150727230852,11.499152,1.3889685
266.44357669005785,-5.038650486267676,12.76368,3.237894
267.008815757908,-4.861832453277233,11.888058,2.5590591
266.8480079663724,-4.703235357712918,11.641215,3.929594
266.1427922890314,-5.042405482581622,12.773328,1.6262932
266.4002517369699,-4.3971804475990615,9.618468,0.7968588
266.40026855980454,-4.396866032055433,9.735584,0.7169609
264.9556554894026,-4.9787071541936845,12.966676,2.6388721
265.1337917924892,-4.8726690174581835,12.774372,1.5197906
265.5074785770794,-4.813526798982639,12.305753,1.5770102
265.5242353631028,-4.691869523730639,11.313476,3.3275185
265.15806131549715,-4.494652189944454,11.939815,1.454853
266.01770265951154,-4.558090091560358,12.17788,1.2816
265.9271014452281,-4.40225493099517,12.260564,1.0706997
265.8791924209509,-4.138061603234144,10.503394,1.0391064
265.98659525542473,-3.9199759446559876,9.3561945,2.8297625
267.7338790898263,-4.146412594456626,11.436189,0.93834305
267.297585184941,-4.22782587726325,12.321496,2.311448
267.2882741068297,-4.194184608612587,8.937821,2.3798256
267.3544298055203,-4.102064230839946,11.764847,1.0853195
266.9835699436651,-4.265254244470832,12.874503,2.4715595
266.87084856134726,-4.0727267845496895,12.103643,1.1289558
267.0441339738426,-3.809979191652565,12.990904,2.024148
268.1895439576904,-3.7495138022532934,12.23597,3.3993673
268.21419798113277,-3.732608049854823,12.609404,2.0254269
267.3637462976715,-3.706261942925417,12.587279,1.2981586
267.8431931867886,-3.3809920747681588,11.303287,2.0048666
266.23596185426607,-3.8473368416472753,9.4065,1.749793
266.42132758190206,-3.7778028303838385,10.58629,2.247737
267.03400360324497,-3.702409555256699,12.706475,1.1884289
266.98627676171037,-3.6660125277491034,12.707471,1.4388609
267.0447900686689,-3.5040419264909066,12.15878,2.6490479
266.16665568047796,-3.7372771541557097,12.07075,1.7514
266.62781710032925,-3.2532841605437426,11.057988,1.9817438
266.32343455119246,-3.1591059003493824,12.66285,2.3328028
266.50965069429265,-3.221064158878691,10.762511,3.5373755
267.1819295848721,-3.5287624047479826,12.29645,1.467103
267.27098566630264,-3.5115691163475935,11.641678,2.2436028
266.96479338484477,-3.052236837718356,11.334732,1.0041084
267.0238225871376,-2.9974265162543565,12.608895,1.9665642
266.9865390372226,-2.9620112797583333,10.554908,2.0989351
267.1712030090397,-2.459012094402975,12.766451,2.718874
269.97986417661144,-4.197980986064688,12.143378,2.5033941
269.47734909152854,-4.226405691539154,12.468665,5.0813684
269.55154310286446,-4.006909764505697,12.472142,2.2420902
269.985883915007,-3.8112069556916306,9.593386,0.87040234
269.1437068812932,-3.9903581309520164,11.944972,2.5614872
269.15645462482775,-3.77939398656865,10.671318,0.9507313
269.05540080727286,-3.5796435716815127,12.257035,4.472233
269.0552135531256,-3.532887221871657,12.798812,2.2132282
269.08602856860597,-3.5495321316251265,12.239274,1.7883654
269.1659431081122,-3.230745312652067,12.071714,1.975955
269.23998199764134,-3.0522424759780606,12.954611,2.8401566
268.69114796393063,-3.448205493622552,11.439415,2.04177
268.56144620384975,-3.402896298377206,11.439737,1.1684666
268.43319301527674,-3.202862497680825,11.948171,1.3068562
269.1885438122619,-2.9334724420805807,9.772863,2.7758856
268.08040954960745,-3.024488950015854,8.540144,0.7797775
268.26374107263297,-2.7713188838587723,12.646204,1.9215937
268.55900737441294,-2.4853271398905026,11.897954,3.635727
269.39014731799796,-2.727414926708643,12.756452,2.0158052
269.40045276187055,-2.632999196247323,12.521148,2.2307053
269.69847809550936,-2.5363467987776946,12.11005,3.1390371
269.7594751262641,-2.385845950939798,12.021443,3.1729965
269.5654630586706,-2.27246066332636,9.679149,1.726943
269.1284960358088,-2.2377757255507778,9.227305,0.68435
269.075736650933,-2.1581630868612995,11.285602,1.1280041
267.84911537538295,-2.7583444929382206,12.80427,1.4682951
267.7490693472304,-2.6675733953825853,11.593257,1.2716389
268.20882234990677,-2.613328728205778,12.021639,2.332509
268.2762806570857,-2.5370272552588196,10.862399,4.5896473
268.3312991047396,-2.23198306821302,10.053404,4.1073895
267.52017600946374,-2.5368502222196545,9.0842905,1.6532907
267.380562936785,-2.5368855797651726,12.935324,1.9648619
267.8502669251026,-2.3040987878531296,10.387579,2.0091581
267.6655605870748,-2.1541980168459074,12.682491,2.213399
268.72979675205494,-2.263842581065123,12.239429,2.2205753
268.6795007978626,-2.2028513891517907,12.903517,2.0070305
268.6634818766636,-2.090101385417462,10.091685,0.966032
268.80550826079156,-1.9997796669795893,12.99942,2.0365496
268.4608614929657,-2.1000068630839137,12.233382,1.1553574
268.4273483271627,-2.0493083311328815,12.845845,1.3245964
268.7590569885847,-1.9396215343275816,12.622624,1.3002119
269.1383363816805,-1.7175018988773707,10.99225,0.9943533
268.8166093320415,-1.6823783121226439,12.873693,1.1904373
268.74485370629293,-1.709689702267657,12.0500555,1.8548803
267.97716558504743,-1.807060999271589,11.70113,0.9075155
268.3120842179852,-1.4817068111006035,12.619677,2.217639
268.5645386531663,-1.405595700754554,12.025009,1.6643038
268.7211492869481,-1.3213619925600182,10.6183605,4.470399
268.5662293014699,-1.3178086291204874,12.594212,2.0982609
269.57924391424206,-1.930170091144902,12.97003,1.8541574
264.60134579920566,-5.720172826506591,12.675851,2.9101448
264.1221816908636,-5.6628856498401845,12.542635,1.56351
264.86611855707105,-5.39262382380278,12.519451,2.0161572
264.4377189901322,-5.3801233905977535,12.584317,1.443181
264.3662595615576,-5.221229669823817,12.954905,2.1304693
264.64954660856415,-5.018877047494874,12.385643,1.3953571
264.6152413085643,-5.023321848471531,11.396427,1.9773636
264.5362315568693,-4.959298641729458,12.790398,2.2603903
269.49911711051635,-8.892165115182953,11.570967,4.666565
269.3034986891335,-8.579494265995281,12.816853,1.4703465
269.3898663812332,-8.308517792855735,12.856528,1.5668869
269.14083132907473,-8.346132389746522,10.948621,1.245326
269.94551031343076,-7.80317076860054,12.943623,3.7133703
269.99629177074905,-7.452416011934816,12.709633,2.4866037
268.60965411128734,-7.940600714461338,11.560398,2.2741556
268.16665670420997,-7.983318547707736,9.894152,3.4458237
268.39780905366933,-7.734335558974158,12.510486,1.4756203
268.5223142124051,-7.7067722073109675,10.684309,0.9216213
268.5547688318961,-7.669410582326767,12.958893,1.563488
268.91089164077204,-7.491945942687373,12.973426,2.325657
268.7906427372445,-7.472064590260872,8.832555,0.4203701
269.25342826541726,-7.672627906678398,10.68954,5.086894
269.27155712830876,-7.647541410916143,12.583786,3.492175
269.59987961987997,-7.45760449215524,12.225678,2.7825775
269.22877224819024,-7.417550157422247,12.622326,2.3800497
269.6216416420475,-7.405611740159036,11.243727,2.7494106
269.6924634243139,-7.254171677959256,12.9488125,2.3788977
269.4075684278642,-7.100955432499397,11.8831835,1.3380022
269.2555363150838,-6.77442918179144,12.505894,2.1533422
269.32534627238414,-6.765049248477244,12.567674,1.6306648
267.491919234034,-7.161491932071529,12.850434,2.7118616
267.5239643851499,-7.084926814229978,12.381659,1.3816977
267.3996683373468,-7.03209693860629,12.609632,2.958126
267.6922072206914,-6.832884222485909,12.5776005,1.4285631
268.8087796900109,-6.721012152050872,12.827128,4.7043915
269.1232674378117,-6.637220743819028,12.597102,1.2590256
269.12033749824184,-6.504920756240353,12.761813,2.3983412
268.2490224760904,-6.755448501766639,12.931155,1.4066839
268.40634420130385,-6.501851638966001,12.215613,1.999444
268.2011961276439,-6.438086369689303,12.627977,1.9826365
268.7211373851401,-6.313672025694904,12.993394,2.2918854
268.70060145304825,-6.269060164788541,12.510749,1.9962502
268.77804818047116,-6.15956739548528,10.452337,1.9086628
268.50050123715454,-6.084662692005778,11.270228,2.677187
269.95887484763074,-6.899113704619034,10.823036,0.99200916
269.85132870782815,-6.712861236462463,12.792931,3.8334208
269.4789065599263,-6.4473724780325865,12.783779,2.2699213
269.8571614601601,-6.197984540029738,12.972011,1.458044
269.14913485348444,-6.43598489483363,12.44149,1.4633274
269.45040861845115,-6.38027674705249,12.989054,1.4777555
269.93028309586833,-5.9795755211583135,9.829483,0.89031696
268.9739083119608,-6.127852083222662,12.819721,2.6389313
269.17956663278187,-5.70145543263485,10.760638,1.0459614
269.7949930115651,-5.013107985351964,12.657885,2.0832968
267.2763828011425,-7.049562572683107,12.89515,2.6603842
267.09105020566966,-6.7172865073301775,11.906895,3.1041908
267.22993461424085,-6.65049709743083,12.891968,1.260725
267.5348150875402,-6.81770352629848,11.950368,1.8884048
267.70085410641065,-6.601617181164887,12.904264,1.325737
267.8107489280817,-6.5187979761945085,12.460328,1.215478
267.38166598593784,-6.6799154052701635,12.965737,4.1682777
267.6060737204267,-6.378702692614092,12.281595,3.5777407
266.9797454516246,-6.447189803109555,12.213397,2.0731945
267.2717027766242,-6.496342020270681,11.606547,1.2066145
267.77366275437896,-6.417642102361072,11.120022,1.0125818
267.738926684065,-6.136581852843993,12.792213,2.010789
268.34991330974316,-6.116641935281281,12.872484,2.0247278
267.6416808891643,-6.050877749334904,9.472166,1.8438053
267.41457198688187,-6.044024908251251,11.005147,2.676797
267.54462436475967,-5.847223085271123,12.631695,1.3617468
267.9925855401414,-5.679333908104261,12.708947,2.6483765
267.04667846989116,-5.958168967009432,10.788663,3.0527163
267.040507815195,-5.908288594621473,11.727968,2.3267756
266.9598187500476,-5.884229607886104,11.482434,0.96701527
266.6602884499773,-6.108588988671842,10.805502,2.1615658
266.8560113418927,-5.709473874557151,9.946173,2.551921
265.86315519612646,-6.005389979763417,11.515262,2.6087208
266.4353563867909,-5.727419832051052,10.655053,0.9601469
266.62469632038966,-5.643781080686507,11.528153,2.3935852
267.2692596951164,-5.90480365983813,12.574085,2.4089813
267.09607311309765,-5.779315864993847,11.892163,1.1724195
267.0312100867612,-5.522677476119322,12.210061,2.1895838
267.08822072450073,-5.225617244932561,11.762751,3.808342
267.13875574492135,-5.011021865354664,12.799913,1.9153013
268.5358696219639,-5.845544714176753,9.973975,0.89193535
268.42607101359164,-5.670840809825221,12.22161,2.8181944
268.9929039744339,-5.497582490735968,12.343955,1.5190592
269.24305704785377,-5.214394270183383,12.229929,1.176095
268.99678959389104,-5.118979250010791,10.461381,1.3051376
269.8204012825021,-4.7969605955165235,10.670164,2.1907654
268.9937548121214,-4.593636549485438,12.68175,2.3352785
269.0625871710159,-4.576456115846024,7.736232,0.1756115
267.9523583691921,-5.197507834117269,10.963453,3.0240622
267.59412460211666,-5.103954485238123,12.605611,2.7730255
267.6992357497206,-4.951321170992766,12.406194,1.0912104
267.9402918857791,-5.010345210815301,12.015237,3.1674967
267.39074399597075,-4.867141737714946,12.438991,1.1840067
269.15039570256675,-4.301492517578217,12.359679,2.8901863
268.9094130035185,-4.152357183423191,11.544872,1.6742153
268.2883597095713,-4.068780724017821,12.856422,1.5898418
268.37783194624916,-3.938564937547024,12.912253,2.978406
266.1204353961205,-5.556209324824637,12.189031,2.1162739
266.04018180130277,-5.565406502319191,11.712774,2.9207687
266.14594370453165,-5.179239101602586,12.893993,2.0876617
265.6211728291172,-5.479140356301464,11.700053,1.2223272
265.4456629654203,-5.182430760464567,11.453873,1.1249638
266.0718678814493,-5.104815514564259,9.993234,2.9598198
266.3100081127914,-5.229033700101951,10.954911,0.89969444
266.3604403720782,-5.15208501576378,10.740985,3.296833
266.4457213340179,-4.9654836411227,11.207304,2.1484432
266.00669602267976,-4.839040607919233,12.49765,2.3764372
265.9711272498682,-4.799871826613358,12.441038,1.6829367
265.83585713986236,-4.813755918209002,12.681138,1.4303522
264.74526205558846,-5.042898295391054,12.273025,1.3031559
265.24350251914177,-4.522453152278199,12.929518,1.7565479
265.2040848064646,-4.492788980761047,11.467365,2.908451
264.91171919555165,-4.591789013450797,11.141997,1.0251751
265.8745027533401,-4.458811050768351,12.165691,3.309537
265.8052393771368,-4.263677100186844,12.357177,2.6439648
265.9537741605035,-4.143247379543239,12.998848,2.9068995
265.46416121341815,-4.330289970315359,12.576794,2.0683393
265.48818765898045,-3.8397694666770663,12.354941,2.2633905
267.0679917130039,-4.612560387540659,12.981066,1.4370823
267.07625060010554,-4.560758606174614,12.729151,2.8287277
267.4424978803624,-4.30687368704335,12.718226,3.3243256
267.5960998172668,-3.9821006873361067,12.293925,1.9350529
266.9343223710446,-4.187708300875794,10.654595,1.0042639
266.54239452754683,-4.178312504768963,11.81556,1.3771753
266.7840236198862,-4.02648122694214,11.833032,1.295722
267.3879862770642,-3.7790648251121475,12.332131,2.0377474
267.1205476009233,-3.8628240501041375,12.992113,2.2408981
267.02394963946756,-3.8048306804300385,11.079074,2.0616512
267.92593904582293,-3.634730521234284,12.755473,1.1408215
268.36600378174296,-3.735977690512242,11.577799,2.0085068
268.3741875428672,-3.3975978051657036,12.391308,1.1462603
267.40773042506146,-3.502337767550359,12.902714,2.0348043
267.62310027872394,-3.413678420238308,12.274203,1.3894463
267.77963907136154,-3.3936177786201154,11.787326,1.004879
266.8313804350104,-3.883847112079245,12.159871,1.1758242
266.19529395302385,-3.9018614955074846,12.655154,1.4589672
266.512179418892,-3.8561676618602005,10.318129,0.9636364
266.7042569063472,-3.749423405455771,12.203933,1.4292164
266.52390665750556,-3.4866083837662827,10.233854,1.2562637
266.6059480618193,-3.1987995938861733,12.870685,2.0014734
267.2758225285118,-3.4703744323760204,12.485072,2.1801481
267.38651120912004,-3.240498203006251,12.991456,2.7782145
267.1890041227172,-3.245902398233096,12.926664,2.2546854
267.66295131693715,-2.821993785760833,12.443535,1.7253628
266.9119455505786,-3.1742972252867916,10.424299,2.2121115
267.04824953273936,-2.871108527081102,11.445652,1.8495073
266.8342683280479,-2.809758353491684,12.760554,1.8964844
266.8740337067492,-2.7864467427733777,11.647548,1.2177362
267.19057496476773,-2.787707533396797,10.996607,1.9763832
269.8837738049135,-4.27869149453478,11.923529,2.1596012
269.89415889124984,-4.07990664688758,12.162645,1.0732107
269.77898021170296,-3.5770199669209504,12.941338,1.6018133
268.76464070050787,-3.7232861121617815,10.984466,2.1609
268.7615809413742,-3.7041653239913312,12.601406,3.126727
269.34695735497814,-3.3987809266077584,12.958035,2.3996181
269.0085042481349,-3.236847379447624,12.781429,2.9499435
269.40330151950684,-3.174672654501535,11.642136,2.102151
269.8936738828365,-3.3555623033095623,12.408174,2.5701914
269.7083811101137,-2.910519568755591,12.898297,2.3037481
269.7565970240416,-2.691632775674221,9.444293,0.6119833
269.97439913970425,-2.601174168001535,10.242884,1.8932877
268.6243714609214,-3.46309534666897,7.2021823,0.6483078
268.5225747372072,-3.211669451558591,11.173292,2.101678
268.5606012979582,-3.114538296124864,12.962487,2.1762724
269.2271817264451,-3.0293805045878344,10.9688,2.600586
269.01842022315094,-2.807665776481514,12.721899,1.8758163
268.5222530147709,-3.017654346755502,12.232572,1.8858376
269.3996940323735,-2.6904005293819626,11.149781,0.82702446
269.65558119422013,-2.587881977098772,12.796253,2.31102
269.483673403706,-2.4080968394617375,12.684231,4.2582645
269.4820056230223,-2.390150804056973,12.203574,1.1224918
269.72100173223697,-2.187729392568177,12.955042,1.1310816
268.84398989185854,-2.5005421828357166,11.117434,0.9566431
268.81541581458094,-2.3224450886888226,12.995484,1.7704201
269.1998129783052,-2.1127212095312577,12.929446,2.17488
269.32824080507237,-1.978789820777531,10.55221,2.1883564
269.1648891447306,-1.9743194099851107,11.971756,2.0090723
267.889972817805,-2.8793186982906644,11.689732,1.9307308
267.7515219195499,-2.858200908641188,9.529108,0.7597122
267.9685070468694,-2.7236078066177667,11.176948,1.2048979
267.64966797594116,-2.720648244204692,12.858651,1.9982767
268.079023604327,-2.3884328882631496,12.971998,1.3918886
267.90757880138574,-2.390890000664069,12.703676,2.0951643
268.1152830172674,-2.285344362141367,12.586857,1.8331709
268.0803695073662,-2.255048983701907,12.699343,1.7737026
267.67122304002396,-2.47988093326177,12.899206,2.4704933
267.5312293197483,-2.3048606724583562,11.810111,1.0508146
267.50720827669045,-2.2766404201439365,11.960528,2.42177
267.6386472836179,-2.1946456724718604,8.618555,3.9003215
268.2049037082171,-2.076664180383093,11.96677,1.9821291
268.0892126775554,-2.073880739557772,12.721458,1.3887358
267.79610950713084,-2.0326896758603485,12.612719,2.3936367
267.57635257752185,-2.115581154354677,12.999438,2.1330347
267.60298984822595,-2.0988507359891884,12.565023,1.922082
268.8764746722354,-2.084259039483822,12.42703,2.6945534
268.9211957925642,-1.536163553080945,11.3989935,1.7086449
268.33709728094215,-1.772055430851004,12.730936,0.9051018
268.5699015973525,-1.639524860117396,12.392548,1.8760929
268.3460779195818,-1.4923460680879916,10.090894,1.5571318
269.83814354199785,-2.2284927760536966,12.599256,2.035759
269.54029796522974,-1.9344447929920423,12.008314,3.7986479
269.62286753568833,-1.8184085409195945,10.527253,3.8093605
269.6302366766845,-1.7218128701727353,11.026528,1.4123383
269.6793065841739,-1.5100271914349526,10.971415,1.9303064
269.9216265961669,-1.3677441262499803,12.173054,4.073988
269.96792410304886,-1.2632381403958832,12.8451395,2.4437876
269.1338796115892,-1.6356146028933907,12.27925,1.8184319
269.803834384018,-1.1295554193979034,12.8655405,1.9119263
268.97127601935955,-1.4447089962428168,12.717965,1.9427576
264.37854777221145,-5.753386850256675,10.484048,2.5927553
264.7080581398041,-5.623798951940969,12.481149,5.713996
264.22875944373715,-5.162935277023239,10.329331,2.1711264
264.3222784678149,-4.878371855468676,12.678442,1.5115576
269.8683846899642,-9.275030789687985,10.810747,3.0136118
269.98964720862847,-8.52805196163452,11.668255,2.7783728
269.1294272863768,-8.553812887693422,12.995414,2.6432333
269.2551481593611,-8.594832259798402,9.483979,2.6201086
269.31670495777473,-8.458709013617199,12.043367,4.476861
268.60670310647845,-8.384875763724025,11.456884,3.3714933
269.24495136161914,-8.14196878139433,12.194137,3.2505379
269.4704734204155,-8.198362031627322,12.003261,1.191534
269.4385554764796,-8.064465725744611,12.912613,1.6167479
268.9732751432284,-8.075038325688102,12.474502,3.0382519
269.9473651350903,-8.025292551061574,12.768505,1.5771093
268.4044501856952,-8.095941846151057,12.478331,2.056984
268.3571986943006,-8.06981202528243,12.020221,2.0040436
268.4215208296982,-7.989640143506414,11.189964,1.2429762
268.59275334802805,-7.995684029567928,11.054195,3.0010061
268.87153815227623,-7.546545852284226,10.217091,1.2711706
268.0882574048208,-7.943419447432932,12.70513,2.6349993
268.7907843523289,-7.568523170811442,11.62461,1.4976149
268.6533059939074,-7.50036952248615,12.944358,1.7371578
269.53025013179945,-7.506982375625398,12.922501,1.5245285
269.1577251152772,-7.35683598328068,12.829904,1.2132587
269.9314173140939,-7.237296802109655,9.678839,0.6517439
269.66152202140705,-7.073222927761948,12.740237,1.4166985
268.85565780271554,-7.271351501580695,10.105485,3.2593174
269.0370999769619,-7.026155351510566,11.779766,1.8713398
269.49932657513466,-6.975584354683204,12.19828,2.6323004
269.4295307268058,-6.890551677387881,12.202864,2.1399937
267.95384154780163,-7.526893613267902,12.720957,1.5864325
268.00582530640855,-7.458654120961576,12.806191,3.428441
267.81008350015196,-7.4894823976910825,11.822617,1.8821211
267.8115883172854,-7.477785818731823,12.76291,1.3875618
267.78079293462554,-7.419650324875351,12.3920965,2.427084
268.2759942593491,-7.240941421419307,12.841081,3.7857714
268.13707244837883,-7.240121565094055,12.779356,2.1669407
267.758329793445,-7.198139535141714,11.375707,0.9924555
267.67255690119896,-7.180960846543379,12.114396,1.9579678
267.8519177180007,-6.884815854125742,9.668708,0.74051285
267.7531511948956,-6.8953889767934875,9.429142,0.7835903
268.6816528694591,-6.9169674672847625,10.411364,2.131034
268.3802090548226,-6.9456718409460185,12.753893,1.3954229
268.8586624059879,-6.664863346772865,12.647215,2.0063238
268.1939864288004,-6.763058339541239,11.396963,1.946249
268.3911320438455,-6.675186197563058,12.404265,2.582693
268.71082494627143,-6.157365289163859,10.2379265,1.8077478
268.60396141147623,-5.9973696439810995,11.831588,0.9616966
269.9241180358287,-6.5262087376041205,12.254741,2.9691725
269.6624922226536,-6.354409497664403,12.846014,2.034358
269.87119434837996,-6.38182813263753,12.810831,1.6570196
269.9240623705736,-6.201960195010178,11.995127,2.7369547
269.3807428123755,-6.4739744499855485,11.442506,3.1219778
269.2859862711955,-6.163083878664743,12.673904,2.026144
269.8172568697829,-6.1352077806848175,12.785552,4.377537
268.64898286942343,-6.001095203299337,12.0189495,2.487177
269.02970451919003,-5.639725595600815,10.291868,2.3952265
269.5952370701782,-5.351340183087889,12.349698,2.3812094
267.31990439988977,-6.944745892597663,11.844355,1.434803
267.422285915961,-6.824851425899428,12.6451025,1.2945633
267.1482102142667,-6.713193167568041,9.608191,0.8246193
267.44507449040265,-6.747553621844104,11.291597,0.95583344
267.67607114972697,-6.648554475421571,11.521671,2.3414497
267.7193922766464,-6.587188146777659,11.519356,2.3691368
267.6152593083366,-6.478543163853507,12.449277,2.2788773
266.83200028323466,-6.628884002066785,11.876066,3.2823343
267.17895209636055,-6.556722053462797,12.918179,2.6606236
266.94912449794754,-6.369041051209931,12.536317,2.4661236
267.10358123371026,-6.250824487998997,11.896398,2.5253296
267.024599624036,-6.190411042527054,11.802731,3.5934162
267.8970317882374,-6.47776103751894,11.143009,2.0780573
267.93312312416236,-6.465240332049686,12.533345,2.3174763
268.16835256477066,-6.0902372562029745,12.620874,1.5751753
267.5702446381446,-6.084449947154154,11.636074,2.1094093
267.76120182731745,-6.084881353558232,12.099626,2.9712572
267.7367630887057,-5.6196276904815035,12.957299,3.0339146
268.0053595074369,-5.5809534454270855,12.646172,2.1181564
266.5913689925647,-6.373519965033154,11.820692,3.0297823
266.77784227103047,-6.149165475023967,12.470666,2.2889357
266.7510286265257,-5.995023596466894,12.303884,1.495614
266.3779191050004,-5.908971039734043,10.265343,0.958725
266.22056951415163,-5.814206228084409,11.765839,2.5425863
266.7900846590825,-5.6918113997159,12.270052,2.7499266
267.1924418592222,-5.699744188157273,12.833548,2.2743702
267.4894307022095,-5.470253090575905,12.806484,3.2710323
267.39311616921447,-5.427968604160573,12.486477,2.1318102
267.0466416855028,-5.316074643736026,12.65052,2.1019478
268.08250435318274,-5.332752920240259,11.699124,1.2778397
268.2178317427802,-5.351350335837154,7.6577554,1.3907337
268.28357644302747,-5.318038080234919,12.48587,3.263317
268.5171440680695,-5.114355299949101,10.833668,1.1204557
269.0438452050823,-4.871395587020892,12.041232,2.3986597
268.18513701734366,-4.870267601622332,12.77339,1.5363874
268.45310382235107,-4.890316790020081,11.9224615,2.181015
268.4508760382271,-4.761146909372916,12.367437,1.2838535
268.34956386907925,-4.682581877405525,12.899622,1.2889948
268.34581717700513,-4.616808285127671,12.793535,4.0264807
268.1589793485539,-4.677370012191139,12.378877,3.1232224
267.5037270563975,-4.928798688279289,12.939939,1.9483299
267.98506825196546,-4.415947929840628,12.773471,2.4672298
267.74746551496565,-4.527731818091391,10.366444,2.4851732
267.8335207259335,-4.257965037629839,12.876463,4.389723
268.60216465333764,-4.5170545504514035,12.735497,4.5643463
268.55046457750274,-4.339610637108985,11.895563,2.798564
268.44826444161566,-4.327173034118862,12.3046875,2.4209242
268.8333635125772,-3.9727374332843928,12.036997,2.3324223
268.76480592378306,-3.7316048267935975,12.945171,2.1779938
266.1876871790784,-5.410001247684935,12.100681,1.4867811
265.2857091801282,-5.496109088608166,12.3955,2.3269644
265.88135327812404,-5.242926461063279,11.694456,1.3495111
266.37893806273655,-5.0497616532534595,12.719928,1.5665817
266.5858161063001,-4.769574427339505,12.469985,1.2892275
266.1506714674293,-4.830778205803056,11.579985,1.9656334
266.6404701343701,-4.572303014543964,12.513292,1.1993399
266.67006938764763,-4.4751825934102465,11.63504,3.2355156
265.1295671625096,-5.2725056840468225,12.421459,2.092926
264.8944979396745,-4.943715967920135,11.096344,1.9747372
264.9455124342801,-4.936786019279973,12.754109,2.2997198
265.05063624038206,-4.869233802209574,12.18933,1.4501181
265.283144980806,-4.940077200762845,11.636814,3.849782
265.2196097337472,-4.847729258372159,12.258402,2.6260042
264.5783088931235,-4.814493869357535,12.5816145,2.0029135
265.00946757114554,-4.349913827675222,12.771256,2.0940971
265.8629956632725,-4.556112238737139,12.192507,2.0275488
265.92046630042375,-4.514237632180153,12.190416,2.4913769
265.88524983570414,-4.535190260175048,10.450774,0.85872555
265.8980593895773,-4.416719612812225,12.318044,1.1666889
265.6811412764317,-4.552818991798764,10.976986,0.9341297
266.137499066815,-4.434312504688512,11.720502,1.1159801
266.17473352753507,-4.341433488765188,12.091295,1.2322531
265.2239500908527,-4.146495700664592,11.660283,0.9662638
265.8075186802613,-3.6916076904246284,10.530291,2.2555666
267.0919427603324,-4.6747814352273975,12.790903,2.690936
267.483542529064,-4.259571287514319,12.81482,1.8357983
266.93379377525696,-4.1465913673714025,11.849428,2.2415686
266.81167577759146,-4.066060636134935,12.191618,1.1092606
267.2258506042645,-4.115180902202122,12.542466,1.1758423
267.7226372253194,-3.9368761632314286,11.898905,2.620636
267.69153868704575,-3.9281640232297654,12.699866,2.309226
268.43634964900696,-3.4611670690200897,12.925563,2.3156776
267.3775887949428,-3.450795268669495,12.973037,1.9615479
267.8054801115817,-3.3262667751697377,12.736472,1.2711058
267.88561760163367,-3.2278882676147442,11.727895,2.2156525
266.98507012969435,-3.503885032396477,11.766657,1.994833
266.3138933395856,-3.4658628975165047,12.852799,2.2539024
266.52395075429655,-3.2979644368582384,11.881529,2.153698
267.19365773464057,-3.074822507726708,11.392373,1.3624887
267.4550654449986,-3.152325297232737,12.067699,2.0494623
266.65833949845234,-2.9308059285111323,10.393967,0.781023
267.3408942619446,-2.6953688156101583,12.775721,2.5230656
269.65615110934317,-4.095084832307788,12.23697,2.9443588
269.84904629899177,-3.8629839053992185,11.22679,2.6235638
269.500121080561,-3.448148466586078,11.298013,0.9181833
268.83934457800376,-3.4049953008647784,12.77082,1.6087961
269.49725890918097,-2.8557403162185926,12.654274,1.2629938
269.86302246128355,-2.5695406300297283,12.659978,1.1219788
268.85730608768006,-3.054641755899657,12.949965,3.2152824
268.444591372195,-3.0958736280665087,12.761965,4.174222
268.1670474731837,-2.908121868592698,12.305732,2.171152
268.824043355169,-2.67313538541249,10.228923,0.91149616
268.4466689596546,-2.7399570647461786,12.992755,1.5145321
268.3242510598128,-2.7245306728425747,12.9358225,2.1305141
269.31594765402315,-2.8112105609644082,12.371417,2.3425179
269.45016666488146,-2.2794758347596327,12.435804,1.1422129
269.42499248244053,-2.192361082030919,12.301728,2.7325907
269.50088979841695,-2.076843249986376,12.842641,2.9061718
269.4779734363426,-1.9844651175343904,11.537997,2.8809662
269.01731206333307,-2.0855778830725393,12.956815,1.9810238
269.0833274025808,-2.005765916130555,12.9701185,1.808363
269.2097686096954,-1.8954256967347116,11.84124,1.02812
267.88854041524775,-2.5205591071922213,11.054712,1.862854
268.2563521778123,-2.4457463213921073,10.387868,2.2416
268.0813997874052,-2.3866327819735633,12.13471,1.2653456
267.5282010106935,-2.6657611938483465,12.798124,2.1374683
267.6356173812912,-2.390352497446334,12.964654,1.3190546
267.4454832785599,-2.259007254156684,12.732772,3.9341002
267.8542311067787,-2.2953587272769225,9.978175,0.5481167
267.889965511044,-2.196565116841761,12.601987,1.7574081
267.80223925380426,-2.085688909116669,12.924966,1.8197527
267.62653644074487,-2.10069178316288,11.9448595,1.0970774
268.54610314197345,-1.850971025420368,12.758061,1.823185
268.90391023264414,-1.927287505907378,12.037647,1.2175274
268.95039203263167,-1.8320195366569407,11.169925,2.2085266
268.74743213045934,-1.7226853236810307,11.569795,2.0075636
268.31911598281584,-1.7445105988529792,11.838141,2.725441
268.19965342949837,-1.6965717054610447,12.750424,2.0196981
268.4820798564566,-1.62018668198161,12.473797,1.2555904
268.3678608882715,-1.5461642057109812,12.890271,2.5372334
269.5660168090696,-1.9020271555951862,12.960357,1.7993193
269.51050216496054,-1.795822683897286,12.015333,1.7395029
269.149917386842,-1.4282375521656956,11.966231,0.98599243
269.8855414191119,-1.1178733002860741,12.26872,1.2686529
269.7908433080265,-1.0941457052381174,11.623612,1.144022
269.09454305559456,-1.2586069096160064,12.002443,2.1632023
269.0501434009983,-1.2647916186160457,10.4946,0.9282274
269.28158262479604,-1.2038418779706253,12.830591,1.8130207
269.0996156678105,-1.18259509448575,12.664907,1.2055149
269.16680549904004,-1.1123427183909693,12.852202,2.0212317
268.66786867538985,-1.1999654527319827,12.546938,2.4849539
269.2833050255528,-0.9046414798113496,12.835385,0.6036024
269.90286244479637,-1.0232893653210688,12.655809,2.0009422
269.63221881255294,-0.7763991272710439,11.181973,2.0426083
269.5351632448738,-0.7550136589413111,10.894545,1.0340853
269.792848394004,-0.49305102229137987,9.807582,1.6036367
269.61287094826025,-0.515043389144621,12.322275,3.6979656
269.98077316955454,-0.1483223457360233,11.920007,1.6440735
269.9435950561412,-0.11550317151094132,12.006329,1.6823912
270.3680668189956,-9.275045841106287,12.797303,3.95578
270.5084056643739,-9.142026434189862,11.298567,3.2636213
270.30477429167297,-8.837535950421382,10.710807,3.9043932
270.24936497318413,-8.70602178213659,10.480278,0.88903904
270.7399319359261,-8.859234949449606,12.393452,2.4820786
267.2794627911647,-7.168238474899011,10.54871,2.101839
267.97481711071504,-7.041437320625445,11.023268,2.1253157
268.8239126124904,-6.605629863320619,12.474038,1.2688446
268.9533261748105,-6.4907149850704196,12.817066,2.5058289
268.03197802117415,-6.631577983838548,12.165335,1.218956
268.3604952509756,-6.373846676878794,12.776314,3.0121727
269.6086021703052,-6.646473411987997,12.474698,1.5659752
269.60053480808045,-6.546623168333652,12.362495,1.3038607
269.3424300202614,-6.598041768188709,12.120055,2.534522
269.75827658900175,-6.386101695678921,12.665854,2.1126938
269.6816943760257,-6.327719780854974,10.888042,1.0949469
269.88331562803063,-6.374790222267269,12.881467,1.3575935
269.4550772834236,-6.173358446953711,11.143773,2.3773146
269.73689492506014,-6.028938724662385,12.904404,1.7076521
269.7972644111078,-5.951029156996566,11.133741,2.3310356
269.7009754082691,-5.9262913319933626,12.14734,2.6907282
268.968887116133,-6.257090429236242,12.650394,2.127575
269.11022836496,-5.65357002877223,12.313058,1.1772223
269.2949818471803,-5.6315046556714785,11.778225,2.6371021
269.85972338404497,-5.0857138785143565,12.201216,2.6765623
267.30680940981193,-6.777698173787937,12.30173,2.0184822
267.6331132487556,-6.651680471322404,12.415428,1.3553696
266.8177171231036,-6.7995858595096035,12.440354,2.154295
266.9277928852115,-6.672338453802547,11.906281,3.1403122
267.0899321858532,-6.572846271193488,12.759103,4.094021
266.9065434858305,-6.565763747663206,8.788349,1.1372471
266.5701405790135,-6.568327496042717,12.734114,1.5642424
267.2597986713147,-6.17463637178725,12.644452,2.3216267
267.2255935317544,-6.157933522499374,10.544109,1.3783331
267.28005763197274,-6.110431523765017,11.065039,2.2054834
267.8110188978098,-6.432840710122104,12.313071,1.6983013
267.7382802207109,-6.125632044969475,12.029058,3.1010752
268.1942070344332,-6.176857414854093,11.953702,1.2951479
268.0658041456347,-6.128439342720631,12.706097,2.7809858
267.56582573674376,-5.895777279870597,12.661281,2.5916138
267.5807771672031,-5.7264634825762055,10.501589,1.1651697
267.93994433168376,-5.62355405511853,9.819542,0.76553726
266.57442411815265,-6.428357283663776,11.688653,1.4954367
266.4877803331764,-6.360627559388318,12.475833,1.468358
266.54086877314217,-6.03550230321168,12.639421,3.6451454
266.90847881627474,-6.054936568525242,12.916395,2.8253555
266.7242852664037,-5.849931883004313,12.985043,2.3699818
265.8667586828186,-6.0356621119649425,12.661973,1.7292347
266.804030330602,-5.684062658788783,12.041353,2.5137177
266.60303915709267,-5.709310993570769,12.776133,2.1643543
266.31019596342617,-5.692368670183865,12.51025,1.618022
266.4225847215968,-5.715515768250772,12.656798,3.5977163
267.50689576190064,-5.26819966390108,12.872901,2.5872688
267.1660594452519,-5.377065388312071,11.402749,3.33039
266.876749934255,-5.370749597908929,12.685991,2.0676804
267.36006532256727,-4.956093052408059,12.430599,3.9991674
266.99882571097305,-4.9586800422649215,12.384298,2.096281
268.87055152061436,-5.6543515989002096,12.884562,3.360983
268.69228031352344,-5.706596123908721,12.37832,1.58321
268.2749926901717,-5.654169414796067,12.62344,2.5448494
268.5855405420456,-5.401085465298401,11.655355,1.5123043
268.0973029224845,-5.466213383267245,11.535043,2.9058895
268.28943324083934,-5.190171492929929,12.285172,1.419508
268.14863434263293,-5.267460350606398,12.843922,2.1245737
269.7068342344802,-4.8143311014366,12.743678,1.8885708
269.74786321549357,-4.79825012432589,12.331299,2.0679026
269.49622688571344,-4.675757936205951,11.625881,1.2408886
269.6879438796536,-4.639285805506438,12.69387,2.1138992
269.06389477948017,-4.919674010296758,12.695939,2.4400873
269.0761307516402,-4.815002573496552,12.534034,2.1336794
269.4979069655167,-4.461028852690827,12.411716,2.4274578
268.0066499027324,-4.931917116742993,12.637765,2.1267033
268.1817014681645,-4.997015312659466,12.978016,2.372426
267.9619329754569,-4.791667847964445,12.800555,3.1798582
267.97427250001533,-4.778778927703888,11.98138,3.5219707
268.31287455369574,-4.579794498409395,12.035782,1.1835985
267.5762798961869,-4.90373951894155,12.744481,1.5038586
268.54811075310835,-4.310385881766397,12.711773,2.6038218
268.1245032127483,-3.991590198272299,8.400429,0.56970215
268.6541301131975,-3.939137645372442,11.838241,6.233783
268.7427251386364,-3.9515288471088903,11.969945,2.9622536
268.6142404175489,-3.678443235599074,11.173085,2.1208153
265.5689683959326,-5.49031265562886,12.1401415,1.4951801
265.6159635974263,-5.312867839957909,11.969058,1.3836155
265.5956087076581,-5.296240340583352,12.974099,1.9236078
265.1959700628533,-5.436120920349025,12.856917,1.4261284
265.7860540770086,-5.036638521413697,12.491666,3.0664473
266.70728381022366,-4.987468007001361,12.159092,1.9617987
266.19802258091454,-5.096670904242843,11.675372,1.5124788
266.2479140236093,-5.047661913859179,12.185815,2.5843163
266.35192287196895,-4.943245128676361,12.341718,3.1547031
267.1367729522364,-4.809184916485622,11.188876,1.8384123
266.1841574601327,-4.858290095272419,12.654512,2.0319834
266.2520483553753,-4.764935920283819,12.46805,2.0280552
266.1773758480015,-4.634797551936136,10.914238,1.0231152
266.6271246209849,-4.612274243416486,12.028381,1.3727427
266.6359472749671,-4.480129847931502,9.546005,0.8551388
266.64216652778236,-4.390773997722293,12.518937,2.1486387
266.3357784259806,-4.436768353443073,12.9930105,2.0582514
264.63062686826413,-4.668085539116479,12.447795,1.9562721
265.402708205518,-4.489840291132043,12.249592,1.2460709
265.80456570637256,-4.50176248012341,12.614204,1.9742775
266.1405500801615,-4.188128425752244,12.633778,1.9607763
266.0451919761058,-4.222501090070274,12.929163,1.9018354
266.06733975022297,-4.026436769730777,11.396709,1.070878
266.1252143141777,-3.916286019011664,12.924887,2.2027292
265.56993943163684,-4.318925926355645,12.317104,3.0363579
265.62781911453595,-4.097120904624944,12.246448,1.0911045
265.8193088765108,-3.941324400665129,12.506082,1.9043932
265.6808305553999,-3.8557926651404353,11.551631,2.3986235
265.4957802819458,-3.924125547347468,12.685037,2.0231686
267.16521354094516,-4.327480270134473,12.918544,3.4142494
267.56763633075553,-4.437204861769986,12.823092,2.74232
266.7313041356217,-4.358607891622617,11.145688,1.051507
266.7733606373022,-4.249285512685248,9.822863,2.4916449
266.66347018460647,-4.308116374146621,12.86259,2.3094301
266.64771261109723,-4.077367420100751,11.89602,1.9684191
266.7867526847599,-4.0333206738449965,12.71639,1.6611738
267.26984240263624,-3.8717609471410444,12.124553,2.206891
267.8717177060222,-3.832997201901669,12.1390295,1.1232214
268.29092546974266,-3.637198790067325,12.693499,2.3870144
267.97316624895115,-3.5681654825125433,9.97776,2.165392
267.76207917061595,-3.6440726829493233,12.830184,2.0656328
267.92637802956307,-3.524881315422316,11.37215,1.6889391
268.0654800940358,-3.358612652856312,11.720743,1.9620647
267.9532036606009,-3.26495739787636,12.493775,1.5777731
267.71153941522243,-3.1972771289916926,12.514192,1.11133
267.9135604206338,-3.1919619552595737,11.734248,2.3933287
266.64753981185834,-3.907338943189439,10.203427,0.7605591
267.1529900138441,-3.6064747829118526,12.884977,2.3172817
266.85058726784706,-3.481337188951561,12.7754965,1.2237282
265.9991747096823,-3.4218712315991473,12.729895,2.050168
266.050500269737,-3.3997642151880436,12.225414,2.6244078
266.04204319763426,-3.372395241476339,10.585534,6.2901344
266.6874224888899,-3.170350285813519,10.416447,1.0475283
266.42031260839764,-3.288498437260768,12.0089445,1.1447725
267.31985072005153,-3.1550869531476318,11.850729,0.977108
267.4991008435324,-3.118882555975908,11.420663,1.0210409
266.7378375896946,-2.99995031231404,12.835793,2.2983313
266.99286798132033,-2.7370500850327844,10.704507,1.0095434
269.705039602228,-4.527887692270286,11.799372,2.2337742
269.5995835595659,-4.381700802177402,12.048098,2.430809
269.83814336435694,-3.7278991550801606,10.489876,0.86342525
269.3769389349593,-4.0947647876944195,11.99085,2.8203506
269.6259931048298,-3.831822117213966,10.306929,0.8391056
269.6203304989738,-3.5946060731614464,12.504355,1.0964403
269.7212649933797,-3.514825143210081,9.409723,0.55295086
269.6982430008104,-3.215269183218204,12.510409,2.3644123
269.55358452957415,-2.902093328975217,12.939086,1.2077456
269.8635784094531,-2.730260379456215,12.842081,2.717433
268.45226894746605,-3.3523017803362283,12.6268215,4.9686975
268.3895618219729,-3.3614962041910528,12.281076,0.9390764
268.9504742486518,-3.189331048035689,11.152327,0.9116535
268.7538208726652,-2.8773946644749056,12.612686,1.4042768
268.34433270968276,-3.1944543907840686,11.799064,1.0824766
268.91381542846506,-2.679397523755348,12.935658,1.5841627
269.1070081210799,-2.7327848755168187,11.010055,1.2578745
269.1283328860222,-2.586707670881993,12.460703,2.9444323
269.677094121963,-2.279707136558839,12.835787,1.1877327
268.95125225705453,-2.597527471331038,11.534215,1.2261353
269.25699743202773,-2.354651323552805,12.569248,1.252881
269.25720400222696,-2.2166315682073328,11.934735,1.1958828
269.59891960120285,-2.114965203238879,12.257108,1.8967171
269.4689925336813,-1.9910307061082755,11.817506,2.1109562
269.1423513041359,-2.1929039891197166,12.320578,1.1783419
269.0777311052197,-2.1711278091499526,12.585852,1.063777
267.81873880221724,-2.690476667438302,10.654037,0.9255705
267.81233037440023,-2.5979954398681184,11.646036,2.3372526
268.2885646954967,-2.5421495106178185,9.271207,2.3970327
268.29781079555664,-2.1609405619972923,11.853119,1.7957392
268.25426905707536,-2.1327179803482443,12.585135,2.2514753
267.5657305496266,-2.5740220458140377,12.3708105,1.8080893
267.4077529855523,-2.2460274335662076,12.366581,2.7199326
267.85360440402366,-2.2760906741945366,12.63965,2.2535982
267.7032570783205,-2.138008144871406,12.719675,2.6477385
268.5963490692255,-2.2392737420164437,11.739973,1.0100546
268.30693681978886,-2.089331314615917,12.700749,1.7891054
268.84363681255985,-1.7121817762083007,12.813145,1.7250748
268.7460625874527,-1.6808033357995498,11.528286,1.0873117
268.2807480631021,-1.9013018126176204,12.655767,2.3904028
268.00777365889974,-1.764890549916613,11.438537,0.91618633
268.5121157213521,-1.5785043998088406,11.086154,1.0837202
269.96405901367734,-2.269345282084297,12.7113905,1.71766
269.5897290465802,-1.9715667057455797,9.710772,0.7346382
269.500680782099,-1.7764280521851366,12.787587,1.1920385
269.01498277877636,-1.2611116741840276,12.730498,1.7679682
269.23024530529176,-0.9761412470974079,12.6226845,2.186386
269.10726747713824,-0.7962513660450775,11.0521555,1.0446215
269.283946489412,-0.7591941765684151,12.787101,1.7308903
269.2561097316055,-0.7566330661453269,9.226108,2.1198635
269.18896711024297,-0.7143895303301646,12.887509,1.6964998
269.88446015077625,-0.31328743652219543,12.712135,1.5945549
270.1960465730939,-8.856732352884334,12.815132,2.9024935
270.18148751627143,-8.671845443025465,11.906646,4.0854473
270.02380156195005,-8.652107552161452,12.933781,1.8387794
270.96626993278073,-8.683831278496132,12.52368,2.3458776
271.1002763377065,-8.298203241878273,12.0783825,2.4271727
270.793434899102,-8.196353317662787,11.035629,1.0296249
270.0857739946134,-8.30024044245296,12.614232,2.4089699
270.2161861568542,-7.7914047781664975,12.576243,2.6921148
270.20336727784485,-7.79227495915602,12.2189045,1.2665071
270.0604187226591,-7.562771011784819,12.574583,1.598691
271.5302427296889,-8.132734577919903,11.628581,2.8492851
271.558317073961,-8.077266889072131,12.932474,2.612237
271.2313849791828,-8.197245364272701,12.499082,2.8402233
271.2789953874178,-8.192208221761138,11.62652,3.6668262
272.09257080738365,-7.789263282015289,11.993392,4.3524
270.9963977438237,-8.030516141681979,12.825151,2.805149
271.3662053574591,-7.501306971342729,12.30721,1.3537073
272.10257186351373,-7.632852511695069,10.842959,1.1926603
272.0479390702459,-7.472884380061531,11.395152,3.0362892
272.1658821755415,-7.267163308918062,12.244889,2.4716434
271.79876422663136,-7.324140442882906,12.944029,2.8817968
271.642087885736,-7.238727205337745,11.829996,5.7844524
271.84962418984884,-6.9679671524042766,12.834695,1.4078474
272.35019462516294,-6.931191543416069,11.725466,2.2631865
270.6990123553223,-7.712656574152933,10.399365,2.3412228
270.7027741079013,-7.634841227078693,12.450345,3.062786
264.479271206551,-14.375241937972435,12.307929,1.8918619
264.5654563415088,-14.287160468516552,12.7787695,0.9464798
264.5301575607897,-14.257131302375143,12.822122,1.7569942
264.5028968259232,-14.219627817209902,12.8989,1.210515
264.77899596763507,-13.949124875024852,11.6918545,0.90687084
264.9871902139635,-13.894776974099704,12.749918,1.4898357
264.65824340415156,-13.866658148366739,12.325862,3.1651678
264.66124812766816,-13.807784776774865,12.016381,2.5789976
264.4493257884636,-13.903813502467957,12.421623,1.5329123
264.5701123253277,-13.726107163530001,12.775037,0.80315685
264.69714395737844,-13.696214964912418,12.78922,1.5991716
264.34017312668925,-13.834483778500019,10.557159,1.4516001
263.94726229402323,-13.869569097739891,11.797824,1.5805845
263.867773926379,-13.805680377201272,12.326314,1.381218
264.01291484932904,-13.794927796374242,9.900177,1.4306002
264.4838396782914,-13.748975325767375,7.962928,2.261891
264.63922364773634,-13.608694044773719,12.676638,2.4659004
264.98349784359846,-13.499487849053521,12.918031,0.86895084
265.1193062236966,-13.295615066322705,12.789787,2.0802145
265.6075648557101,-13.397205228817379,11.815594,1.4890347
265.62234387346496,-13.13542971030716,12.446382,2.2127266
264.6589678634982,-13.484674301012975,8.820734,2.6439457
264.8201935215893,-13.446463559219449,11.895296,1.4369793
264.94813937961766,-13.288824320342538,10.193705,0.92814827
264.9149114601296,-13.291690592110914,11.261318,2.403757
265.1390817090151,-13.119567159781594,12.659606,2.7901125
265.36248511968967,-12.9664325234579,12.928765,3.4655085
264.9604064476545,-12.741105339562791,9.967217,0.534565
264.99667937642715,-12.725232785172803,11.091961,4.2724113
263.66551046674266,-13.758819227583173,12.742535,1.592453
263.69505061397297,-13.611431099215148,10.657393,2.7292051
263.8805838799789,-13.53920222633745,12.622223,1.6791697
263.8351652311152,-13.514837577739565,11.780391,2.1901646
263.8195852806129,-13.499013136382457,12.011388,2.9586983
263.4306665179094,-13.484049302344765,11.651085,1.6662941
263.6625085535088,-13.478963899021752,12.299993,1.0859346
263.63503453108933,-13.409062999003222,11.911476,3.5631313
263.7423834621081,-13.33396277211276,12.264404,0.7016916
264.0422354737436,-13.103147547123587,12.914194,1.9887152
263.4833541258198,-13.258051125121312,12.094208,0.99353886
263.76380569285044,-12.999301422748482,12.75432,3.2611933
264.4303379699766,-13.162760523341513,11.111101,1.9291325
264.5141711548064,-12.907351978195353,12.9265585,1.2828178
264.47567855977394,-12.774019853934782,11.201553,3.378952
264.6355331205755,-12.782979226897584,11.735841,1.3304691
264.9767264327415,-12.642344433468153,12.415121,2.3362808
264.66500166158033,-12.61032032300425,12.078621,1.0649261
264.7960372024887,-12.518493860513432,11.1048,1.0243816
264.19266470385315,-12.548277711510133,12.905872,2.370634
263.7735163420524,-12.668954627591614,12.249654,3.177453
264.5349400510626,-12.331088075747912,12.443928,2.0799322
265.936755572931,-13.098724369445028,12.217067,1.6668777
265.6924133517443,-13.167058927611016,12.885247,1.8029652
265.85685532998815,-12.820702905338196,12.13558,0.7782612
266.1220945361232,-12.774897050158167,11.298186,3.1487856
266.2667307251572,-12.745501502587246,9.995387,1.8830576
266.2990011186755,-12.530740259391832,12.813922,1.8970127
265.9881355112869,-12.622127722535742,12.729602,4.7827034
266.05779292520214,-12.59723651386985,12.985243,2.400838
265.92917386803117,-12.618039656564415,12.83889,2.2509623
265.8323618538653,-12.64007179003901,12.921274,1.5941
265.48617260513345,-12.751081305152418,11.926222,1.2714272
265.3207335489369,-12.787160994695443,12.909604,1.1667013
265.37763560408285,-12.688993414828705,10.933556,0.7480831
265.6302814193,-12.52790683230455,12.349811,2.4015017
265.186252376833,-12.583672700066119,12.426213,1.4526463
265.4167581157367,-12.61972199642541,11.739226,2.38756
265.92819039434124,-12.369040706689612,12.068072,1.2113323
266.01229987839673,-12.301123235649472,12.85559,2.0613909
265.8275457006562,-12.355213319888623,12.346717,2.0541754
265.84264015133374,-12.352720841392571,12.317447,1.2499609
266.46255340027767,-12.559489093422844,11.557873,1.8566036
266.56184355033287,-12.500248934304413,11.147454,2.6020393
266.7566345485821,-12.338178849566486,12.96765,1.069973
266.4536273643333,-12.087748414933861,12.066698,1.4188538
266.8790396228826,-12.219816790596253,11.368328,1.1487474
266.7787298700955,-11.890474071615133,10.893598,2.6774073
266.0663975074835,-12.210361052666759,12.843309,3.225153
266.2165963224339,-11.906757188995284,12.476668,2.5504436
266.187942977498,-11.898882442833102,12.913433,3.0091677
265.2762619248679,-12.239533422108082,12.884933,2.033618
265.0734389962108,-12.059359461851232,12.447779,2.327774
265.471244132397,-12.291061450462754,12.549385,2.2421217
265.4794625763459,-12.254304081503134,11.385154,2.3321657
265.35059870303706,-12.221517662994595,12.421373,1.8151331
265.4236044092493,-11.91478475690039,12.431518,2.0770626
265.4387418084594,-11.741156148601576,12.912006,1.9370422
264.90311260420117,-12.136545900944778,12.971684,1.9379873
264.4914527715582,-12.025543633518218,12.476259,1.3813896
264.5508123977458,-11.984860396828735,12.070461,1.9032726
264.83510281768287,-11.875004967150362,11.220715,1.8238001
264.8333161328239,-11.885788981791332,12.052735,3.2817297
264.670418494899,-11.826882149530558,9.77914,1.6536016
265.28034928787,-11.693460695820892,11.636486,2.3120832
265.2666246281842,-11.65169979260377,12.384733,2.958681
264.98654249947685,-11.773987930964912,10.499656,1.746664
266.0750780396005,-11.722624290374135,11.515625,1.313261
265.2247682555847,-11.420692288015989,12.624111,2.2175417
265.93475508869295,-11.13241134596442,11.761606,2.698533
265.86420564402755,-11.146465673523878,12.335242,1.9611273
263.07189171477165,-12.98375120979392,12.967958,1.9879036
263.0179683539096,-12.701531010435046,11.194937,1.7309589
263.2792486901104,-12.653999457485492,11.910491,2.0128765
262.9445071986351,-12.624727833679305,12.298736,3.4260225
262.98004681172165,-12.425100711772872,12.701252,1.5031176
263.76765836764076,-11.979247374712292,11.820481,2.5917807
264.0442569824075,-11.978134483770445,9.103327,2.2350483
264.1122094318533,-11.826482102517161,12.772606,1.191659
263.9140037472089,-11.871645114573536,11.899082,2.3687773
263.9776252551028,-11.819363961302107,12.943084,2.464944
263.21660206689705,-11.859046162540873,9.361515,1.0727282
263.8341963398623,-11.727819513678538,11.378932,1.9290638
263.77555460750324,-11.617535892059424,12.66826,2.554389
262.84885635208013,-12.07296548654077,12.80542,1.2958307
262.6717765946339,-11.807563518550811,12.794452,1.3574419
261.99851312625265,-12.2566241792478,12.40363,2.7883682
261.94860324153507,-12.18562785353299,10.321851,0.8830099
261.7773746294439,-12.153145415375848,12.616261,2.1352634
261.76993754623237,-12.08971991741669,12.678133,2.318451
261.7442031968393,-11.989249049474274,12.404722,2.2438812
262.00104321062014,-11.864808806511462,12.863498,1.4102459
262.18239030807644,-11.62813548209776,9.999853,1.6013956
262.9410417140789,-11.788605210752579,11.518573,1.1412954
263.034211074207,-11.721690294057849,12.887209,2.156433
262.8194858177984,-11.739884322908866,12.889415,1.1137648
262.91649382389335,-11.481323493562142,12.515005,2.1364279
263.18812010602835,-11.55737660716776,12.990545,1.3189373
263.61944639555503,-11.449470521056488,12.363807,2.4355478
263.52468626662017,-11.310165820369935,11.680657,2.0161963
263.0654505694801,-11.394954940149129,12.736099,1.2481089
262.58177884019,-11.621517074032505,7.594964,2.9235597
262.490278605843,-11.603353439342483,9.818384,1.7062683
262.47326970828567,-11.492699016058477,12.9008045,1.3444185
262.6380152891198,-11.304605637958506,12.925003,1.6737108
263.2641039857359,-11.088877380130628,12.817771,1.9414625
263.19238371182547,-11.061007894120833,12.999807,2.0021658
262.99310469526165,-11.050688549370959,11.772478,1.0885696
263.0411269316498,-10.969174780246856,12.143553,2.23285
264.74690866059876,-11.562447937864157,12.834478,2.7244167
264.7081196539541,-11.449882034636374,8.9639,2.076486
264.6154012774918,-11.339075327732122,12.677007,1.7353134
264.2382571275252,-11.496234938448017,12.872701,1.8459063
264.35698241967725,-11.346577152019616,11.034702,1.5998611
264.2760595616554,-11.261508164233865,12.383015,1.274189
264.2316615838637,-11.168841106668932,11.170398,1.6576405
264.25086076604777,-11.135845621940126,11.923036,1.2024708
264.96908915920756,-11.220783913579735,12.711859,1.8751574
264.8874418692898,-11.173598408515037,11.8994465,2.155798
264.888109403885,-11.10861841583836,9.181573,0.7353077
264.83078292363433,-11.116788675827488,11.747071,2.7868233
265.46052050171915,-10.945673350864219,12.363401,2.3831978
265.29825744159547,-10.716447625949785,12.188874,2.3554964
265.2873385833381,-10.663672421303435,10.983413,2.9962444
264.53954167835764,-10.926308123755273,5.3535795,1.4018278
264.49906521808504,-10.84090844427997,12.899348,2.4648237
265.11023748718065,-10.573054969731023,12.458378,2.1011868
263.82666728485555,-11.030901731666894,12.998642,2.4660788
263.9859148332573,-10.95350580057112,12.100598,1.275629
263.5029856663593,-10.932895382525462,12.552927,1.4903088
263.36490369305557,-10.605607951457198,12.2728195,2.301816
263.8629684073779,-10.462705354090554,9.964417,2.3614569
263.62388950096533,-10.465909782342186,12.533123,2.0706415
264.6686749185416,-10.465971443742273,12.710906,2.2122698
264.5684100538577,-10.220472224811079,12.981794,2.271574
264.2182751234368,-10.26515137562208,11.856653,1.682271
263.8935869946048,-10.223924042862398,12.824908,4.323683
264.55690105827813,-9.903113418252863,12.943093,1.4024477
267.29956024202033,-11.57969706725902,12.028507,2.07193
267.0384767683204,-11.318383541532567,12.242154,3.123808
267.1377484924601,-11.214675128834601,12.764628,2.2772589
267.81216491486987,-11.300581533300926,12.48993,2.7143736
268.0209243655055,-10.998892551996603,11.193059,3.0937405
267.9163277126914,-10.840940914153,10.925491,2.06254
268.40665077176374,-10.9502529908646,12.693258,4.0338945
268.23455891950846,-10.946524697845152,12.789813,1.4774399
268.0053342698361,-10.543696672169213,12.915132,2.501171
267.82501407993055,-10.40175836271719,12.873612,2.14248
266.62508201305025,-11.170930252957403,11.194102,2.3995295
266.6653329591825,-11.112284827185414,12.357693,2.1696815
266.32777027290484,-11.13523130431827,12.506552,3.501791
266.1816659270966,-11.080077087371912,11.536547,3.7768297
266.87198746151853,-11.07430378584279,12.897541,1.4998417
266.9874853492458,-10.705904188561641,9.318874,3.6485949
265.8706256849336,-10.879549934690768,11.94738,1.937315
266.4676615565288,-10.229604769270043,12.710265,2.3379097
267.2236107430865,-10.647072220650617,12.6583185,2.0945435
267.5661153508866,-10.320913773070608,12.979723,4.48687
267.4447795870174,-10.144686969115975,11.458067,2.91043
267.40831515659033,-10.053410407198788,12.725075,2.5434875
266.8511308385422,-10.448639216103766,12.066657,1.2250757
266.7735670033464,-10.39485659910726,11.102452,3.334609
268.314598488297,-10.542830599098465,12.552304,2.9527435
268.4356899917887,-10.304853709590018,10.586696,1.4169083
268.4172077567279,-9.826632142489169,12.635067,2.5529718
268.60385833337955,-9.82383358345296,12.673785,1.8734512
269.1986142210181,-10.080251983762084,11.87164,1.5746517
269.2172326320755,-9.772611240554523,12.450042,3.1428156
267.7802631232662,-9.877310883408,12.454944,2.3254852
267.9069391514704,-9.804903635969936,12.340318,2.1253557
267.4831661975034,-9.64748333732649,11.292649,1.9565153
267.51762005919113,-9.617501989979328,12.9191,2.6508465
267.71933095373566,-9.467650993925439,12.919134,0.9039669
267.3399383923467,-9.49228645884398,12.654138,4.456602
267.6671862306623,-9.332742559066585,10.531415,2.2736578
267.75883852781783,-9.255723601016857,11.975998,2.21041
267.9612032739527,-9.144820320172357,12.458851,1.3637533
267.819699350148,-9.05598871870009,10.613754,1.054759
268.5558525546911,-9.336764804627155,12.573268,1.6640396
268.856823512398,-9.305119180518874,11.719599,1.6422987
268.4883520067336,-9.11491931714937,12.052076,2.1209965
269.0552000889334,-9.04423379083098,12.99754,4.377548
268.6420287146471,-8.995170249747384,12.298262,3.1033106
268.14083601385397,-8.87258977315239,11.617539,2.8145304
265.9229018270517,-9.00590207861572,12.241648,2.4284792
266.0494188823439,-8.842955681437234,11.779925,1.5308638
266.15188851554575,-8.777872746331417,12.195162,3.2745533
265.4370164525704,-9.226540605729562,12.711686,3.3417616
265.8425648218182,-8.682035007826425,12.7148,3.454545
265.85703168899096,-8.590768754675436,12.754829,3.9887962
267.39500662998915,-9.33553396764357,12.8552885,1.9844255
267.47662617979677,-9.254543216101636,9.141751,3.1855497
267.32788181190926,-9.178247458522216,12.6945505,4.152013
266.96212814562216,-9.31521929359491,12.383903,2.3199034
266.9366374887571,-9.210800311438465,12.589132,2.8201132
267.2305549272256,-9.06242657536771,11.71454,2.0040436
267.58979474584277,-8.998935788769648,12.216499,1.3385773
267.51553479310365,-8.92081677054225,12.305501,1.2414827
266.8719152721685,-9.071318361066488,12.928826,3.7142086
266.88987580663104,-8.881930507443128,12.598284,2.827057
267.37334494213843,-8.568223413785596,11.912554,2.2562294
267.8243370146412,-8.522832098581851,12.881249,2.6775465
268.0033713730095,-8.361943447508878,11.414083,2.1337824
268.136053707868,-8.165240089192752,12.94403,3.907011
266.5295347218364,-8.670914121678035,12.890626,1.4456635
266.4886599604644,-8.580789646097717,11.458977,1.1893253
266.2484138751666,-8.498132982937891,12.943612,2.5719604
266.0461116793849,-8.344988362253325,11.862342,2.230672
267.2112960867999,-8.254286521836386,12.84889,3.3435726
267.09574529052287,-8.043437705349241,11.540637,5.2052298
267.07936181607124,-7.958715117157687,12.511499,1.1384039
267.5680313866016,-7.895546986859094,11.069006,1.26404
267.54010303375276,-7.887271378347064,10.72936,2.7662477
267.63409408706553,-7.7969706488807695,12.423032,1.6532154
266.7720279046566,-7.957738143762361,9.902977,0.84711075
266.6557779895702,-7.744888369211226,12.96322,1.5732212
267.1043462478734,-7.568626325832853,12.391684,1.3478298
267.19767599897506,-7.5379657696996745,11.413925,1.9424496
267.2443283746325,-7.503600176355498,11.789392,1.1314621
267.05953445847234,-7.477452322589462,11.956157,1.9044676
261.5703672481732,-11.8281341874794,12.389198,1.7291718
261.5388477989746,-11.736370465198881,12.733988,3.059166
261.27633687257276,-11.75369879144133,11.81518,2.448123
261.3929404398302,-11.64444826314074,12.390829,1.1696911
261.4028175375711,-11.61723602882152,12.262279,2.3508244
261.9491271639841,-11.454196772866457,10.308277,2.0088282
261.90481617390907,-11.36883620434997,12.96593,2.3591156
261.01500839001704,-11.38067737602986,12.244434,0.78678703
261.21268694429796,-11.226940846921812,12.930512,2.360876
261.5497892232038,-11.18095282085423,12.154748,1.1086531
262.4513707289537,-11.144059397385135,7.3029904,1.4456882
261.9527062228399,-11.097862175668064,12.110086,0.9398689
262.1328529268905,-11.01545726943769,12.513572,1.1878786
262.4285449165318,-10.815708695081701,12.971391,2.1909828
262.0376617400492,-10.728345452422179,11.3926525,1.818408
261.7021964154248,-10.789317639110267,12.728303,1.6630535
261.78774993634056,-10.662066159802684,12.071101,2.0953922
262.29304729842664,-10.779847018312392,12.361329,1.7895203
262.3296456677392,-10.684137706085178,11.272172,2.0883818
260.9082226822954,-11.358375470644106,11.853702,1.1906366
261.1220722162527,-11.161446254184222,12.176934,1.3627825
260.5463446161934,-10.908636955223304,12.914079,1.9084082
261.7469396291485,-10.370420793343852,12.245369,2.148467
261.9520964680033,-10.277082421358157,11.952805,3.5548582
261.6880819017844,-10.140057730747962,11.661289,2.417842
261.39775463639694,-10.18949984832434,12.81868,1.9038239
261.02579737960826,-10.301482676697686,12.458121,2.8466291
260.959669569815,-10.270348462744467,12.072338,2.7866344
261.61664074042193,-9.981398441753997,12.57885,2.997715
263.0531882108893,-10.66265723992111,11.977458,1.9799299
263.19833590712886,-10.587211163718425,11.545049,1.3552322
263.149864919234,-10.52967869373904,12.987955,2.11489
263.0789161882001,-10.507636201392,12.9157505,2.207879
262.9702486773983,-10.370988230960362,12.460714,1.9232407
263.32871728339114,-10.415830886150944,8.919917,2.18812
263.1511940665765,-10.25209995074665,12.155296,1.7118616
262.5943956289863,-10.257042015559266,12.195093,2.080782
262.8519382932211,-10.261467688563792,12.293444,2.6626854
262.96566484335654,-9.906821082659079,12.80877,2.0757856
263.77541405854737,-10.060430685909393,11.616577,2.3192568
263.3303822848312,-9.772480608463656,12.259349,1.2102442
261.92519179846505,-9.745009959673716,11.14542,1.2472315
261.7272719958939,-9.506382248599389,12.892782,3.236702
262.77163841917854,-9.251432277642076,12.831764,3.2905607
263.33506370193976,-9.081534001976289,12.224754,1.383976
263.2263580280099,-8.80371299788525,12.7164135,1.4512558
260.2387691120929,-10.532525253162918,12.338544,1.2168102
260.50656394915364,-10.026800424661143,12.71643,1.2590399
259.6082843250317,-10.241554307232251,12.766792,1.7664948
259.83852866601245,-9.984921913033872,11.518999,2.1953106
260.07352688435805,-10.051585195231556,12.580565,1.3961153
260.68438961667175,-9.945152558723347,12.733903,2.419548
261.1653456520185,-9.64256418516301,11.357249,1.0224829
261.34083882326973,-9.518121692158978,12.508255,1.3237076
261.0541290069882,-9.719513548787813,12.43491,2.011054
261.2500085027198,-9.523587349569043,11.285799,1.9948521
260.40376216369106,-9.559650502998435,12.934967,1.6466761
260.6822492723449,-9.24099158424777,12.690534,1.6156158
259.25421833699755,-9.927759770376824,12.321835,2.3400288
259.2670484698258,-9.272323048706332,12.700778,1.9386616
260.15062254693805,-9.28736715236329,12.952758,2.6969547
259.5907900840884,-8.980031678075596,10.03887,0.9244232
260.3539794102549,-8.570231317475647,11.660348,1.146554
259.98248076501443,-8.589903150458305,11.696738,3.9023838
260.24242767150304,-8.58701125768408,12.912312,1.2143297
260.2924004692472,-8.528421116018123,9.435727,3.1397047
261.64090439943806,-9.399051134112801,11.452773,1.2533674
261.764301976646,-8.923822542819666,12.032663,2.1385002
261.08301114450603,-8.964515377061389,12.264667,1.7296801
261.74793306403217,-8.643216519480307,11.95021,2.914648
261.570032548495,-8.501930508812341,12.728263,1.5665159
262.13511089504897,-8.615104434257496,11.7935505,1.4058695
262.1360544715385,-8.222142292624124,10.665094,2.7077456
262.2703093298141,-8.059734498242959,12.884124,2.061657
260.6905759288936,-8.767389789496905,12.546082,2.639966
261.13506612105044,-8.580825388172006,11.178517,2.0863266
261.12553271926754,-8.50290125077539,12.05129,1.6633205
260.5006858988406,-8.39935740860177,12.832519,2.5835485
260.63106735680736,-8.455309963011311,11.835951,1.9098854
260.5924795356921,-8.392402052065457,11.772074,3.4555445
260.9816755428082,-8.224158790551963,10.3071375,2.0079975
261.45691308498584,-7.873514977355205,11.489202,1.1820621
261.42104322747093,-7.825442109782794,11.983351,1.3344088
261.4857798050032,-7.585215346426356,12.193264,2.0253954
261.51451208021774,-7.381350444795822,12.67007,4.57176
264.1032061953405,-9.347438736497054,12.037919,2.3648405
264.53546848420297,-8.927105650673738,9.991263,2.104988
264.2380318030439,-9.027011634037638,9.52632,1.3475161
263.87527964193686,-8.881586656977637,12.294953,2.0693245
264.31833382058045,-8.868345191766261,11.703316,4.8510075
264.32960553681323,-8.726068781869888,9.259795,0.9420576
264.33344388784803,-8.584818539332177,12.448465,1.8478861
264.93040365460513,-8.801132307038268,11.913604,2.8156433
264.61201456682437,-8.287516807153041,9.084265,1.4290876
265.0090743663288,-8.30243208135233,11.094431,2.8750668
265.08345962206624,-8.093243172433523,8.092973,1.7200394
263.8002999454174,-8.812508233243237,10.973889,0.9067888
263.3967017748347,-8.743667480308767,12.547846,1.2182217
264.27567618807217,-8.387488187876988,9.551134,0.7992201
264.1982486479674,-8.288966940702394,10.715573,3.1553478
263.45964799604843,-8.353455297493877,12.47522,3.4507437
263.07570562868625,-8.469578105264763,10.110977,0.7097883
263.94315734970814,-8.081519520280539,12.574812,2.1434584
264.76140906194473,-7.910596328219553,12.454978,2.0843363
264.736557402554,-7.866950617888309,12.078518,1.9227419
264.88219888324664,-7.836399452571224,12.693681,1.5711184
264.73236074280373,-7.738559926700986,10.55934,1.1295156
264.00392854876935,-7.538332180649777,12.811557,4.178653
264.3223579940528,-7.579817886539267,10.887693,1.1771975
265.96584481197027,-8.082775629140784,11.5138235,2.2626953
265.61538765722344,-8.129868063704293,11.835661,1.9754438
265.55956991702755,-8.07149505472422,9.158534,0.7685709
266.14339559785253,-7.8560219545211085,6.6057844,3.304175
266.4280211654583,-7.816238419953249,11.579298,3.4614944
266.3015398087067,-7.705268599974886,12.411099,2.0022392
265.7768103333118,-7.725891981864816,12.779319,2.531043
266.95717340211263,-7.2396666648204615,9.986216,2.241232
265.91939694110926,-7.28320126328038,12.95349,2.1663666
266.4455984306803,-6.6720785303492836,12.991259,2.6851559
265.2180443873646,-7.558830233310737,12.871441,3.2728786
264.9478860483283,-7.425847913536683,11.3401,3.910654
265.40447157112493,-7.432042407625852,10.159604,1.9907818
265.6376206733005,-7.065676995474914,12.845118,1.4838324
265.23130050935987,-6.838831429730533,12.534571,1.541482
265.71252601703156,-6.650738785165059,12.128325,2.2571192
265.776395976806,-6.619760164605125,12.81704,2.5920658
266.25894795052767,-6.650247092166734,11.808779,3.1527653
266.1105015623514,-6.406146680050389,10.523826,1.6327629
265.34793070962144,-6.474142587698359,10.909047,1.4698467
263.48113238474775,-7.217328318411726,11.250301,2.1259184
263.845515050972,-6.918390892004738,12.445485,2.510209
263.7871602454877,-6.723882148071497,11.3794565,2.1548681
262.68303731146483,-7.057221576465758,11.200645,2.393547
262.5542258535253,-6.864565824118672,12.190983,1.5267525
263.0395434602278,-6.794203556644775,12.062713,2.241272
263.10451545361957,-6.20135689694546,12.662117,1.8749743
264.1676417634453,-6.951797238122735,12.668681,1.9404726
264.8334789069318,-6.686931845847287,11.619014,5.5913525
264.07382365606975,-6.537069237625271,10.542174,2.9417505
263.76987631362186,-6.527713616445654,12.584133,3.004962
263.90643534395366,-6.506327777466009,11.552395,1.0128889
264.49203137094855,-6.190694544981707,11.895794,5.8676233
264.1168768679785,-6.203252520731868,11.927327,2.2989597
264.84122962508206,-5.729780737965693,12.809518,4.1368217
264.8955253760468,-5.618191895115746,12.549009,1.4309654
265.0899043999342,-5.6673918781287655,11.309214,2.6526012
265.0891284859857,-5.421314168951267,10.614884,2.0278502
263.86568651807573,-6.253146321792449,12.662754,1.5404329
263.8692645726431,-6.029391377961289,12.516944,2.1284914
263.4434191164871,-6.057190552669711,10.739051,2.0374002
263.716940310738,-5.727497617233943,12.65114,1.4237976
263.46839124360247,-5.801573852364642,12.223551,1.931962
264.37439825686755,-5.830653899820454,12.244944,2.12537
264.8318156901229,-5.269285821087184,10.650731,2.910389
264.1693633694145,-5.27942809645231,12.96872,6.2620516
264.54799401733476,-5.191931017519735,12.9223795,2.1936626
264.5746246143719,-4.992519639226127,12.6032915,2.086296
269.774129872537,-9.181641533815984,12.992636,4.0942364
269.8684506716654,-8.900008858657051,12.338957,3.0794525
269.53556090189977,-8.861315878118061,10.371197,0.9262581
269.696459624489,-8.215244832302075,12.692918,2.6037188
269.0886231510034,-8.06670827495181,11.4644375,1.2030687
269.54954289516263,-7.898777021431182,12.322297,1.2493649
269.9215204115148,-7.555595993944913,11.822453,1.3893604
269.98445225193166,-7.502590372141355,9.72755,0.7399883
269.04270112917504,-7.800638014285186,12.521658,3.9125824
268.7400560512502,-7.734193796859096,6.7420936,0.89893866
268.2218430963872,-7.873871229932419,12.997001,2.236968
268.2429490384651,-7.635634396899076,12.277412,1.1318216
269.3420286858343,-7.727650754805078,12.200211,1.300086
269.4678305917595,-7.477862253426647,12.868849,2.7312136
269.19255601769635,-7.5423368341914525,12.609547,1.5656414
269.0646425285085,-7.395171063032284,12.447208,2.775426
269.21385938884526,-7.391531963497644,12.89495,1.3393717
269.6175835482481,-7.110687287995567,12.837528,4.727537
268.9366559478562,-7.291133919395931,12.796978,2.0666933
268.84859806068425,-7.179672306192997,11.651318,2.7965336
269.1036514504631,-6.148129116125502,12.933495,3.8431873
269.2202562285019,-6.175826790491353,12.35013,1.6169443
269.23341090199267,-6.06941664052998,12.111363,1.9234991
269.48208389672556,-5.819797709813346,12.88529,1.434001
269.1935382215357,-5.639623951323315,10.58219,2.2728176
269.9301924590522,-5.868040559153377,9.787187,0.81446266
269.95554070946065,-5.8365663598960476,12.445773,2.1214886
269.977003318071,-5.41834405034288,9.409043,0.8242645
269.93660202359575,-5.391177305210753,12.212931,1.8096266
269.4256662415907,-5.317999290717468,12.623371,2.815401
267.216504493419,-6.928969979904814,11.802781,1.0413532
267.1596373541962,-6.888609658839573,12.76901,1.2667847
267.7390193437692,-6.704500049869604,11.668726,3.2416754
267.3226819470219,-6.5477933612933485,11.32734,3.2004967
267.2438124598305,-6.590761471364233,11.111178,1.2890406
266.6983543910196,-6.528986470561405,12.500498,2.0828571
267.14326944511225,-6.495879085770575,11.34277,1.1309614
267.1358509271282,-6.157949265744838,11.210442,1.0605135
268.0052180909865,-6.475815881122365,12.78205,3.1116152
267.6372817941537,-6.330970444011335,10.465421,0.995924
268.09799274521725,-5.923470091727443,12.974826,1.6880817
268.18032919678274,-5.9186792254298535,10.852379,0.86180496
267.53925733166795,-6.143189842710257,10.018322,3.25253
267.8256726531262,-6.033442480864484,11.918782,2.0837536
267.36386987792054,-6.109729098573558,12.691349,2.202301
267.5574118523405,-5.946747860260015,10.441731,1.8860617
267.9590322373248,-5.565487591875432,11.286333,2.2685328
267.9695001946183,-5.529415599913055,10.218737,0.94957733
266.7391165330503,-6.27974248071287,12.315753,2.0629606
267.0051966071681,-6.057747777115273,11.780778,2.0185852
266.9242743319595,-6.020179233252259,12.795621,2.355855
266.3050476247589,-5.920373882587537,12.166856,2.1612883
266.12925654827916,-5.898881935566196,12.907101,1.4944353
266.1084443723576,-5.736456060097213,12.825284,1.5046253
267.21251026402945,-5.8204617918251955,12.752805,2.5991764
267.6777103863814,-5.544570350276464,11.914276,3.0886755
267.80895869779835,-5.316472992990131,10.855272,2.0649405
267.30078800976264,-5.370547114137726,12.65807,2.3158045
266.7460931941674,-5.328288826663394,10.414797,1.3749266
267.2423564135616,-5.15917242348642,12.567301,2.7750692
267.358984677616,-5.118342466626261,12.665537,2.4893694
267.4691010804752,-5.129217538453272,12.763692,2.3670225
266.9869558147226,-4.986940065964853,12.878126,1.3122683
269.1471222619539,-5.343948817820806,12.68288,1.7404528
268.8713121624525,-5.191447165829607,12.891296,1.2578287
268.5081362753639,-5.35114553073047,12.60561,1.3765411
268.0770608695446,-5.430997545895546,8.74924,0.6362839
268.3188536173826,-5.147504548312693,12.95915,2.07228
269.2356479233841,-5.123553386537914,11.344938,2.4668427
269.2470331510204,-4.973325831772707,12.789559,1.4318419
269.27678189978104,-4.834949176905216,12.915526,1.7829227
269.7282324212805,-4.759925527559929,10.475631,3.1266966
269.5786488869286,-4.773298087862711,12.474228,1.9763012
269.4778097804306,-4.7625621141075305,10.582903,1.0911131
268.76931711613,-4.830457974141368,10.05186,1.5159969
268.7666014530971,-4.820314897817338,11.292637,1.2099247
268.8746821865861,-4.589019540056853,12.677107,3.6772594
268.8883473868934,-4.581114079474825,12.295082,1.3386593
269.05475781781854,-4.544230132384293,12.181813,2.9752436
267.67827551267555,-5.112350445558887,10.4973545,2.3923874
268.3294364207935,-4.898410288999222,11.540834,0.7736187
268.47438492851927,-4.7411746324764374,12.822016,2.215167
268.1453631381766,-4.729221008423033,11.301073,2.6072283
267.56961479816033,-5.001385391578388,11.927187,1.1628389
267.43717579969905,-4.861604381180712,12.80106,1.3961449
268.0946603757545,-4.508482335452681,12.911651,2.0716276
267.9927703937903,-4.279760983754278,12.378953,2.1459103
268.84487573777045,-4.198760882335255,12.92375,2.0742102
268.7083878656285,-3.861406883059258,12.919878,1.643714
268.71162327671345,-3.8686034683975574,8.776691,2.8243804
268.36443727261826,-3.850110007146541,12.376417,1.3081312
268.40969588741126,-3.774474722022162,12.687144,2.0003166
265.87470644914515,-5.644052674615224,12.795299,2.499446
265.5979772923234,-5.7595987273685045,12.079743,2.0144968
266.37498228597224,-5.313301259340353,12.072711,2.0125275
266.08884075595665,-5.382490295508406,11.66194,1.531333
265.4112406499384,-5.289235477672808,10.157398,0.8152962
266.4525124985634,-5.341124287387503,12.492467,1.6686983
266.53112583162283,-5.301559473500014,12.746228,1.1803999
266.69342849931513,-5.094455187407638,12.637048,2.5592194
266.8733540240259,-5.005702585056068,10.152438,3.218542
266.89988520619994,-4.82568889340171,11.850976,1.1723118
266.6284731608431,-4.8928246682296,12.822512,1.1567287
266.1056719104256,-4.988050696099318,12.180847,3.3376904
266.42337269109873,-4.81057608918101,12.7899885,1.2965927
266.47147617646795,-4.774709662637174,11.802439,1.8667011
266.0481897482883,-4.573382805127178,12.630385,3.3978624
266.633340435998,-4.479910230570013,10.765094,0.98636246
266.48488082637675,-4.235757658473202,12.7039,2.8058596
265.11598183532277,-5.239396983758208,10.232815,2.033968
265.25204129537013,-5.038519400950524,11.943607,2.9461393
265.44213229880734,-4.920210617481583,12.607074,2.2445917
264.7225010338201,-4.89653609816584,12.572378,1.2664299
264.7753214828544,-4.744834509913121,11.406486,2.2890759
264.9212247382394,-4.356575810163364,12.185377,1.2542448
265.0858483914252,-4.318703111257665,11.490824,2.645794
265.91058729039554,-4.278897436718502,10.375091,1.0241947
265.4059113010464,-4.0947044666312316,11.4332285,3.9502954
267.49157192463497,-4.001533949892739,12.55805,2.4740782
266.7334424800713,-4.342319535726911,11.643883,1.3836699
266.7459640105115,-4.289838239140108,11.916168,2.60295
266.60457477918084,-4.139390309027572,11.908924,1.4174004
266.80793113756397,-3.912997885690974,12.869545,2.04251
266.9672835262622,-3.919301751013018,12.602834,1.1863098
267.60838707899126,-3.8360243802548655,12.329004,2.0614042
267.73034275661837,-3.749025059719641,12.857664,1.4003286
267.60971754553145,-3.757018492432198,12.759027,2.4141073
267.45506702614097,-3.7565355281276536,12.93037,1.8926468
267.5521791589231,-3.5703653170927443,12.917915,2.5876303
268.0250167216121,-3.319725667942007,11.693843,1.9399576
267.7984964218506,-3.335034763098732,11.611246,0.9535637
266.6476787649474,-3.9071773570571224,9.048732,0.75815964
266.2958511979414,-3.9178567193253984,12.481052,1.3451748
266.84669268455275,-3.6061744698790963,12.798999,2.0655584
266.6868701648394,-3.5175526801449957,11.351256,2.1369305
266.74368168917977,-3.3809977990488425,10.645004,2.0033894
266.876237920603,-3.375961381176224,9.637581,1.2212534
266.0183775686728,-3.428449006823653,12.574719,1.6409321
266.5281309602908,-3.327041988800866,12.610154,1.2512655
266.2345809312688,-3.27768456003857,12.248781,1.2277441
267.04058574330764,-3.3031633678590113,11.071642,0.9731245
267.55295594102455,-3.0344662407036935,11.8862295,1.4046078
267.2958516164654,-3.0735465991593567,12.9950485,2.0242872
267.46236044993503,-2.982345202775245,11.614446,2.0465498
267.50892292046314,-2.7409106305936475,12.883477,1.4352732
266.6392672602439,-3.041592853682043,12.613053,2.5212336
266.7885518956853,-2.7935634406698564,11.093218,1.1113815
267.1773000846435,-2.934061628709591,11.318077,1.2698584
267.3188446895577,-2.625149462882839,12.750838,1.7712374
269.7735764212725,-4.475974590735095,12.649022,3.7316895
269.7832246639899,-4.125649896488633,10.72659,2.69304
269.32564973437326,-4.191164664403346,11.923316,3.2459497
269.3754710515615,-3.959161523068713,11.570146,3.7242966
269.3922740739692,-3.8662666392138205,12.095092,2.4609709
269.1096685793134,-3.9346449797102405,12.895003,3.087679
269.7818029618445,-3.482159935143035,12.203616,1.9224224
269.31870742131053,-3.335064736765928,12.884202,3.8824415
269.6939208361219,-2.740900313326455,11.604568,1.0512772
269.8335067693097,-2.7313377014106277,10.521301,0.87825394
268.6636565151206,-2.9675206645213272,12.797988,1.2670403
268.5408523608711,-2.989347258467463,12.317107,1.8550825
268.48557906268314,-2.7992064183567265,12.847716,1.9021149
268.38865767769136,-2.635000914515873,12.199127,1.0476923
269.4193681641485,-2.638636807368739,12.2322645,2.8112202
269.5215897523172,-2.567933279117323,12.353727,1.073103
269.42698512876785,-2.493300494261756,11.97961,2.0470963
269.5545902215855,-2.323081864889,12.517455,5.4115696
269.8009119031696,-2.2350530933390194,11.979619,1.4336014
269.0989798122137,-2.377948723074631,12.634492,2.4994488
268.9854835758074,-2.1122321195596263,12.980055,2.215806
267.73990951341614,-2.774626311037533,11.931046,1.8991928
267.7588829563273,-2.6748717640302635,11.877931,1.8471975
268.3910653768774,-2.548181985912681,12.427799,3.343092
268.5182433222158,-2.440966372000455,11.337333,1.1325712
268.10108650046516,-2.497879878428003,11.136697,1.726675
267.61906207331447,-2.289883955310719,11.696811,3.2211494
268.013546511623,-2.265008003890859,12.342896,1.8970394
267.7835636039287,-1.9701178918480267,9.31142,3.9802532
267.9055770744402,-1.8342499273483666,12.291374,0.96943855
268.81643914626363,-2.163892465387215,12.987267,1.2379484
268.89413161903025,-2.101989668795596,12.645151,1.8385305
268.6471577939082,-2.005282293279848,12.826109,1.9797354
268.69049481555004,-2.007078686775561,12.621107,1.6334963
268.91898865651865,-2.038146475456082,11.883556,3.6214094
268.89389366882176,-1.6335479496130143,10.315426,0.8919296
268.24031276620053,-1.9709564294849082,12.728534,1.8958864
268.43595500304826,-1.8484454582003271,12.3399515,1.6393309
268.3311170956677,-1.568404340883882,12.307299,1.4115171
268.23001433231474,-1.6203011821779252,12.7267685,1.140049
268.1847725816113,-1.5486122178116168,12.430033,1.715725
268.47226689352544,-1.52184629731818,12.425587,0.9585848
269.8729323094585,-2.2556868352160317,12.049627,1.8930521
269.79368928791996,-1.7470839603273296,12.548619,1.1737614
269.5322816763072,-1.5335155196165398,12.588868,1.0121355
269.84679401181677,-1.122794065835507,10.861925,1.149394
269.09780007292335,-1.3410198463888356,12.996809,1.8318148
269.0501679043397,-1.306685315782093,11.036654,1.8864307
269.0587808344169,-1.2452538030080076,11.60786,1.2155371
269.0014033832742,-0.9993462283540855,10.907262,0.9329071
269.3889170730352,-0.8627040742942478,12.008196,1.8207941
269.24846571256506,-0.7797349051544916,11.743337,2.2540464
269.92891255508863,-0.936154434989965,11.108093,1.3676233
269.7602663929537,-0.8188160725571991,12.35883,1.2029028
269.59957650823816,-0.6560192190392103,11.806351,4.625203
269.46125104826416,-0.6730734905735298,12.867542,1.1203423
269.68628661834543,-0.46798425028862317,11.605428,1.7050076
269.8365327751937,-0.4343851937747631,12.050153,1.7993441
269.9056888707921,-0.25018436483365836,11.338985,0.7267809
269.98986275703925,-0.24903992731866845,10.084737,2.2950325
269.85526410484715,-0.13554953369955705,10.934388,0.6440687
270.85846243848425,-8.553141281853085,10.803908,2.9592314
271.23567852650166,-8.50293169697042,12.268586,4.388708
271.19089372905614,-8.227395663859854,12.3740635,1.6002407
270.5487227831807,-8.478589549090394,11.394488,4.623452
270.5029066380809,-8.296589749652222,12.3194685,2.457717
270.8222204335889,-8.250116973902145,8.544252,0.442091
270.6285324667401,-8.19125026789386,12.602536,1.6609716
270.83889363866336,-7.988755196210627,12.693324,1.5234432
270.8868835574882,-7.957332566457471,12.993431,3.0238142
270.6489587554131,-7.918582274920074,12.686715,2.1566
271.4072868593837,-8.245547211853278,12.158586,1.3020754
271.2831130525997,-8.17450475350643,11.994099,3.5149393
271.19757707279757,-8.034186345410578,11.998335,2.2933855
271.71921668446123,-7.902990816955077,12.484988,2.543498
271.83630893616066,-7.692810984562576,12.566568,4.3394175
270.96981074510757,-7.941383945713696,10.998938,3.2230072
270.8071348135386,-7.7519851724393,12.385685,2.1946526
271.5761703464954,-7.389884436975388,12.755767,3.0604734
271.5210744999304,-7.373285270625426,11.7146435,3.0343199
271.87794460465255,-7.54583199574967,12.368841,2.376462
271.85063493126705,-7.3728107300375,12.861407,2.663
271.6806314436632,-7.072844704200732,12.007353,2.9923935
271.59820677263565,-7.039356133854394,11.780117,1.04105
269.71654242150794,-8.515593986717855,12.1283245,1.4006567
269.3757298176998,-8.285316733440933,12.757372,4.139333
269.5304167052627,-8.163649590248882,11.238762,1.0994349
268.526405499421,-7.9609390107535996,12.959817,2.0113926
268.6444670109082,-7.851043080421365,10.683143,1.9200172
268.8663171620451,-7.802695549388136,12.97548,3.333353
268.875338041195,-7.725484788665065,12.111764,4.30713
268.2876104597569,-7.66076400988429,12.186893,2.37578
268.69195054293147,-7.597799305116777,12.352521,2.999959
269.54860153457145,-7.460584567679896,11.5311985,1.355917
269.195985912594,-7.401984838437345,11.844161,1.992775
269.60174611457523,-7.219326062858705,12.651422,3.7408676
269.64875546620846,-7.154223321172589,12.34378,2.4225407
269.5999058981633,-7.07960570576215,12.982529,2.2422705
269.56478884842363,-7.043649771928787,11.19763,4.1858683
268.9289198064263,-7.3364220352042295,11.372465,1.2077951
269.07819075387005,-7.152234660375637,11.548926,3.1135883
268.9204563247658,-6.99768136234383,12.991142,1.362318
269.31653886057967,-7.156823525981466,12.107774,1.2619371
267.52857426380507,-7.289255038516841,12.831081,1.6086826
268.63187736049423,-7.06792281089998,12.114324,1.2033005
269.0851919454232,-6.517161272169018,12.8355,4.2682037
269.09680137721995,-6.4562376038706955,12.809645,2.1044226
268.91098911260957,-6.56178520848492,12.113754,2.53119
268.6795489857014,-6.506471024650664,10.875499,2.4379416
268.9296792755266,-6.405121999946457,12.447568,2.138486
268.24340213028154,-6.757817627324863,12.940761,3.1425028
268.5691381474191,-6.34194824558212,12.346112,1.9848728
268.6519810736766,-6.294228750740849,12.004674,2.0690556
269.37586706640116,-6.561592153690867,12.8085785,2.17865
269.92537470924765,-6.4509936232430345,12.079063,2.3539143
269.8665547431354,-6.11041279899137,11.647173,4.520423
269.38214520253763,-6.37485649253316,12.006074,3.9722729
269.20047307775144,-6.4048799953026485,11.654198,1.8073826
269.77027717379855,-5.9997289607492785,11.468552,2.1235857
269.7240062953758,-5.931195104620852,11.838738,2.785596
269.4713053277997,-6.007867084277605,12.315413,2.4588308
269.7787588334309,-5.392111113878918,10.426139,0.958251
269.53309197837626,-5.404848249751291,12.595799,1.1524067
267.3324310034959,-7.008107822133046,12.267828,1.941966
267.11811209654,-6.991659440820668,12.74781,2.6257887
267.0924426273173,-6.856080017013291,12.884322,2.5617018
267.1065672372415,-6.669605620666048,12.692108,2.886427
267.5529267964885,-6.790483981815401,8.854588,1.5292559
267.537508785837,-6.535087612182668,12.360101,2.3377323
267.098898095291,-6.282865810099869,12.039669,2.4218845
267.04997241260014,-6.105330923549757,12.460005,2.810625
267.96708463107126,-6.382470617998402,10.2563,1.9174042
268.0606233424432,-6.38018523878089,12.757214,2.039277
268.3141215000503,-5.929033290660709,6.4090605,1.489563
268.2663016117209,-5.802238263290168,12.105895,2.0853758
267.3693184263618,-5.866239834756402,12.021096,2.7171812
266.4898086398863,-6.4470829254219755,10.760023,3.3888292
266.59123173161305,-6.455494707969502,12.795289,3.8219986
266.6467124626159,-6.436659111010497,12.5460205,2.3569984
266.60753825283774,-6.323732177513298,12.80402,2.3745794
266.09549657591145,-5.779992107225039,12.841886,2.394868
266.1990597401407,-5.696797784402244,12.595674,2.7705336
267.58967521407,-5.428981798394485,12.650924,2.1119127
267.45145483467275,-5.445298583404823,11.958949,7.146223
267.00364779114244,-5.454640611767708,12.757268,2.5836325
266.9216041243517,-5.20211751456027,12.715421,1.2862787
266.7867186169264,-5.259462341081878,12.712571,1.4467802
268.4039271104157,-5.615943512704031,11.310438,3.2026358
268.4816082047238,-5.487306653259626,12.893847,1.6682081
268.81389568650087,-5.562919001968098,12.574567,2.5981903
268.8454792431236,-5.499406616148665,12.937745,3.0884218
268.92813395668645,-5.151624837847428,12.109638,1.1185741
268.13385239803677,-5.407169146031328,12.982954,2.9817076
268.67073617488313,-4.992739796830259,12.961594,1.6941576
268.71687791032923,-4.951519281793381,12.963474,2.1704102
269.10915145920075,-5.179013524152022,11.62473,2.5397072
269.71571323130985,-4.6486464578780105,12.844828,1.9927282
269.6779673386432,-4.582579229190985,11.953458,1.0792236
268.7622740555153,-4.666286527596409,11.617335,1.2783756
269.35517968941633,-4.64455743033692,11.077198,2.253152
269.46552065040123,-4.3950489207133785,12.204673,1.3080244
269.08545875709234,-4.441957898512194,12.188895,3.5900555
269.31410197692543,-4.418456198896804,10.908682,2.5804024
267.8461212812669,-5.243907520948933,10.081022,1.5263205
268.0964138805061,-5.172282582425241,10.650381,0.88701725
268.01781215565245,-5.108312224258695,12.873995,2.0984497
267.5626205317551,-5.00327271512158,12.205263,1.0536575
267.2377216485707,-4.768334948813263,12.065949,2.915596
267.91690779719534,-4.679852682570235,11.342768,2.1916485
268.4984889465905,-4.534031572864893,12.226072,2.3123055
268.8688690971474,-4.222833955406259,12.974402,4.1364174
269.0344174317743,-4.0499106118443,11.411837,1.2516432
268.11352763138274,-4.338861445437529,12.967314,2.2030678
268.124647849139,-3.990994465439308,11.777055,
265.8910963653439,-5.878229005513262,12.436357,3.9266977
265.559985798696,-5.747546638747803,11.885553,2.1208143
265.8280421248938,-5.563402135472968,12.889053,1.8627005
266.0311004692155,-5.238693719690965,11.617886,2.353428
265.49591112816444,-5.530600858175512,12.140867,2.1709433
265.32050764708737,-5.488929648505036,12.354379,1.3627958
265.5097813811832,-5.097825977775492,12.863762,1.5835934
266.282930491434,-4.747628418113958,12.986303,1.9799414
266.11924364856054,-4.705868346851937,12.429886,1.2820139
266.48666014226336,-4.539544290618966,11.954335,1.0971336
266.2737237676913,-4.372505736889518,11.877149,2.5342827
266.52058127363824,-4.438085813041001,12.991109,1.4370613
265.1347853062001,-4.9203385110739655,12.674348,2.580185
264.46798352977146,-4.829292794693309,10.630421,2.0748482
264.8864165557819,-4.400215200441796,11.834988,2.1706657
265.08205389762094,-4.447917954209355,12.9131155,1.6192045
265.01334652585604,-4.358561214099458,9.972528,2.2380743
266.20990031457774,-4.158150415380451,12.917368,1.9327164
265.18189563846136,-4.243529469264615,11.803465,2.3658056
265.8465767207916,-4.115413371914684,12.682945,1.2646475
265.7208902879545,-3.98509133972972,12.664301,1.9355373
265.90202711925866,-3.839265517498604,11.119313,4.2910566
267.4205540213067,-4.507478510278519,9.401531,2.4139748
267.78412827980554,-4.184786782435767,9.3610525,0.6524544
266.8949703666665,-4.164180897924055,12.656667,2.8461018
266.68222943353805,-4.2640355807949195,12.240783,3.1283083
266.5266054228476,-4.155285603401761,11.892718,2.306466
266.68155004488204,-4.135183872552374,12.282882,6.907694
266.87349316083964,-3.9501038583495105,12.302689,2.805869
267.26542284686286,-3.6948828184361986,12.910004,2.2617817
267.803879058992,-3.971878837320847,10.994533,2.1521416
267.88579483591906,-3.894434639917171,11.970988,2.0247269
267.8817311463551,-3.8368183779701717,10.547225,2.4289083
268.06556792183943,-3.7326392357746085,12.511201,2.3270264
268.2570362714721,-3.6404048695943843,11.775926,2.068694
268.09261505739926,-3.679111814811002,11.199655,3.900982
267.35976263045654,-3.4405975191039757,12.610424,2.2497683
267.75514078151747,-3.262060656182429,12.652082,2.390586
266.67814576069935,-3.9277943249607934,11.226965,1.9233427
266.41074714437593,-3.7403368839059663,12.877723,2.3395796
266.27880761336456,-3.7149498653026853,12.983424,2.081789
266.0406537654626,-3.6509435265781365,12.907886,2.6868343
266.4606730511152,-3.249426376525293,12.436943,3.2008066
267.30601075724223,-3.191128573986478,10.283162,0.8963852
267.0824987576422,-3.2453865681949097,11.501607,1.110507
267.65783398964214,-2.836641790535215,12.8044615,1.7843246
267.679184264809,-2.8111227510458816,12.445093,1.7871523
267.5109095808413,-2.7315124606363352,12.98815,2.191308
267.2362065375444,-2.58403677333487,12.8465605,2.549489
269.7795387840276,-4.47744702292444,12.353408,1.94032
269.4125788704081,-4.1739594644843,12.659619,2.6575184
269.3434042165027,-3.7375333634562433,10.522633,4.390197
269.1253135623411,-3.6755518588884812,12.47852,3.3334808
269.2767346230113,-3.4884075635979177,11.968167,1.8147001
269.20875230340124,-3.2235508118137144,11.631053,1.0922394
269.4255937623686,-3.1444468221067234,12.027698,1.5732231
269.6811270315878,-3.1408616664190405,11.700131,2.5444613
269.53319427756884,-2.935652878519101,11.302412,5.6447344
269.5780448767537,-2.8448125910536826,12.2304125,2.6229496
269.58656786070753,-2.796168201956147,12.574105,1.9458618
269.9673070318695,-2.616754010646227,12.910179,2.5639324
269.94091983011253,-2.617269489615504,11.389935,2.0140991
268.5797233062076,-3.4610853827554755,12.969314,2.710266
268.48367798695995,-3.345089024955044,12.262645,2.5612326
268.493483111259,-3.274414731592614,8.50609,4.3603535
268.73820943818674,-3.1389970937502976,12.998898,2.0014458
269.0922384507098,-2.891507756716308,12.925428,3.269886
268.60941956820045,-2.991579675683864,11.09044,2.1112251
268.3367104757194,-3.1807471013475523,9.476491,2.166708
268.2675821383523,-2.9443176997030776,9.176576,0.78257275
268.23158337833473,-2.723224360922626,12.571694,1.9221878
268.5928334492696,-2.8974102987262245,12.477777,1.1467247
269.3537500384886,-2.7986027066652652,12.006154,2.8325653
269.2777010128536,-2.7331500541507463,12.094436,2.0353994
269.4927816239893,-2.586740680610334,12.274908,2.103284
269.2728538879836,-2.4716926761325952,12.033497,1.2763071
269.78243940855947,-2.443191375163227,12.092891,2.4429712
269.63591892218346,-2.323186867555698,12.57006,2.133769
268.99031085873906,-2.299274500069905,12.762084,1.8240004
268.91434500317115,-2.255831652788171,12.85648,2.2998753
269.2518340773264,-2.260005719410942,11.398909,4.6617317
269.1638304075163,-1.9420101593617929,11.076548,2.9875784
268.02287976738256,-2.755814459237746,11.392783,2.3933325
267.6192491206486,-2.6550857084470936,12.3633375,2.4764366
267.627185924578,-2.6225545344070373,12.196938,1.9038115
268.3285211901416,-2.553585806145732,12.628356,2.0503435
268.40305045415556,-2.287708561879841,12.5021515,1.8865719
268.0928256482519,-2.442342761928365,12.823861,2.0544233
268.2417841114354,-2.3281806582302624,12.352119,1.9275646
268.17192654552116,-2.291445532106202,12.957139,4.0037127
267.6312590898931,-2.4004740942290645,12.967672,1.8169155
267.78880702839757,-2.2811467501666804,12.778952,1.2617502
267.85098371426903,-2.0548761730751854,12.97743,1.9295292
267.95156545474447,-1.8803861857642559,12.24154,1.7313643
268.5168284695762,-2.320625089110377,12.991199,2.1837006
268.59949839723095,-2.0423373146264843,12.46638,1.3514233
268.489028066234,-1.9074546312135976,12.924525,2.9415102
268.8605681834985,-1.8185277612185682,11.787961,2.6392698
268.3749708057521,-1.9165863712535476,12.840615,1.9491243
267.9246754497322,-1.809039840586057,12.61708,2.2882748
268.28412216765736,-1.6169763172952645,11.670322,1.6150732
268.1586078085154,-1.5670964850828057,12.3250475,1.1003094
268.7927045455469,-1.414327696944442,12.667424,2.5472574
268.418673337169,-1.5167302246134653,12.280012,1.6602163
269.9236430312379,-1.9366410185290115,12.401818,1.1023359
269.51700854866647,-1.9533071588914401,11.6417265,2.3660927
269.9924803161134,-1.3079471074324078,11.879286,1.1572819
269.41412733288735,-1.574409428979202,9.325614,0.9478283
269.1206853049086,-1.6278978762392196,9.438966,1.572175
269.3421897312405,-1.277722184722443,12.601671,2.3900576
269.71898504194877,-1.3391860439532717,11.404703,1.3887329
268.943142537504,-1.3970694079643942,12.656432,1.8227406
268.9772470086843,-1.2862258828147815,11.971968,1.7680111
269.19413365674865,-1.1650099889038141,12.847801,1.9619694
269.20659339582335,-1.0923317464377806,12.437389,1.3873625
269.8276654980584,-0.9877296343625671,12.4770775,2.3381844
269.7825367683398,-0.8819373961977927,11.233509,1.0868807
269.9777470503013,-0.8417888662015492,12.793447,1.8815193
269.87678353240693,-0.6356300136841004,12.606293,1.0086784
269.4581689826901,-0.5722196200196249,12.521125,1.779994
269.6625097124133,-0.5277884576627369,12.584698,1.9401178
269.6148933198183,-0.5312095956880761,12.925796,1.832037
269.7190283602321,-0.49660641918958826,9.252787,1.6025934
269.8488969781839,-0.24278889762353287,11.998295,0.97965336
267.47709934140806,-7.2621403976336625,12.998792,1.525569
267.894255106173,-6.844428598810011,12.536383,1.9858398
267.8341908956746,-6.746554486005689,12.789806,3.7205124
267.86481510411613,-6.6482402721878975,11.219346,2.8263235
268.8076084854961,-6.7819146938408315,12.290917,3.8954182
268.72916245715334,-6.78017780093996,12.638561,1.5335445
269.0386415220251,-6.778542044917313,12.163659,4.390113
268.8852001757762,-6.422885528356642,12.957005,2.456417
268.23875735378766,-6.761717940155438,12.477428,2.28129
268.3205509851114,-6.744024092769494,11.690946,1.941082
268.1520120936845,-6.512259015422331,11.693838,1.8083982
268.5456001141409,-6.169521969503075,11.969638,1.6372805
269.9842984603455,-6.97853098760597,8.942787,0.9778795
269.9629686401719,-6.770424971473023,10.88913,1.1633549
269.737441042685,-6.758912600718367,10.316917,0.9982395
269.9097155007125,-6.585328289167429,12.961648,1.4429264
269.9716418672123,-6.366196107191184,12.821733,1.9680214
269.66631290231254,-6.27088333101952,12.395598,2.3043747
269.9273200554584,-6.163866576493245,11.363086,1.0893707
269.3856292931964,-6.168913227541842,11.186628,2.933669
269.7824993916194,-5.808710100656384,12.394766,2.329506
269.1104124233619,-6.088260354032552,12.079043,2.165532
269.3052887024552,-5.7467797465410495,12.839187,3.7266264
269.1324455927338,-5.652857551636686,12.908952,1.4846964
269.8923124061626,-5.884590494929637,12.252721,4.890373
269.6183704848411,-5.1567784314427785,11.721385,4.904169
269.6402732801769,-5.138136613547202,12.822481,3.3045502
267.0770084140278,-6.786436065327874,12.32702,2.218567
267.2166403667418,-6.759265792265842,12.2979965,4.285221
267.175435178334,-6.68671325987603,10.307302,0.8997927
267.6263297774674,-6.7854740218978655,12.999274,1.465538
267.3525383387133,-6.620080740893042,11.088394,1.1780949
266.7163038537015,-6.513955454198697,12.041831,2.059577
266.87557719682445,-6.368860882865895,11.829157,3.5007324
267.1666670655782,-6.4891044446730035,10.725668,0.99540997
267.92689894377617,-6.260126825648765,8.273764,0.55061674
267.7113754240865,-6.297967046434995,10.677305,1.0803585
267.80509789930045,-6.087730234151806,12.485253,2.4177237
268.2254221065182,-6.25796394244541,12.597595,1.3409119
268.08560951389677,-6.119655887946071,12.764693,1.2296352
267.6393221527344,-6.12622646458934,9.840432,2.6233063
267.53264857760564,-6.01538428900885,11.428913,2.5263596
266.7910722846616,-6.280156576466527,10.542962,1.0022545
266.3413045021308,-6.277291139668341,11.182825,1.4093943
266.3231125689613,-6.209103198653495,12.55279,1.3079891
266.63455034032586,-5.985205791940157,11.97936,3.535204
266.87787624392024,-5.735986606280583,11.21813,2.1761446
266.396592374843,-6.0052181242435445,12.830116,2.2834272
267.33961151881834,-5.636815524994465,12.383531,1.8248568
267.62013062787844,-5.185793878701485,12.095136,1.3897896
267.0548422661745,-5.36583710391137,12.506431,3.9101934
267.2782752217422,-5.26529945033287,11.453167,2.11899
267.0504254471661,-4.950621968610945,10.686971,1.8079424
268.7856625004923,-5.386923569588962,12.804268,2.3367863
268.691097102271,-5.341424087403147,12.950868,1.6708097
269.0300664935867,-5.184266050155031,12.979034,5.6393642
268.816859805178,-5.2472188249314655,12.078637,1.0026226
268.2919483275729,-5.300273535041017,12.835072,2.242608
268.75022079373645,-4.936205439921487,12.751524,1.4267321
269.34185574733846,-4.888229329940032,12.584872,2.1693182
269.7881673249909,-4.697108325865815,12.569802,2.3370419
269.50810394220326,-4.719163281499355,11.7598915,3.2389393
269.6569511466277,-4.647985194385207,12.03857,1.4389944
269.5572668196439,-4.613189695573671,11.231484,3.0253735
268.6252379067553,-4.799931052461454,12.448454,1.598094
268.5959069483254,-4.780886679483677,11.731396,2.9592562
268.7851461816668,-4.712641400765056,12.556684,2.3800354
268.7561243066106,-4.6725826517858,12.541069,2.1394472
268.00863724446646,-5.232827259772165,12.69115,4.4615116
267.81590063065875,-5.22100681304478,11.363804,2.1300554
267.9800145737629,-4.844227650770128,12.480057,1.3362255
268.0445463312027,-4.734816002677845,12.759782,1.3230705
267.5176927481406,-4.979745986131342,10.852431,0.8327608
267.52173580897323,-4.933941113024353,12.746312,1.1808376
267.8592544668252,-4.578269251974643,12.647621,2.3393793
267.82934074134795,-4.542527018977018,12.40769,2.0059624
268.80877064983116,-4.54621884781783,12.395939,1.4158306
268.7561356535406,-4.500236273855792,11.111023,2.3894453
268.7518179983205,-4.377136094284152,10.424475,0.8052883
269.10045413527195,-4.217586606664761,11.807009,1.7100029
265.6290326649981,-5.835161062345842,11.772918,1.3708
265.62914666778585,-5.835324715987161,12.235743,1.3730679
265.5470374206222,-5.712651323219924,12.670924,2.667264
265.3881572773885,-5.34815081203516,11.923683,2.7935734
266.7141413619539,-5.151548002362247,12.348099,1.3233423
266.65551986548184,-5.0893429863433886,10.402319,0.8484926
266.87599537435887,-4.821672739718792,11.05572,0.7467289
266.62716577915995,-4.890168771149415,10.583291,1.2583027
264.8848932277969,-4.983299256476943,11.971943,3.9510145
265.6136164995693,-4.678187344575312,12.375219,2.1831055
265.14365565273044,-4.824940775956104,12.341741,1.2900038
265.24711851313106,-4.754181214349883,12.996715,3.3645897
264.9675583093385,-4.464621655496679,12.745186,2.9268484
265.9462714476492,-4.615318087298633,11.813881,1.95156
265.894026066307,-4.421382714844724,11.657756,4.7896585
265.7993897771094,-4.429033237339786,10.928555,2.5792732
265.91459461698344,-4.348395513654921,12.350307,2.210805
265.3571891028234,-4.3979937619651395,12.352144,2.2232075
265.2966953570253,-4.329125882988155,12.139112,1.9021416
265.4899096983657,-3.840845100840694,9.079986,0.7762289
267.7125138142342,-4.257266815520703,11.890135,2.849739
267.56323766740593,-3.9063323770768053,12.221191,2.0628633
266.774870171916,-3.98210991014382,11.242865,1.9737825
267.34142119450905,-3.7341673645771114,12.53206,2.0376377
268.0963045318629,-3.824523008714424,11.83683,3.1499205
268.05480122188567,-3.7948422206165806,12.627593,2.4703903
267.9220870296488,-3.8063362246306713,12.883781,1.4731817
268.41290218125533,-3.643627086426102,12.342438,3.0763454
267.51602014337544,-3.5298918791658207,12.955888,4.3805876
267.702415830494,-3.4294157725028875,11.493998,1.8703804
268.0852656694814,-3.239835000166755,12.748438,1.9083052
266.40944064726256,-3.9612347626146915,12.198463,2.195733
266.558049284262,-3.873341106987266,12.693401,1.3262796
266.15319122917083,-3.880443444671738,12.216582,1.1271238
266.83047560266624,-3.8602263341559158,12.932457,2.3141956
266.64277117539217,-3.691884629869967,12.128432,3.5748081
266.7002079166975,-3.4695055688172456,12.37196,1.9273167
266.10914021254104,-3.8501592863590823,9.124318,2.0222845
265.9934604739775,-3.7289245441228056,11.219056,1.056817
266.3531004145468,-3.662077457892917,11.351708,3.9218922
266.39020351266254,-3.5488622985238805,12.755468,1.8235769
266.1001883879882,-3.5689942596584365,12.945084,2.346201
265.8405614495337,-3.583875670921643,12.241223,1.2895966
266.60663423469964,-3.2459156658464297,12.324309,1.8908844
266.34289733248403,-3.4036584266779575,12.583757,2.4513912
267.4022557014873,-3.2887038307451344,12.913212,2.0122652
267.6187884553165,-3.0965989477345843,12.539772,2.1992025
267.5298621975514,-3.104122854834258,12.595931,2.3868122
267.44094897976476,-2.816947712443642,12.194679,2.5795841
267.0971218709932,-3.0566803597365815,12.549162,2.5721512
267.39352500286077,-2.712966946757218,10.446686,1.9619179
267.2644799929195,-2.631678468772122,12.519092,2.0532846
269.9066517285393,-4.599025654343317,10.5633955,0.85917854
269.95490015002713,-4.336337486209426,12.07942,1.3233709
269.94010120257065,-4.104187807502109,12.123615,2.2539015
269.2955109705088,-4.145134170464746,12.699844,2.5435982
269.32718820325374,-3.929852044445933,12.780055,2.348732
269.2047741820086,-3.6340731238133737,12.790769,1.5007057
268.84831096694114,-3.649637038465007,12.022669,2.2818289
269.3196052496659,-3.4610612450777736,11.486754,1.0371876
269.5031515136959,-3.2638976977897878,10.209317,0.81646633
269.385870495724,-3.3104982927832456,12.362779,3.9117537
269.4384726537895,-3.3122233183026712,10.530691,4.3013754
269.4761653835539,-2.969830567104615,12.915529,2.2928963
269.78838854594517,-2.7018660540630894,12.797311,2.912507
268.675625370197,-3.3219861532373867,12.456768,2.1776648
268.13278212541474,-3.153532260437376,11.74163,1.9864388
268.14660768657996,-3.0256324528686265,12.568399,2.2500706
268.2979127508147,-2.9104685698363233,12.8312645,1.895339
269.51595556626216,-2.69642452972137,12.9751005,1.9834452
269.54101291076387,-2.6060675842065835,11.538367,1.9181614
269.1257744482109,-2.788431243767977,12.825404,2.8453493
269.7367350825704,-2.481078817306572,12.73828,2.398223
269.41637953668527,-2.4610211923540564,11.917537,1.2351265
269.54380912602477,-2.244080606374034,9.141316,1.5586176
269.2026010220774,-2.391297827821727,12.0929365,1.260087
269.16588803094714,-2.363822976234953,12.187934,1.1276226
269.27432564237995,-1.8696081136558862,12.673552,1.8392496
268.17029108953255,-2.6060041155711846,11.360097,1.9262333
267.55067420617206,-2.4255544141975944,10.561213,1.6918621
267.7586889775844,-2.2414595402131794,11.725722,2.0190306
267.9338786642142,-2.0791063229081557,12.7089205,1.3198605
267.65863410887226,-2.058919131343207,10.911164,0.7558327
267.81742782310096,-1.8775893638652474,12.165709,1.1216993
268.9962670820555,-1.8224733804944495,11.339754,2.8444471
269.09604214987775,-1.6282070160922684,12.864217,1.2866001
268.1575273231197,-1.8865896523347474,11.531042,1.8145247
268.2402205560758,-1.9180339668160866,12.908602,1.2030478
268.4013392690202,-1.9127391244694822,12.082814,1.3825417
268.3298446218668,-1.8423779726041358,11.00126,1.690958
268.3401179722676,-1.7910068469469975,12.11042,1.8350334
268.1335341396723,-1.6631283537674877,12.768477,1.8965178
268.46643917973944,-1.5676432567786118,12.116349,1.9581718
268.3762629314423,-1.5660992634230815,12.516122,1.1658478
268.3348161704515,-1.5062706378330557,12.634337,1.1315002
268.2911611903741,-1.4579984974617248,12.875775,2.2960482
268.6579835143576,-1.3626226427525259,12.56093,2.0797853
269.51595584959205,-1.936973985926727,12.368179,1.7545547
269.7142313534421,-1.6466167489862427,12.311007,1.8160896
269.8374769453687,-1.4154165748906982,11.171067,0.93936634
269.3486793661337,-1.5988312593376013,12.7738,1.2080574
269.3607102451503,-1.487758374761284,11.405291,3.4714108
269.818183887505,-1.3470477251048956,12.595282,1.800808
269.8052380944875,-1.2372834815361364,12.407302,2.902216
269.82331438076454,-1.1111545386716395,11.497177,1.2935495
269.6217929339423,-1.082654165012571,11.853831,1.0527534
269.0344621142695,-1.3515173798017852,11.915497,1.9406977
268.92650017455065,-1.254779064819802,12.865508,1.8998976
269.10006080526495,-1.2270479037217241,12.009919,2.2127905
269.0758239368645,-1.0068079942986605,11.087961,0.7766676
269.1939112554702,-0.8309703384374446,12.874145,1.9360514
269.25973088612153,-0.6545237507436725,12.513956,2.5635672
269.88429607839066,-0.8028112479337142,12.985015,2.2988148
269.57742500442885,-0.7511835369306543,12.780804,1.6342382
269.4684078882981,-0.7206913852975614,12.385651,1.8069811
269.54678401811793,-0.3964329838450465,9.618959,1.5262365
269.69558293940634,-0.4055176952754549,11.017833,0.6075859
269.98122296032915,-0.3381632407141949,12.127196,1.7537346
270.01364518472025,-9.359882572602348,11.143583,1.4547415
270.1801868358752,-9.429818102441985,12.377297,1.2251854
270.4382777097728,-9.04663057664607,9.7684765,0.94329834
270.4010534093204,-8.947274234793934,11.013527,1.111351
270.09762014824645,-9.06410474941066,12.670255,1.4866991
270.2910897770662,-8.825917468624246,12.64675,1.8751564
271.0341743244816,-8.64041605892314,12.64064,2.198554
270.2403960326111,-8.531624391542309,12.61219,2.764021
270.64102065190656,-8.269358863174839,11.850374,4.5180216
270.51095065630767,-8.178294340137343,12.782072,2.916603
270.5005880316462,-7.9720278922442045,11.68834,1.4062014
270.02418305916285,-8.208961368132028,11.877464,2.2469177
270.10726653065376,-7.96120890785836,10.990991,0.92641354
270.2362162613379,-7.835849919528903,12.22817,2.3567
270.2960208436753,-7.804289079466014,12.670792,2.2062578
265.30842524291813,-5.7219825244502065,12.885429,1.5857172
265.2685563078839,-5.668173059530058,12.703111,3.5297642
265.2288515907809,-5.642115245675052,12.314894,1.3257837
263.8312877462686,-6.429147074068767,11.94103,2.2592793
263.8158131406703,-6.083190958814556,10.921409,1.3143053
263.76495497850743,-5.967066641020858,11.471023,6.832472
263.9412064213089,-5.817336357941012,12.065973,1.5011635
263.48804749364393,-6.132807276093585,12.023787,1.9140558
263.4270845437292,-5.758956144213895,11.619959,2.0091896
264.4789168084902,-5.501710086690048,12.712811,1.347888
264.9532149711532,-5.391605166871917,12.703534,2.0961857
264.1498110307255,-5.40488588639532,11.374879,1.1815042
264.4719044425335,-5.1759440100627305,9.430655,0.84659195
269.96547831999607,-9.03113625657239,9.566951,5.284092
269.6150715978848,-9.148564185444114,12.316412,2.6933365
269.5069057820794,-8.516481672726673,12.918479,1.6341248
269.3790810063785,-8.337624327018899,12.324299,1.5455513
268.6465361266049,-8.362729876430304,12.723443,3.1379356
269.0752405798697,-8.237070095669068,11.618517,1.1519461
269.4211110886821,-8.270812198170946,12.783682,1.7359314
269.95549343698383,-8.26260329129563,12.521158,2.2239485
269.37798811957214,-7.777877422071469,12.578878,4.465519
269.65084300380056,-7.58858318737205,10.898008,0.88480186
269.9882407376179,-7.717657378274342,12.87592,5.073967
268.07074756727235,-7.9294741126100865,12.696398,1.4826727
268.2440771394972,-7.920656043371926,7.64064,0.7928276
268.39470534214263,-7.8820710982210755,12.376026,1.3942509
268.1676924818213,-7.751585284758069,12.917837,2.2569332
268.23370431183764,-7.515743182184286,12.085896,1.3248262
268.52025502783306,-7.373591909714708,12.787883,3.2759266
269.40681041530104,-7.562798828070145,12.880272,3.8807049
269.17577977826335,-7.525532883157155,12.93678,2.6820192
269.0578789978205,-7.47339162168293,12.636072,4.7974644
269.49828384298416,-7.263123374001886,12.965591,3.8606415
269.49294536228376,-7.115382246656565,12.339554,2.1495657
269.1462751793573,-7.224136877079312,12.930766,4.6363688
269.1652163497907,-7.147551653279574,12.637357,2.7960482
269.14067568555987,-7.102969846401323,12.492606,1.429821
268.75193673832877,-7.0583475797989355,12.43964,2.2306519
269.0884624482265,-7.040510627303354,10.246888,0.77684116
268.0681626825714,-7.558838689578022,9.480262,1.4557848
267.75136526296353,-7.599813804183549,12.932234,1.403471
268.35371973223647,-7.203787315899056,12.8684025,3.1792164
267.9999274589641,-7.105934313329234,12.139828,3.6188412
268.59303524757803,-6.986441341153949,12.378912,1.5055981
268.44728893510336,-7.003714105398423,11.810932,2.3587599
268.33392463706286,-6.851400813058269,11.493333,3.158821
268.5717795836105,-6.828240504197488,9.358051,1.9647636
268.15223503161565,-6.54595548724209,11.726969,1.0005217
267.97744043026967,-6.509280288308568,12.95326,1.8876009
268.619875163201,-6.304915514490117,12.727115,2.7136106
268.37603129198084,-6.364965274376383,12.409916,3.383463
268.7354432910874,-6.140224658775729,12.997524,2.3850422
269.87485334347934,-6.8604038120627875,12.218459,2.88134
269.5576573576005,-6.670309608864265,12.535974,2.0011358
269.88997170833727,-6.578286626925859,12.918463,1.2861929
269.488596930842,-6.501086454744591,12.971644,1.3649311
269.44036558313974,-6.226207481717914,12.206415,2.3852682
269.1362332149825,-6.2390956081862665,12.492367,2.080101
269.33604070927066,-6.054681851718302,12.435266,3.04908
269.7081904385777,-6.185503356070866,10.358698,0.98373413
269.8449707325011,-6.110818053768803,6.380811,2.7283177
269.7748675509598,-6.076307826700255,12.283281,2.4612608
269.72973317699666,-5.7965487311058554,12.7754545,3.5146036
268.7986978093597,-5.908991348326191,12.69524,1.571743
268.7255085678003,-5.931050917241078,12.647019,2.2017536
269.3600652049059,-5.476491242055846,12.050172,1.5446768
269.95082867821776,-5.887666480324583,12.207229,1.2989473
269.71893189179445,-5.5007009557273765,12.168396,3.3982973
269.7699105227989,-5.04862175453106,7.277903,0.7417984
269.82401682948137,-4.981694301672041,10.582403,3.015253
267.3940260013656,-6.927634220343306,10.742341,0.9036379
267.09653718626726,-6.815286163791269,12.681054,1.2537832
267.51169972507137,-6.837120060624503,12.592139,1.2417812
267.57663271851203,-6.836162299982428,12.365132,2.5922766
267.68328464015184,-6.560721514681247,12.515321,1.8694572
267.41731975362114,-6.276186841195521,11.680451,0.9622812
267.96103233956774,-6.140559403707322,12.314813,1.0266352
267.92815675636007,-6.096519424823024,12.596375,1.3242397
268.44020909581354,-5.864715845976879,11.851454,2.124545
268.01405016905426,-6.032400527471981,10.77892,1.3110065
268.0679696176268,-6.0011827268891915,12.709643,1.946537
267.39072591045095,-6.102608542282543,11.958056,2.5436134
267.3811940387275,-6.097824320244476,12.228677,2.6208792
267.9052705673412,-5.924444573608613,12.454227,1.449089
268.1136256223413,-5.727690509854481,9.640618,0.8736553
266.577854077274,-6.468825415079297,12.438343,2.5276403
265.98788081450596,-5.968829653070275,11.36375,1.0892439
266.4224356646045,-5.872288113044658,10.330482,1.9244003
266.73999807740773,-5.690492768303458,10.897382,0.8925533
266.3707545645694,-5.627891991710032,11.646851,2.1383467
266.5992581721246,-5.485414660343269,12.997942,2.0987577
267.4788429584365,-5.39991985808974,12.03883,1.2319021
267.6620235280005,-5.2314081067582645,12.33782,1.403265
266.9538733339069,-5.485819212064808,12.109138,2.1161556
267.07464383805325,-5.23533917514662,9.942278,4.9992704
267.374452102522,-5.075135230441808,11.660012,1.1148682
268.530369177454,-5.896864032627098,12.418519,2.234459
268.86652926377064,-5.4251586333882,10.337207,0.94339466
268.54734315866847,-5.2496772622675,12.681506,2.445979
268.43515254283005,-5.169467744407358,11.853531,1.3492832
268.3637859153673,-5.088068767644508,12.347134,2.203372
269.13884679296615,-4.953448916275428,11.858865,2.3125648
269.42458268952385,-4.936086954342992,12.832173,2.25379
269.82025313773585,-4.713177754500581,11.923592,1.2473669
269.3975138522444,-4.824637456699519,12.751585,2.7071877
269.18390144548863,-4.765025135381707,10.985432,1.0305204
269.30204329112485,-4.7142035875387185,12.940419,2.2261724
269.40834557497266,-4.549021367929168,12.726335,2.6938381
267.923767458375,-5.328795809393961,12.878801,2.534854
267.9717868712759,-5.288452086900655,12.043309,3.3056803
267.6626645928155,-5.134262922415577,12.652447,2.2311058
268.13813171646814,-4.967342583890428,12.4400425,1.3877268
268.25959382324794,-4.913860716737971,10.634409,2.4067192
268.44663499335644,-4.898538489152853,11.678089,1.1264362
268.34098527573155,-4.662009623559212,9.284553,2.046607
268.6182712487031,-4.319059287592224,12.040591,1.9475727
268.8583734987284,-4.334108626365055,12.711033,2.4017916
267.9883807875587,-4.232850823353672,12.411956,2.1350832
268.7110547928358,-3.7047718438316486,11.635439,1.668786
265.8440216284322,-5.749384247162778,11.471412,0.9858217
265.8687226229373,-5.6822634600612565,11.733198,2.8951588
266.1083988874531,-5.29305212749972,12.249288,1.641757
266.60806471446364,-5.161886635554494,12.80073,1.3463926
266.44306467071976,-5.057807676097042,10.087904,1.2402506
267.0091721625494,-4.768724267737928,12.276495,4.024068
266.2955293090899,-4.668333047812319,12.359557,2.1825829
266.65119028007814,-4.509726620865046,12.512398,2.3652296
266.7671186586812,-4.481712312227408,12.070095,2.2014532
266.3840308856095,-4.540202553312139,12.765597,2.4596825
264.8748900637716,-5.0633697934481185,10.020582,0.8130331
264.94703096547397,-4.968043357176092,7.651448,0.6429739
265.6313414878081,-4.770400308744687,12.6538315,2.5311098
264.74561412561417,-4.960871484162632,10.372373,3.308527
264.83942886484334,-4.9567314615320885,12.22414,2.3187685
266.01489458121637,-4.5594827934125055,9.664782,0.63446045
265.67557620969967,-4.561738669920038,12.694512,2.40372
266.06588442141026,-4.03201446139956,11.107789,0.9163332
265.5916102696439,-3.9793350145255157,11.165712,1.093399
265.8659530116644,-3.6630429039328245,11.957863,2.049386
267.4121004179434,-4.492683855842542,12.334381,1.5584517
267.2364518033137,-4.505114730044404,11.168872,2.3200731
267.09497036121786,-4.343108991362831,12.953492,3.143571
267.8693231385742,-4.178284285323586,10.231841,0.8967142
267.4016657451495,-4.125961335452119,12.34835,2.3740492
266.81747809395813,-4.224440603021853,12.951233,2.1897564
267.01139656663855,-4.101995301659806,12.659598,1.1956797
267.3957280938543,-3.8554733806810506,12.947316,2.5033875
267.8016507247211,-3.7975916696753433,12.822259,2.5176182
268.2839970544664,-3.7372051554991264,9.828977,0.8075237
268.1606187872919,-3.5907567887560647,10.744773,3.1871605
268.2024594201255,-3.5574419890355626,12.189799,1.8227968
267.7425777343196,-3.5330232714253964,9.299678,2.227234
268.1298149054901,-3.36414779251256,9.796723,0.8158674
266.5763808329469,-3.9731736555662165,11.795716,1.2601452
266.3044410181735,-3.9847650996012827,12.722376,2.5715647
266.9991148829393,-3.5035625480092634,11.521716,2.0230045
266.16967798974963,-3.7702654027048914,11.507908,2.2549543
265.9995383589936,-3.617387055919806,12.926957,0.88517094
266.05496191975465,-3.4420217143246123,12.282094,1.977253
266.68727024013776,-3.2722560392990827,10.85547,2.0099382
266.2497573298966,-3.350564893953874,11.576948,1.8812027
266.318888402731,-3.2282029758143054,12.997321,2.2030964
266.95184465990184,-3.300258722831291,12.415387,2.4599333
267.5036243279663,-3.0456066977697187,12.673188,1.9175816
269.92892713393655,-4.670440086828045,11.2000065,3.4480114
269.920889216824,-4.62961040650835,12.276693,1.1317892
269.8125710397272,-4.464886771759263,12.478641,2.3838902
269.55772008629475,-3.8531849707431363,12.059786,2.7992163
269.35238433064086,-3.771900495318553,12.151318,2.9814053
269.7536202187972,-3.4587704250514815,12.050704,1.0138359
268.80355326664784,-3.516652182488885,11.664052,1.4637156
268.9737222357468,-3.3428848602166257,11.938266,2.6519022
269.49056005047254,-3.252762610517191,12.298417,1.0246611
269.7487604177749,-3.1552062545119175,12.798092,2.2830229
268.433349515909,-3.2028393699420525,11.992333,1.3123989
268.8714944505126,-3.0954693503492114,11.219433,2.4610329
268.22003176008934,-3.0811439587210114,10.173107,0.9069309
268.19871239682226,-3.0164891328007397,12.659544,1.6905117
268.629436806214,-2.776040711759234,11.9481125,0.98201466
268.6129732276123,-2.6497293575512515,12.341423,3.4259768
268.65276522215373,-2.5437478392586397,12.747659,1.7998238
269.37625640035964,-2.7644493685689175,12.594145,1.4698563
269.3466038421385,-2.730510752247611,12.085884,3.61162
269.1186880700281,-2.8097479265376535,8.044207,0.39527416
269.85515670798605,-2.3657758455884235,11.162445,0.90577507
269.42849230381375,-2.3495592844167934,12.489015,2.7697296
268.9510471771842,-2.597386735468002,11.181488,1.3431244
269.02048474167157,-2.458956524172328,12.93039,2.1603289
268.78798641221135,-2.4753791673581973,11.860291,2.125739
268.9278651848351,-2.211892219905865,12.962271,1.9301844
269.2920952360503,-2.0369583427306375,10.585234,1.0600891
268.4517063206467,-2.497927602694799,12.448518,2.2434893
268.36976523088987,-2.378430759508841,12.786221,1.2789764
268.30357621328307,-2.3722519426120643,11.260398,4.071087
267.4701678763569,-2.481967321610049,11.377846,1.0412922
267.4616834904819,-2.4544800065746264,10.23038,1.7685032
267.49303482197166,-2.4195611247980033,12.147767,1.3250837
267.8664932469367,-2.3078933281710685,9.65153,1.6980991
267.83331898612954,-2.262820580286335,12.337162,2.4411163
268.48020953779877,-2.2718114414238806,10.315404,0.8219347
268.7933332595716,-2.2022468063586285,11.826305,1.0934772
268.3503910227475,-2.1192817939917714,11.371001,1.9806089
268.7233913154757,-1.9243096622232039,12.888973,1.307518
269.0049695151964,-1.9669551845105184,12.517349,3.4258318
268.93399320759244,-1.5563837660683792,12.70523,1.1323175
268.44011391236074,-1.6831539455213558,12.905022,1.1818438
268.37663167337195,-1.580796722472231,12.305974,1.737237
268.50020719435724,-1.5510716479563913,12.699876,1.6989994
269.8752220211825,-2.2695441242387373,12.486844,2.572873
269.40813290419476,-1.6284679912792728,11.949038,2.533021
269.01483637179604,-1.5164793498991989,11.125462,1.7226944
269.92313086248004,-1.199890602726411,12.276516,2.0759535
265.3404721543702,-9.19187762795287,12.751683,1.8767338
265.6445463204043,-9.078370481288008,12.298264,2.291891
267.393053624994,-9.335570862255134,12.588726,1.9070101
267.3835292709094,-9.192783328144321,11.484318,2.0662289
267.0471719957287,-9.270907027568626,12.889415,2.0479355
266.8450543264479,-8.704963297434961,12.109268,2.8476648
267.3310873048927,-8.77503026904049,12.905217,2.3613348
268.1514604911408,-8.727498805235257,11.613086,1.2309961
268.31198587998114,-8.47847821606472,12.698429,6.247202
268.16124762840263,-8.419926649476126,11.774823,2.1102333
267.68545738774907,-8.232975675467777,12.350494,2.2000313
267.4196949033823,-8.231822605168487,12.678977,2.0234432
266.62336600418456,-8.83677553749876,12.613944,2.1418839
266.5664171849401,-8.792219134716769,12.138889,1.8720999
266.61817243592554,-8.57397072288812,12.718964,2.374485
266.47623717213423,-8.516248918736531,11.958238,4.171851
266.1626478936287,-8.321561488859405,12.353576,2.1186142
266.4828078404569,-7.8855996329765965,12.02923,2.0424328
266.43918329704667,-7.826013920138371,11.700697,0.85625553
267.1829374783055,-8.294448935446432,12.015779,2.6189566
267.25766211966936,-8.060621857996553,12.925662,1.4123402
267.73932318989,-7.7709684114384805,12.849425,2.143405
266.75591503038333,-7.99701327512574,11.075486,0.98080826
267.1110625036705,-7.815287695090096,12.581136,2.3515701
267.2123907419156,-7.370753654244831,11.255259,3.2765007
267.20141699877803,-7.265576158524217,12.046687,0.85676765
267.1176036784796,-7.269845507883462,12.369401,1.537056
261.6167646896306,-11.783048975153799,12.807762,4.0204554
261.37875195413994,-11.676009029166421,12.904686,2.1366186
261.64494289756493,-11.53359031842347,9.445506,2.8886557
261.9160599221124,-11.557448758421213,12.7378235,1.2640743
261.9397593664191,-11.524834267603698,11.962991,2.9397545
261.98186023338786,-11.475992882657991,12.980978,2.2925577
262.0035744019175,-11.333649243523986,12.693007,4.4951982
261.30164904926903,-11.534210401621836,12.880826,1.1929903
261.40389921840705,-11.49712628298177,12.595006,1.8345385
261.08047713254643,-11.29340350216653,11.497903,2.1022463
261.5817221129497,-10.868248607174213,12.550716,1.601676
262.1562627423219,-11.248298605556618,12.574221,2.2836552
262.1281398054258,-11.207549560150692,11.023041,0.5840645
262.05094913900155,-11.032561010376694,10.3758545,0.8128338
262.2307168436229,-11.078036600494944,11.927544,2.032795
262.6589633267914,-10.880762506323354,12.898274,1.7726059
262.5656825176451,-10.772500194693086,12.982358,2.1343613
262.47535088953225,-10.684408920448085,12.987899,2.3853445
262.42189549400837,-10.46380591377821,10.971011,2.0298786
262.00563841481113,-10.574656334847221,12.305993,1.3837786
260.8597714176503,-11.343040644464251,12.639218,1.6252928
260.83097849372126,-11.226394671605393,10.848487,1.7363176
260.95530591999017,-11.133279573640388,12.704238,1.9598055
261.34525565870126,-10.97410238633624,9.63433,1.9751272
261.12809462242626,-10.902893926369986,11.752801,4.9234743
260.7336509571572,-10.6162062692261,9.475747,2.2367706
260.8598690811913,-10.637998571985666,12.811148,2.237794
260.8259312579364,-10.53405418217939,12.482306,0.6959677
260.80576237015885,-10.25881079273246,12.374849,3.3918638
261.89385698223026,-10.239259301713034,12.836916,1.331872
261.4405005105454,-10.118577682421511,12.948785,1.4728584
261.1420524303626,-9.997489081947965,11.323904,1.8948336
261.27283252222577,-9.991319214645483,12.327585,1.8783875
261.7277927892779,-9.968344143325007,12.807733,2.0119143
261.5415456856782,-9.833441571052708,12.381343,2.009059
263.0330904527337,-10.56685694809334,12.757607,2.678667
263.41400705555657,-10.206929978569853,12.961082,1.4343548
263.3469226447672,-10.005392607121774,12.462718,2.4430723
262.7269681644849,-10.194949112454823,12.828389,2.0152493
263.0660947801222,-10.07112653540114,12.845466,1.4762144
262.85858857549647,-9.870459004103669,12.839737,1.6582413
263.6937538011947,-9.690757926602945,12.6807995,2.0373201
263.4577196217083,-9.709927510247367,10.697162,3.3483
263.231241712021,-9.5447646470005,11.330489,2.0172405
263.617567381646,-9.511659563319316,12.984212,2.1386833
263.95949752591804,-9.239166386262607,12.984024,1.4566383
263.6115316698331,-9.296033137443624,12.682616,1.9940119
262.18550966683176,-10.069558190005418,11.825768,2.091591
263.1497346057783,-9.32822441045275,12.486691,3.826336
262.88807318377707,-9.358531933254023,11.832841,2.1225204
262.79792623832253,-9.159764900955153,11.635557,2.270669
263.1740899391534,-8.861746638894164,12.825393,2.628727
260.3594610154724,-10.276715330231875,12.44066,1.599657
260.05637350318074,-10.192946254516512,11.449096,1.3006067
259.48748040054994,-10.212453697944275,12.313952,1.4066448
260.2100610175201,-9.850755338346804,12.728912,1.9353867
260.90822670047055,-9.821307584034582,12.825655,1.8527689
260.4877503858923,-9.853387967323323,11.686161,2.37356
260.6448975205853,-9.557548202266569,11.41814,2.3186607
260.97611248360596,-9.212043584765535,10.20859,2.0820246
259.7177991102466,-9.411039875383734,8.555954,4.1795087
258.88652536597175,-9.684200580747298,12.09805,1.3104753
260.2103438321373,-9.50354642348255,11.316557,1.1316748
260.5996367941274,-9.141142458946335,12.180393,1.3574352
259.80699001666073,-9.111801251888053,10.58055,0.8053808
260.33004149094097,-8.697948430081262,12.301864,1.9939499
260.1834481085691,-8.707809755189825,12.649679,1.240366
260.2581210661385,-8.659257223462115,10.429835,1.8243961
261.4494020836523,-9.384589513646416,12.8239975,2.320881
261.5670802296341,-9.127799034977949,12.9612875,2.149104
261.13695463326087,-8.832493164963347,11.879404,1.1558304
261.07585598578606,-8.823411153683704,12.956374,3.7582836
261.94825651931103,-8.662694643824159,12.992488,2.4500675
262.8482172163764,-8.315215057978765,12.959555,2.5736113
261.908888530808,-8.121132331292205,12.096964,2.5759811
262.004531717868,-8.160386974771143,12.8832855,2.4588633
261.22393825162095,-8.559599139606494,11.464782,2.5406618
261.14741330521565,-8.28224854986951,11.245068,4.106555
260.4681140483235,-8.593234847684627,11.622724,2.0932512
260.5862950890294,-8.234091358854856,11.925586,2.1328897
260.6852509136213,-8.161696280686062,10.975164,1.3531456
261.57290091045934,-8.321803159388166,12.447401,1.50243
262.0527149207107,-7.923453783880046,12.546913,2.1504574
264.6942657284216,-9.208687539029668,12.958614,2.1575365
264.59177557225007,-9.157267713832784,12.782902,2.4588394
264.9309195690137,-8.917013375253587,11.911157,1.538331
264.4186518556974,-8.778680116525313,12.414656,2.0499268
265.38390971505453,-8.617679227488992,12.377708,1.3664465
264.7908420250928,-8.443543465418665,12.392571,2.8913498
264.8964829184098,-8.260540836680748,10.069167,3.0011616
264.0365705343566,-8.569306401419567,12.051295,2.1249533
263.5883284190628,-7.910247821796167,12.692314,1.4859352
264.35214802649205,-8.246183030335658,11.825768,1.974864
263.9427722029625,-7.92673535693686,12.468703,2.8205748
264.2362439601283,-7.83239183879305,12.677033,2.4352646
263.83403168219115,-7.88603139486301,11.542303,1.8570242
264.29819660721995,-7.672038522765749,12.63441,2.0262156
264.27062543493116,-7.396716185642993,12.539141,1.4861069
266.1201906946857,-7.707432018159784,11.481477,1.4872599
266.218373310998,-7.5712213039498675,11.341395,1.0423145
265.4409083802279,-7.89310412394952,10.858072,0.98625183
265.1692548585195,-7.782076436587233,12.65547,2.6883469
265.43841146599567,-7.553603365476464,12.760015,2.7863827
265.94806537041705,-7.571452987766358,12.713204,1.4291716
266.3082165718065,-7.421008726628961,12.04232,2.0985794
266.4780660946374,-7.225401986040346,9.984471,2.0519924
266.92157198718127,-7.283912847671895,10.735264,0.8044548
267.01932154621977,-7.0901772201924675,12.492461,1.2445688
266.8428373330426,-7.065337405565812,12.927924,2.565711
266.1438039980937,-7.19670030735198,12.3905115,1.4893322
266.0316142367177,-6.968335186913753,12.81629,3.4135294
266.5798333588342,-6.967574678446214,12.926744,3.3977795
266.3969964891315,-6.7973180646512485,12.855522,4.073848
265.0639769628233,-7.630324396850413,12.573156,2.2808752
265.5663226090889,-7.219417463484579,12.670127,2.369646
265.44062686818074,-7.126382251984756,12.420615,1.3628902
265.8763196887254,-6.715717397135401,10.131792,0.99010086
266.1578122096294,-6.605632156598181,12.881136,1.5913095
266.00672219593747,-6.489383821015325,12.274569,2.0312128
266.03741742395977,-6.491730714858807,12.427901,2.6057796
262.5891273267616,-7.900216177190425,12.96302,1.7068014
262.82633547310013,-7.315789641314417,12.980897,2.8503084
263.48425055812726,-7.527859501286626,12.264088,2.0382328
263.40231774426314,-7.5172526843117105,12.679249,1.4279375
263.60779452800136,-7.065508433634289,12.763611,2.1640215
263.6946481607731,-6.903308364480113,10.534884,1.9670935
262.0755308063266,-7.511226687878378,12.517432,1.4692898
262.1748272243261,-7.081492856741428,12.927497,1.5979719
262.10009965471284,-6.9512667522620095,12.751452,1.6435337
263.2112315880031,-6.882654726932895,11.159407,2.6280098
263.1651033803473,-6.793373849714116,12.655697,1.4428349
263.14150464905936,-6.728098774127181,12.677764,2.509431
262.93375553080125,-6.757842848067619,11.9699545,2.037961
263.46792268835577,-6.71594976662448,12.561083,2.574895
263.2051013934042,-6.679954496123826,10.747434,1.2471132
263.09097195783886,-6.489649783288505,12.082194,1.9913149
262.4632227024359,-6.467989929822958,12.156301,1.3427925
262.58392158147774,-6.437215338314709,12.760224,1.3852501
263.0832133854639,-6.450083755939931,12.854774,1.162797
263.060861007059,-6.206053164688443,12.332689,1.8169527
262.8898753978763,-6.16866874545291,11.741955,1.272048
262.8731039077802,-6.104571824586784,12.344468,1.2638521
264.884967364639,-6.677099606802651,11.912217,1.5603304
264.8734874026121,-6.587297264639412,12.759294,2.0655031
264.00711111999493,-6.534646276188087,12.294934,2.259758
264.93891638880143,-6.285455253094931,11.732049,2.6774216
265.56943354714883,-5.910413924287299,12.3061075,1.39674
265.2880800923425,-6.0059843788849125,8.6656275,0.32797718
265.0071280481945,-5.9254287276276685,12.702871,2.5059814
263.8629728305913,-6.345619952814241,10.996451,3.7469587
263.7669121868209,-6.256928000450285,12.087449,1.8435965
263.5094719928228,-6.3452084254846035,10.364817,2.8753004
263.5848008736195,-6.074428544029951,12.995815,2.3020124
263.87526514828755,-5.931561534981122,7.9922447,0.6776047
263.78043861535156,-5.8008908567658946,12.9326725,1.3802958
264.22265468937826,-5.8439671565688425,11.6110115,2.994111
264.4942119717894,-5.58484702905691,10.861282,0.9512167
264.7776904398464,-5.382218565726753,10.987555,2.0298357
264.5870703708434,-5.377655353769593,12.8031225,2.4262934
264.03986277389845,-5.593546019756946,11.048682,1.5994301
269.70591055237844,-8.728143138764425,11.443764,1.18785
269.92296220896105,-8.605100742643293,11.531193,2.3957071
269.2403152851479,-8.890183770002116,11.297979,2.4802284
269.58658933336795,-8.56923420431596,11.348238,3.6714048
269.8978704523549,-8.336625980741134,10.500852,0.89560795
269.22237370861643,-8.016204462396173,12.067341,3.9855013
269.7588791143001,-8.120228593114021,12.512455,2.767847
268.39579723744913,-8.173002256579673,12.594389,2.9462833
268.3990695816242,-8.109476330692088,12.968103,2.2694616
269.1635521371584,-7.703766723705207,12.194022,2.7138443
268.4084076060061,-7.780845015665219,12.996444,2.8033476
268.02278485208114,-7.695640997187714,12.929318,1.4334097
268.21224698030704,-7.729902615635622,12.307649,1.5130024
268.3983001640246,-7.522069812027228,12.405189,1.276434
268.39544595303823,-7.3917951747840736,11.307892,2.8093529
268.70536451383407,-7.365801036606175,11.932011,0.94068336
268.68405210662297,-7.304002364588004,12.709659,1.16786
269.570169689216,-7.214684591173501,12.135963,2.3264608
269.47017106658933,-7.091048279241627,12.449067,2.4000683
268.94819761607494,-7.395420437137906,11.758708,2.582141
268.7878730260294,-7.2644539199067815,12.125314,2.0244179
268.9273450295099,-7.152714584793848,10.810038,3.3458061
268.9870491565291,-7.135496821207586,12.968811,1.3975534
268.8355550058248,-7.054974015329386,12.229905,3.0483694
269.1665537124492,-6.909728066527593,12.991513,2.484744
268.0746870274003,-7.601098197046861,12.503863,2.1465588
264.62815245793524,-5.233074951921553,11.549926,2.915945
264.62307576865817,-5.1571039170304465,12.082536,1.533431
264.5196846846767,-4.963763993185981,11.980206,1.9846087
269.8787289380342,-9.440959562201584,12.976842,4.0062237
269.8079568093904,-9.137191629773499,12.8839855,2.360732
269.7265771826765,-8.940537915258162,9.034362,0.7044382
269.5193055711737,-8.94292274587899,12.381558,6.017047
269.4954827118675,-8.726244518026002,12.98944,2.0287647
269.62641714545447,-8.70082350015588,12.962129,2.8726377
269.5706368118201,-8.65525607662831,12.635043,1.3731728
269.2714272678251,-8.407843022452395,12.674331,2.7703772
269.6102995459597,-8.622615853490688,12.83646,1.923748
269.85552604111456,-8.330134383379347,9.632535,0.9492216
269.2311488631052,-8.148251861564042,12.943486,3.0495424
269.03908148323023,-8.125696039499228,12.822009,3.533908
269.99924985906006,-8.25397292329149,12.888465,1.7578373
269.86416994313754,-8.235924784642727,12.195666,2.8677769
269.47434097174335,-7.728432780212084,12.553786,1.524231
269.6108438920912,-7.724286095171234,9.436053,3.305725
268.4216185622822,-8.226634029777223,12.228026,2.2602644
268.49139308789717,-8.146700737864366,12.605466,3.249774
268.62505089146896,-8.002020599412763,11.878701,1.209938
268.6355347605912,-7.836343274781265,12.68221,2.6214218
268.6264392905757,-7.5513829960062715,11.863527,1.9994183
268.43408597401907,-7.585738200078754,12.968707,3.4392996
268.5245043002751,-7.391015494691647,12.838796,4.1816473
269.73516073055765,-7.367293131807368,12.734587,2.6219568
269.40113204435255,-7.128233954513509,11.129267,1.2601652
269.16119254307773,-7.284428562522363,12.961178,1.3465185
269.0641481953368,-7.113933249538414,11.804848,0.9567747
269.1228316029151,-7.039585318129379,11.999412,1.2870741
269.4102245686367,-6.989940417820327,12.415178,3.072794
269.47847783053595,-7.024025526390531,12.596831,2.228178
269.38834912494355,-6.860807164356476,12.827107,0.9488945
269.21703632545547,-6.7723450670765,12.964293,4.1643944
268.22786882084796,-7.366038361395596,12.817329,2.9093628
268.30979148174976,-7.377035175875488,12.491553,3.2638206
268.2312231012043,-7.268671341749886,12.569299,2.0409403
268.46670591698677,-7.144877863542232,10.976889,0.99518585
267.48793107331807,-7.072901510522084,12.9725685,1.9870358
267.53156856084115,-6.957374561260565,12.5919485,2.0135431
267.6023322463495,-6.835209156134743,10.42004,1.9494076
267.932216322874,-6.764390849661905,12.246524,3.3149137
268.85906050153693,-6.698414159168494,10.197601,0.9058218
268.9512630496032,-6.638831132466235,12.276717,2.6133614
269.18124836774183,-6.486193625100366,12.998447,1.3426428
268.9018819211344,-6.368453391554217,10.3157835,2.01546
268.71507371604963,-6.10807763244733,10.688539,1.8896294
269.95028782921634,-7.019047203571599,10.948591,3.1538963
269.86312460331277,-6.871436981821738,11.941389,2.278452
269.70978373714973,-6.6018102149769025,12.9867325,2.2588472
269.61861837173103,-6.44241412666368,10.877283,2.0397186
269.6472165392083,-6.356326523327045,12.261805,2.2080889
269.6259721873208,-6.3485646081834055,9.929645,2.0830107
269.210487336803,-6.431802643539353,10.050343,5.623369
269.1893373544008,-6.199098841585223,12.60203,2.2329168
269.2270335682811,-6.076230830384649,12.992711,1.4514427
269.6688119556254,-6.062236165425837,12.496156,1.6989698
269.07519927410067,-6.138872207812983,12.918757,2.710246
269.1078667545085,-5.944041170284582,12.127196,1.0712032
268.7921718022296,-5.995347650521919,12.098895,1.3983669
269.30632070223993,-5.413382418639991,12.801115,2.1598825
269.96661948654287,-5.8219398771573365,10.164398,0.8639736
269.84586150089353,-5.799438193553653,10.350081,1.4241123
269.5154047251487,-5.430058913000894,12.427816,1.5349998
267.1032262722699,-6.862157541089485,12.445879,2.2637968
267.145352215294,-6.719493968573881,11.709007,1.9674339
267.74401819845275,-6.460061964839413,11.114301,2.9258375
267.26795239080616,-6.619449993412793,12.965803,2.3794527
266.59376451230395,-6.5871106931324945,12.912238,2.480317
267.1847526479194,-6.0530626761545205,12.317473,2.2514753
268.10797574301455,-5.923448895883273,12.401333,2.6937094
268.12960901144663,-5.821468803559283,12.931334,2.2811365
267.4765796008948,-6.210362400190273,12.545466,2.5962582
267.71575810966584,-5.940506597882702,12.9167595,2.2187147
268.14744757573425,-5.67376700421702,12.809863,1.3933392
268.0595150997039,-5.612998990831812,12.947305,2.4862251
267.6119765770356,-5.668667908637673,12.824706,2.5813246
266.4958455570665,-6.448442171407288,12.32575,1.6411295
266.721713010496,-6.1450398617541975,12.981725,2.830946
266.7456671426208,-5.992375181909764,10.836972,1.0453901
266.208198097855,-6.166585880682468,12.488817,3.6258268
266.44765161991376,-5.762733342802362,12.069156,3.902588
266.4958857034963,-5.742918693410337,12.358506,1.3470907
266.6853315463326,-5.696842996532089,10.535219,0.96415806
266.5737525414367,-5.665061355823828,10.15368,3.292653
266.6114453560688,-5.52551593375216,12.774669,1.3972406
267.7556415607314,-5.314131304657315,11.64986,3.0285282
267.10498533045563,-5.436501893254441,10.857919,0.9131594
268.6692200301418,-5.622879322747145,10.549318,0.893734
268.3927306054491,-5.6725615418964095,10.673488,0.9124508
269.1509324783504,-5.33053186697774,11.390563,5.7073154
268.7815894544378,-5.483041195426827,12.369721,4.786846
268.9247880785852,-5.312215271574581,12.722279,3.7734604
268.2643870030657,-5.582162064530178,12.210261,2.6958113
268.20507166173087,-5.212996356965088,12.869374,4.1656713
268.2934197864745,-5.16551779321249,12.654999,4.2477217
268.7152264000572,-5.070674642110087,9.738884,1.1120634
269.4091548222587,-5.238377883657715,12.746155,1.2097054
269.33319004897794,-5.039519048410925,12.914375,1.9987869
269.81946086185843,-4.884126695936718,12.43826,1.5314903
269.9031586327353,-4.821519430823486,5.2098575,1.8148117
268.1330763327694,-5.03918949095879,12.545428,2.0281792
267.63359265070085,-5.1480586491418565,12.40536,2.221959
268.29343922823927,-4.622780839271194,12.804472,2.512909
268.1263835412442,-4.6500998194497125,12.993251,3.1665344
267.31447510998663,-4.7537526155322345,10.864453,1.083538
267.5061706817436,-4.6058368199677036,12.938495,2.338192
267.50763721056603,-4.569019661583318,11.795687,5.324973
268.7136129993302,-4.61776503404761,12.814683,2.394269
268.49223072346837,-4.6817071601835005,12.3042555,2.3765917
268.6794988209404,-4.557391244609053,12.106968,2.9537916
268.4525551371064,-4.370474134590477,11.740471,3.5125523
268.56657690406996,-4.211951030426907,6.825234,2.3010225
268.0716522972237,-4.08463326660219,12.948481,1.5527592
268.28721249695064,-3.894342092425515,12.826628,1.5474014
268.57430359951326,-3.7521588727512527,12.874393,2.9123898
265.75254904928397,-5.933456743844099,12.3654,1.248167
266.20263513973134,-5.240342688386442,12.887738,1.3970814
265.3587183633052,-5.61347391630946,10.953481,1.1635275
265.6003269897413,-5.51777077419507,12.471914,1.9734554
265.1220635864003,-5.38885512456399,12.97007,2.1725016
265.19367834585404,-5.343835665277244,10.22742,1.106678
265.6221791121589,-4.956368588567461,12.767272,2.4185295
266.5034070996862,-4.86499470975738,12.388564,1.1794977
266.22985735259806,-4.950885097414284,9.691809,0.8875656
266.0891527633562,-4.63546069625538,12.132531,6.43882
266.33321979945816,-4.353938101857074,9.952406,0.70600986
265.2028539983187,-5.230166331665495,12.747548,2.243925
265.3369568977752,-4.867057428553497,11.607046,2.5707064
265.6466975420025,-4.849796757511792,5.4244347,2.5976338
265.42019538450984,-4.52304533056081,11.357593,0.9703474
265.00505919323035,-4.73683724571098,11.907477,2.2138958
264.77560893713843,-4.785374148884984,12.326718,5.8001556
264.5626541028217,-4.622760534721955,12.289231,2.9615526
264.82181813897705,-4.5157688182518285,12.1175995,2.086482
264.8883252731719,-4.397832015390167,12.709763,2.1452732
265.1186364696787,-4.366760195270571,11.241001,1.1149254
265.65079819400376,-4.434897136232489,12.706801,2.093359
265.7472742921507,-4.273630637111409,12.705343,2.3447933
266.3256424606547,-4.222512485010727,12.68515,2.0283136
265.84787772627703,-4.189049111171891,11.558983,1.9723263
266.18993409122294,-4.002260002410466,12.701247,2.1797762
265.2868326118523,-4.157217355920503,12.889028,2.4418793
265.8158693476643,-3.8919324234659705,8.08984,4.5898585
266.80481432735627,-4.090931261113009,10.373473,1.9566545
267.8884178226781,-3.8548409421760894,12.565082,5.2061024
268.19846140516904,-3.5638508250249257,7.0690675,1.5422497
266.37323617764986,-4.032528804782447,12.38432,3.084158
266.5161201336897,-3.7001577244873953,11.786408,1.9019785
267.0232259911051,-3.566558614550583,12.09901,1.3588667
266.607320225197,-3.6662692656909353,12.876193,1.2272816
266.81416567984843,-3.436291432704455,12.634674,2.4108667
266.5291705121899,-3.450545764818448,12.868254,1.9184847
267.19832050131475,-3.5126385873430324,12.736787,3.0332088
267.11335620000267,-3.1850924382089345,12.621473,1.7215366
267.1749001081994,-3.125360501153209,12.54571,1.2465954
267.77898719392323,-3.046510469134808,11.9689865,2.4924374
267.0689552424083,-3.054036575193475,12.315809,2.7245283
266.78451924577126,-2.9017009768546647,9.663197,3.8629303
266.86109300636036,-2.667443763143998,12.775939,1.257288
267.2269099820224,-2.6296552076140576,12.092309,2.038414
269.4292556859986,-4.193220227272861,12.909589,2.2518663
269.3595407505191,-3.810540515410631,11.885434,2.9670372
268.77363405528314,-3.5544333233976215,12.495376,1.1343088
269.90388440269777,-3.2568385265345827,12.082145,2.2081919
269.65362017276726,-3.248975296440699,10.939236,2.5371761
269.94861685129496,-2.96713265750383,12.748467,1.3872681
269.75463739040526,-3.043253967605607,12.915708,1.8218279
269.748880886688,-2.73757929364027,11.7892685,1.1242685
268.4526735401589,-2.908064997228473,12.235522,1.7205868
268.17278164687747,-2.8305531371921586,12.620846,2.0464573
268.50928941456345,-2.7307677772816183,12.480449,1.2617846
268.5220204235065,-2.6778592784850876,12.8418255,2.3491583
269.26617041432877,-2.7193961982243784,12.37135,2.187354
269.4841933992491,-2.574967241164438,12.98947,2.0011005
269.35655864177863,-2.3822356467229646,12.782856,2.833458
268.86685503677626,-2.3618414727849566,12.770758,1.7910604
268.972023724147,-2.2397060007144654,8.874001,2.1755204
269.5000017660472,-2.155858087070124,11.448784,2.4607935
269.11006679955324,-2.118858147850345,12.495577,2.325965
269.4256550352707,-1.961407563685796,12.576322,3.2327166
267.6139251296316,-2.634098051364617,12.923987,2.6076813
267.74357998054137,-2.6472329946489483,12.132188,1.1948118
268.2431105323681,-2.637450890103077,12.122309,1.2043362
268.01727139544073,-2.36254991320304,12.110826,1.8516912
267.43395286863154,-2.4611403948318578,12.916011,2.7402954
268.00684403909776,-1.9900246694887131,11.381543,0.968421
268.6145436788829,-2.206902615291416,11.250022,2.0619907
268.4583993321791,-1.8208738802138869,12.902176,1.2545147
268.07716487153726,-1.9154151886213855,12.587142,2.1647844
267.89978148537136,-1.792012283747531,12.889268,1.6420088
268.32139771714503,-1.6386395826797795,12.175509,1.8191862
268.3863969938961,-1.5389317907445077,9.695353,2.7324238
269.97814322737406,-2.339573353637625,12.108465,1.0444202
269.69994901061295,-2.054059939912991,11.769506,2.42488
269.6604283232112,-1.9912385882489343,12.920125,2.6668587
269.42192575298265,-1.8674306254615727,12.454085,1.1518993
269.4014108081209,-1.7586177925891702,10.891243,2.0126133
269.9803750310321,-1.3763575251992897,9.310451,3.7654982
269.1907588221072,-1.6747186020767377,11.841269,1.5138445
269.4549235932652,-1.516163202388073,12.573108,1.7427797
269.4572814539403,-1.4706049324874957,12.157074,2.0322113
269.8519531217901,-1.2864047013169169,12.738926,1.8444271
269.44375397065966,-1.1167946368136474,12.03134,3.312708
268.8639893316534,-1.1310274822089177,12.65209,2.0845222
268.704640492252,-1.23203940774119,10.8840065,1.4813385
268.87671112672194,-1.0624497932517314,11.847522,2.1074924
268.978053680923,-0.9961814597417465,12.706217,2.2024498
269.2155277547436,-0.7230753120499015,10.50983,0.9670868
269.97486829117065,-1.1656932079227837,8.539976,0.43959808
269.624513308721,-0.7468174386307146,12.860817,1.6242962
269.5178592466713,-0.7702293554585313,12.021313,3.5565128
268.7779590715087,-7.617777753038332,11.933252,2.6044493
268.65139741957097,-7.355072648529549,12.795971,1.2327089
269.36351270342436,-7.572836744692779,12.711395,2.774187
269.1252145330619,-7.482073411151288,12.997738,1.295681
269.18918793393516,-7.278916495638829,12.18414,2.4960003
269.2800105302813,-7.269980305990323,12.200487,2.052167
269.41981239109174,-7.248218832893158,11.658233,2.013688
269.60448179030664,-7.1732155306093315,12.4661875,3.6689587
269.38269905869817,-7.240878738025529,12.439416,5.039586
269.0584595196214,-7.237592342508119,12.982101,2.1223135
269.35470088895977,-6.665543548247509,12.379052,2.1451359
267.7955129824809,-7.4625181600060015,12.096375,2.2200308
267.70978165062655,-7.2649125456204775,11.950086,2.369379
267.6413192531164,-6.983561094694082,12.3561,0.9828682
267.5361169967105,-6.993326922642442,11.844575,1.1564283
267.84435895017043,-6.920354753377096,12.68969,1.0564127
268.67469653582856,-6.833026448698565,11.195836,3.668355
268.4039361491264,-6.8890673039338886,12.048351,2.0794373
268.2181949736559,-6.504829293759602,12.080428,1.6870842
268.48269186299336,-6.332011875706825,11.503402,3.295764
268.65882784566156,-6.134907158741419,12.722908,1.7468023
269.4836342208503,-6.590454335495089,11.015114,1.6035452
269.6537855046768,-6.505731629814467,12.995423,1.2394066
269.7269115927531,-6.471635570204043,12.8509445,1.9489841
269.4297626535634,-6.408688296506642,12.681384,2.9174461
269.5917173599571,-5.8869202437675625,12.512411,2.7730055
269.26533947437366,-5.9737073012702755,11.317787,3.041974
268.7505255188115,-6.031608786709206,12.544544,1.3968763
267.1611052294685,-7.125677792649117,12.730938,1.9403162
267.6671704019939,-6.6675842388867075,12.912612,1.912385
267.6571648252619,-6.49564047618579,10.390136,2.372468
266.93996039878783,-6.539289805188009,10.5929,2.456214
267.1722763682666,-6.1158779002834525,12.685239,2.083991
267.96499040597206,-6.4779685704512,12.7057,1.1607542
267.9613081714919,-6.40884790997399,10.791202,1.0534992
268.1182918259225,-6.381933966297221,12.296258,1.8848972
267.9727205380527,-6.324070925958223,12.975779,2.805232
267.7987954861094,-5.98821760555504,12.207223,2.1010523
267.82763823632814,-5.439973337033122,12.829178,3.3074932
266.31193552444955,-6.336621419725888,11.790745,3.402544
266.5410188754865,-6.198930590141254,12.091457,1.2352686
266.9445568390564,-6.026009299747965,12.519654,1.2927942
266.6064616247748,-5.99905484009032,12.918151,2.3367376
266.7293430230679,-5.892930644849767,12.785985,2.3535461
266.3982312707097,-5.69856724146167,12.010957,2.4484224
267.444533676513,-5.16443829987135,12.413486,5.0905876
267.036776513554,-5.274830730445931,12.894378,1.9667988
266.7472613765434,-5.4252595045321605,11.585,3.3013477
266.69794849131347,-5.23918069026741,11.658871,1.2679014
266.81450437741904,-5.107819401882169,12.738522,2.0448732
267.2236148889419,-5.128891428265151,12.416294,1.9642773
268.47516831682964,-5.671270631692839,12.9423065,2.3283815
269.08594213678685,-5.472618809554956,10.946995,1.0743179
268.8693502095612,-5.434478710286816,11.992328,2.2950106
268.7546692112567,-5.243510075037002,11.6361265,1.1282129
268.6854030372309,-5.102160873564421,12.435601,2.1362286
269.29458670770305,-5.120943041106095,12.953609,2.7395086
269.5288998427485,-4.683309632467765,12.388658,2.1405926
269.67402770523665,-4.627666760376301,11.370162,2.7161913
268.71494713918855,-4.810888535377179,11.00373,1.3425732
267.8873845443687,-4.914677782138131,11.930349,1.1779432
268.2538433155496,-4.909040437837737,12.737549,1.2696638
268.2338351864137,-4.829227284555559,12.405448,4.048355
268.03698867512696,-4.826739976335086,10.743001,3.3722477
267.58812188363044,-4.994990761980926,10.899012,1.0196552
267.3520991086103,-4.644572497592473,12.900525,4.079874
267.84827925915283,-4.667560485053779,11.627239,5.652919
268.89135231992475,-4.206277064593997,12.6347885,2.4211416
268.8100285472333,-4.122004869814405,12.047862,1.6679926
268.90939049935986,-3.944783122699008,12.386476,1.6800423
268.2592810586664,-3.9127260755487288,11.731284,2.6342373
268.7161804923324,-4.061430959809102,12.954545,2.3756962
268.4546233131608,-3.8231195871090566,11.908346,1.4304285
265.7905150930626,-5.4665884517030685,12.501482,2.0840292
266.26414175221527,-5.541419238118215,11.9266,2.263341
266.2609644067393,-5.210103921135369,11.79645,6.5206985
265.2587181199271,-5.4351539709383125,12.868768,1.6499958
265.8912163744934,-5.17908182439127,11.818555,2.5486603
266.0129172636977,-5.0340794420779185,12.121055,1.5965128
265.8947739842331,-5.048642007682725,12.594753,1.3485727
265.63752774138646,-4.911016055532934,12.676623,2.082285
266.59818379654666,-5.102558126598125,11.075562,3.1122732
266.59613648255356,-5.015354775951107,12.5044775,2.1047487
266.4962085507211,-4.879608800373592,12.625001,5.975254
266.59216001270204,-4.775545507688242,12.801261,4.738534
265.8851917224788,-4.701360531523481,11.177961,2.2812643
266.1234640683372,-4.531104345228984,11.589041,1.0588636
266.51538531108304,-4.244389729243492,12.141644,1.9593801
264.93971926341453,-4.96843174958773,8.340731,0.6384487
265.280042980528,-4.648093556204494,12.666781,2.3575401
265.1677224044751,-4.62802754565904,9.533787,1.8841648
265.2860915568395,-4.5813890255749214,12.370202,1.6283693
266.0664401544294,-4.4555783152608415,12.738441,2.572091
266.2324079471366,-4.1358182808395165,12.405256,1.8312902
266.0318329602665,-4.2141852373554105,12.104977,1.3392887
266.2876378954355,-4.019713511875749,9.934307,2.377863
265.6083621611097,-4.194057309220256,12.522539,2.3371449
265.548625282424,-4.171268881280922,12.343174,1.0907288
266.0318479294526,-3.837191185189038,12.953188,1.4041615
265.91818053031807,-3.713400977218381,11.798902,1.8616838
267.35616220396446,-4.043518689716539,12.146425,1.2028065
266.76939479475516,-4.3469406569689735,12.035675,1.55126
266.8803604664513,-4.125088629734393,12.003185,1.1436701
266.78513548318995,-4.052877656892608,11.691501,1.9014664
266.8232050598464,-3.958940386188666,11.319938,2.0685616
268.4834258883293,-3.56090470731864,12.837839,1.9615011
267.3653733325651,-3.5105636374088682,11.96416,1.1415558
267.5103762443861,-3.4211935627366814,11.94628,1.9654064
267.5860858061927,-3.3609444256599814,12.557279,2.6624508
267.6571357298455,-3.1840446138301357,10.5684805,2.3657036
266.5779213584638,-4.095552420674468,11.477151,3.2630281
266.77334816026405,-3.892508729052964,12.442835,2.5337229
266.9963930557416,-3.6359567991422046,12.734386,2.2111902
266.8038109100641,-3.588815389669683,10.62867,2.518652
266.392789805788,-3.504487444938611,8.319601,0.3371625
266.41593477152867,-3.303249738227566,11.059964,1.8550072
266.33758223750135,-3.301364168669444,12.994981,1.26231
267.23328307616964,-3.120522174285773,12.018229,1.0752344
267.0517000237372,-3.109497930304445,11.758207,1.9220562
267.6930525951351,-2.8516972317542932,12.318785,2.366211
266.5721255724147,-2.960830142526244,11.799749,3.435522
267.34017169919434,-2.7006530439305747,12.974921,2.8308249
267.18850233318557,-2.5634069761173794,12.399214,1.8429766
269.67819893650534,-4.458996130267591,10.873885,0.9310999
269.52891020420896,-4.314844528894453,12.756409,1.4486713
269.8121914501491,-3.8958013367037383,11.873101,2.4236574
269.92208463803354,-3.728515468382722,12.387386,2.7248068
269.62418684982447,-3.5268576619134815,9.664198,2.8622932
268.7238188078345,-3.661291182040477,11.690167,2.8339052
269.4407387416321,-3.3441767812968886,12.84998,2.41508
269.9266500247268,-2.6064696407407637,9.2316675,0.8932352
268.5527787710955,-3.0349891816298604,12.597138,4.611286
268.59215208066325,-2.994123407715932,9.927885,2.0432014
268.724344563009,-2.948776283155304,10.497988,1.1706066
268.98636774196603,-2.7576237556758327,12.329536,3.5283146
269.297843097359,-2.8358377987341847,11.971993,1.133398
269.11384161289453,-2.69723192587916,12.716595,2.4106674
269.15240295031816,-2.535651623978709,12.169272,1.0963802
269.2399054648476,-2.4769772139871273,11.445544,0.9994793
269.8422499247803,-2.3099868252246356,12.876926,0.9966564
268.9451674262569,-2.4014950277243217,12.837431,1.8522444
269.22166835589314,-2.3439863635604987,12.672588,1.1530457
269.0776454350739,-2.4041600125950047,12.986222,1.2993088
269.06222053156665,-2.3653690438916444,12.146683,1.7696209
269.2469317901747,-2.27195206312155,12.481057,2.0254889
269.33165770426865,-2.1583319945130848,12.787572,1.1771307
269.13122408312813,-2.1977091064623693,12.15543,2.834053
268.1548840186015,-2.6269957528841483,12.290223,2.551917
267.65022012140963,-2.743087668705599,12.2934065,1.9450788
267.9137613462666,-2.4818451324122486,12.433124,2.2542715
268.26536380349904,-2.4031352154995402,12.064565,1.8396502
268.1079047690117,-2.4110294612961467,10.750671,0.9262867
268.2674337457357,-2.3087906755536096,12.018067,4.483136
267.5858840198751,-2.536477737122354,12.671995,1.906663
267.3963442671735,-2.5355087362003492,12.736113,1.8460312
267.4852158068123,-2.4197726492070992,12.971166,1.9001999
267.4853978413741,-2.3655388880542514,12.30613,1.9550095
267.80257357369845,-2.066723974194979,12.484062,2.301856
267.6248543363894,-2.0844122573790105,12.575072,1.0934458
268.74127866877893,-2.045236940876869,12.816063,1.2162914
268.9979165864039,-1.994159735791231,12.501897,1.4325714
269.23599195953454,-1.7926599630376943,10.604781,0.832077
269.0175081043831,-1.7383204318375765,11.260069,1.7977257
268.33275301446,-1.8914017322232222,11.486167,1.7885199
268.22448635483414,-1.9022557384208252,11.481392,1.5001631
268.3855116733336,-1.8561474454467426,12.053612,1.2426682
268.09423381926945,-1.8078649618916571,11.000302,0.8841219
268.3712180899345,-1.665727063420562,12.552247,1.7028656
268.44400194701325,-1.5350895652700054,12.867682,1.2655964
268.4082912016674,-1.4294941298264816,12.657469,1.7358141
269.98195355027207,-2.1808377902693126,12.68078,1.1284151
269.7711063313527,-1.9899680775904869,12.565317,1.9427938
269.8234266111791,-1.7951386293271223,12.916923,1.8427439
269.8410730185146,-1.780219246426086,11.3813925,1.0527296
269.56144324619527,-1.8579679312818267,11.220004,1.779046
269.53584769384156,-1.7821746591965686,11.829799,3.707964
269.49445707427384,-1.6582616150294567,12.902866,1.1822567
269.7661206417381,-1.5206993848033525,12.520333,2.227316
269.74749683222956,-1.4603882716784546,12.795554,1.8184395
269.4490381874398,-1.4152630665212498,12.446692,1.3498621
269.67155336619896,-1.2942936910629252,10.402397,0.8561449
269.3805345577286,-1.178770287107681,12.800389,1.6379852
269.07529138106486,-1.1036349279593538,12.4572935,1.4044495
268.963380398512,-1.0494102391616664,12.854689,3.8697033
269.5762312846204,-0.8641551628855194,12.255573,2.2313633
269.2630346164616,-0.8280267894277497,12.845447,2.1439419
269.81811701996537,-0.9282846835764719,12.771492,2.043724
269.82255950409285,-0.8528700724026864,12.602779,1.836916
269.95565395538245,-0.764135356297493,12.541136,2.1397018
269.9055309854198,-0.6042960087624033,11.851014,1.438777
269.6227943352341,-0.3329027938104777,12.841574,1.1926041
270.1090410576118,-9.480450031788623,12.65996,1.6031532
270.47454780405997,-9.142871223664587,11.570349,2.3711433
270.37145860214974,-8.870916440555659,12.542871,3.4685154
270.2717676223458,-8.877237449037484,11.862497,4.4945946
270.344604763675,-8.80404616694846,12.344527,4.3208504
270.21636818003935,-8.741105361436981,12.239083,2.5232048
270.6394767832923,-8.674817045101785,11.252301,1.3688717
270.42777848054766,-8.68114750437612,12.932864,2.47606
271.28641116159713,-8.455705076165504,11.443621,1.387146
271.10484066260017,-8.283822440339325,12.534256,1.2407942
271.20432379414484,-8.251917815121088,12.4903145,3.2290325
270.1328973194094,-8.29748107468983,11.6237,2.898282
270.0930377224756,-8.242093555347171,12.919598,2.4835968
270.6654482171892,-7.795686332851713,10.202401,3.707076
270.2111007490642,-7.7560100438529584,12.616916,1.5476885
270.27997812821144,-7.521104995705134,12.337348,3.014615
270.067621920799,-7.287613506129385,12.491711,2.5792246
270.8520239966525,-7.769285208937049,11.910731,2.535225
270.9237706497998,-7.67460761384101,8.970149,1.7632046
272.16828195407635,-7.600394762290583,12.9822235,2.998724
271.7925210714994,-7.472177814036761,12.816988,4.5529385
272.5838268869365,-7.36813548288959,10.873207,1.186636
267.7701242835936,-6.96009922882123,11.782816,1.9191618
267.8875759783485,-6.589844447083164,12.330959,3.448556
268.55598312208053,-7.115966237607285,12.118152,1.4441223
268.4968524333967,-7.028174538205298,12.6900625,3.523862
268.3105691633196,-6.845340116750908,12.718612,2.0573816
268.78452220563634,-6.687266815645749,12.898714,2.464386
268.7067122834972,-6.144162214309857,12.926499,2.2699575
269.8809152138247,-6.890821332430429,12.9886875,2.3992224
269.03161030230575,-6.316630574051856,11.38065,2.298355
269.19335839333854,-6.14420848874514,12.266185,2.2843018
269.6053414423863,-6.037344345798974,12.871273,1.376647
268.7179893321503,-6.038562361667874,12.651311,1.1558971
268.7861576633711,-5.90817532888605,12.759344,1.3689699
268.8988669046192,-5.77605220079337,12.7688875,3.07553
269.3763984537713,-5.896648626173269,11.166393,1.6382322
269.95072382301385,-5.722395174950458,11.70034,1.3988724
269.9702966701773,-5.355940511664644,12.854844,3.147585
267.2030489607487,-7.107764650644473,12.303901,1.1417093
267.13699279199244,-7.064925725510007,11.177552,0.92798233
267.4235844994472,-6.778133187960763,12.196816,3.1805544
267.52603555541435,-6.730522987583297,12.831034,1.4443874
267.24733447275946,-6.582776871530634,10.190536,1.8624163
267.6823442473371,-6.418635585733647,12.334888,1.6709785
266.8738099952033,-6.670941071549108,11.794503,2.14439
267.9360331099443,-6.528225840951927,12.421519,1.8442535
267.90683428964303,-6.372147085115312,12.508863,5.029175
267.7014824296861,-6.25038766223648,12.848337,2.392724
268.0295472108272,-6.142893525287813,12.061357,2.2930326
267.41342826197456,-6.134485375325644,12.785057,3.5947409
267.73431305957814,-5.878312455447607,12.482331,1.4640255
267.9162091269766,-5.876467535267168,12.536478,2.6155653
266.5079433395956,-5.994355825840364,12.18319,1.6411629
266.3360535204672,-6.0144593055671,12.624137,2.4617348
266.10138595874565,-5.788608479684331,12.516581,2.3338194
266.21034181970435,-5.675182321785566,11.653039,2.9452353
267.19403170138753,-5.676221364611898,12.701512,1.2928839
267.26858272173854,-5.648251466351472,12.93797,2.7768564
266.93945467904814,-5.707929597864144,9.919519,2.36969
267.5421930752727,-5.542682496023257,11.241453,2.2865982
266.94803886483453,-5.436758859932827,12.648987,4.182908
267.33803328518405,-5.207767852228707,12.382748,1.9538641
269.1508375312133,-5.496126936351312,12.552689,4.2157
268.43762091945683,-5.364007290089557,10.171916,3.541356
269.3883967598771,-5.229023547067843,11.945134,2.1940432
269.75221290238255,-4.800236364093213,12.250427,1.9445744
269.365715791585,-4.795864366651434,10.55041,2.3256445
269.70145799831977,-4.648864686319953,12.984954,2.5734196
267.7569488667596,-4.999749250101865,12.665635,1.9798536
268.0703597547706,-4.884259611479013,12.918084,3.0928125
267.5232173217632,-4.877558796840234,11.463433,1.0586729
267.53876611996617,-4.76783930376346,12.785573,4.1569805
267.9830041626759,-4.441186434155425,12.458176,1.2918816
268.0820296995433,-4.387504873183286,11.727104,2.6599674
268.42973558212145,-4.601694080514237,11.970997,1.2512989
268.50473287297166,-4.368758405647157,12.110775,1.309907
268.94362075090504,-4.194934996659293,12.743032,3.9744787
268.2199390847213,-4.204814006178151,12.419506,1.3528223
268.38853751367225,-4.130092198823838,11.873256,3.2653885
268.2473852907924,-3.94052480117233,12.964954,2.607545
265.4232202295009,-5.543682411082849,12.317417,1.3687019
265.3924161396158,-5.376769505300663,12.333186,2.0646315
265.329588797556,-5.263175029597139,12.022531,2.595313
265.5043478940921,-5.018571094364242,11.1084795,3.7434263
265.6746936361199,-4.937354978123902,12.664216,1.3653393
266.60820029131145,-5.254677316481927,12.712033,1.3092623
266.8342838819179,-4.686295599541469,12.47437,2.8632355
266.09159314373784,-4.944459406664929,12.724361,1.5859947
265.86464395295263,-4.782758859533486,11.790568,1.8863039
266.0541224082318,-4.703249572353137,12.885685,2.0245447
266.23090605506354,-4.5280239877424435,11.948462,2.0915384
264.71332351459273,-4.903346516570092,12.140366,1.319767
265.5909521804014,-4.367089670608532,12.830995,1.5737762
265.1170263415764,-4.187494749219012,12.487259,1.9981194
265.5334336954371,-3.8984166107773293,12.565069,1.1737413
265.5050474421774,-3.897496001084552,11.0086,1.9295378
267.4188965684216,-4.460217105898991,10.419919,0.82365894
267.08369496681183,-4.329574258393626,11.885381,5.165757
267.00714218397275,-4.332516612587916,9.743527,2.9000711
266.7190464016251,-4.134636028300486,11.61872,1.9504871
266.68087559557506,-4.1538367532813565,11.104596,2.4806557
266.67997954162377,-4.1455682714099185,12.654659,1.9838438
266.93716150703676,-3.9066812280437557,9.784527,2.8833199
267.92399793664833,-3.932352361372216,12.862147,2.4453878
268.0828237953545,-3.980498483829737,11.721455,1.8583059
267.96337306472424,-3.7164336651701833,11.791158,1.0529985
268.46521912277194,-3.6549941927640583,12.708323,2.113595
268.06075935769854,-3.6412636157336697,12.188752,2.1928682
267.8268504826484,-3.573440150352813,11.057191,0.6845341
267.4543910231869,-3.617161641690509,9.470305,2.8739653
267.9838176062867,-3.4584775190631674,11.866356,0.99110126
267.81127590534163,-3.494723717852466,11.28676,1.7389135
267.99932673576046,-3.201610642463093,12.134222,2.0361443
267.70000745240964,-3.1619695722730246,11.472946,2.3792324
267.958456139558,-3.1743995949163,11.869544,1.2391253
266.4930682946247,-3.894373618953541,11.310331,1.9407225
266.49805074903855,-3.679813134773944,11.781134,3.6552477
266.94086047548393,-3.7224713494653163,12.250369,1.9084263
266.3072309849421,-3.315370355650972,12.677928,1.9292021
267.2577217609589,-3.4921778520987274,12.659598,2.0602207
267.3385888867858,-3.210951269095116,10.541601,2.382698
267.14710247104097,-3.2878998301457845,12.758757,1.352478
267.799774937127,-3.015220374131802,12.367341,1.4922056
266.9084763263776,-3.1418422796235346,12.3280115,1.7376595
267.39933744972865,-2.7960597698219964,12.710847,3.2347517
269.63682081424474,-4.414163649590841,12.1135845,2.4432592
269.54968199951776,-3.9679056628230644,12.743599,1.5929518
269.9466106706527,-4.091979505962394,12.681022,1.5120764
269.83801437531696,-3.728086890432749,10.302166,0.8522177
269.3097901324444,-4.109953879947613,12.408724,1.2051888
269.19890321887783,-4.081857729818268,5.0907507,1.3330679
269.0393685552942,-3.483480315620349,11.025732,1.2186575
269.43829805167957,-3.2553596883661857,12.108874,3.8316402
269.5738195965773,-3.142118706742581,11.560175,2.3986692
269.73660535048793,-2.769910218953118,9.633545,2.6884909
269.8330829624418,-2.7341373229535817,12.455985,1.089119
269.71088224117887,-2.708685126597422,10.284914,2.514824
268.41316580285996,-3.2433750402343833,11.889952,2.012331
269.0018580860826,-2.865499693881439,12.725764,1.4110308
268.2828727775681,-2.8951705426649244,12.996116,2.5823793
268.6049474113849,-2.7110956468584764,11.370113,3.810048
269.3917004015711,-2.8838951284817,12.989288,2.3221273
269.4253319781363,-2.684417473442794,8.48566,2.235485
269.26931752691564,-2.5623002097441954,12.890488,1.3779564
269.35389499551275,-2.5650070909667955,12.26165,2.100935
269.1491702065094,-2.520719362856192,12.894112,1.7890892
269.66075890480005,-2.6112435098656714,11.385933,1.774477
269.57946623573747,-2.5919549252186704,11.457165,0.92724895
269.8026130651369,-2.3819996548341633,11.835189,2.9778032
269.78443507538407,-2.2132889427834708,12.259695,1.1896524
268.86663036153345,-2.599657413414921,12.899116,2.2621431
268.91857514086445,-2.4807752365773323,10.738136,1.0840054
269.15294652214976,-2.4108740794834898,12.25954,1.2222595
269.0836195952599,-2.3165133238392293,12.740361,2.0688353
268.83824915818593,-2.4204646352497963,12.655601,2.2386913
268.63600972325685,-2.3653592437773505,12.896021,3.636814
269.0310443090892,-2.1485951720215524,12.373417,1.0880623
269.03661070406844,-2.044914108360841,11.742285,1.915988
267.93114333922017,-2.8367088799615265,11.982231,1.8418789
267.7668088449736,-2.507432752682006,12.1218405,2.0535793
268.3364985360487,-2.58760434288231,12.110729,2.0434961
268.23172993524986,-2.5125277985024144,12.561881,1.9902706
267.7493922122007,-2.3565829109028087,12.552428,1.091898
267.5022377587265,-2.344169061042419,12.76294,1.3835354
267.39837587211184,-2.251372719532129,11.684689,3.058032
267.8720733792236,-2.1804456720713685,11.041112,1.714098
268.05918829519084,-2.140459261864369,12.791986,2.0659685
268.2160432964933,-2.0993801411080257,12.55151,1.9663181
267.8144938812367,-1.9294729659606675,9.575096,1.6291361
267.87531959634435,-1.8517296456134513,11.732153,1.7070293
268.5743133624655,-2.213008110389764,11.776367,1.9331732
268.70606219297133,-2.076851133323971,10.170887,0.96600914
268.63758648436624,-2.0233064240405714,12.617982,1.263958
268.69411303941513,-1.9083340425291113,11.841798,2.356698
268.51296875555624,-1.8667034229582666,11.944694,2.0292168
268.8704046167501,-1.856942504370981,11.73148,0.99675465
268.7495467504678,-1.744474992404076,12.6835985,1.0639782
268.7648938998797,-1.6600364422174738,12.607739,3.7875996
268.945621841275,-1.5833841915692517,12.695954,1.2294827
268.2268693160316,-2.0177055131388677,12.03131,1.8233576
267.99533949649833,-1.734488629856735,12.8861475,2.3021173
268.1632240587334,-1.6301857024008068,12.044026,0.99335194
268.5608844371475,-1.4370267786934507,12.412344,2.0374537
269.99126429263083,-2.23355630701464,11.524339,4.366583
269.69675047806237,-2.0889001002379852,11.435439,1.959198
269.85557858586185,-1.9212171092383759,12.055251,1.8438339
269.7100262583363,-1.6475985853313475,12.949659,1.1440763
269.7379849848957,-1.5699065523342879,10.017143,0.91504383
269.73107589339753,-1.4437658754388607,12.756436,1.9680214
269.41282097223814,-1.549399682513183,10.828752,1.7547655
269.83934430527387,-1.2954200755944316,11.428506,1.7261457
269.31505528261926,-1.1872155689287456,12.718316,3.6291456
268.8670847551281,-1.294167298951859,9.935846,1.9319134
268.9731512350072,-1.2988633145486155,11.909367,1.7164669
269.0931228695939,-1.2831372217784058,12.973421,1.220787
269.0400345672994,-1.2168522256709662,12.321618,1.8933859
269.15087861456817,-1.1165780715029254,12.238332,1.991663
268.892276446355,-1.199590811728776,12.768314,2.0003452
269.2831710903067,-1.060845537977457,12.628907,2.191308
269.2262927371925,-1.0908639008379335,11.168408,3.5200787
269.2151178262943,-0.9280574151494111,12.601982,2.1742744
269.1895585438185,-0.8755746218170106,11.359988,0.9479351
269.017487659314,-0.8668022699968064,11.638887,1.4115162
269.6199921379294,-0.7775698067228672,12.92015,4.607588
269.8958231944643,-0.5253155783445822,12.367479,1.8192024
270.6001484296416,-8.992225874833194,11.368844,2.8747845
270.4685905018067,-8.885427085065583,12.405094,1.4881516
270.0354375759254,-8.758260498147067,12.530731,2.3404045
270.8081408482103,-8.831808032430036,10.529237,2.8758402
271.0299126402892,-8.356313458066436,12.95457,1.4402027
270.57544284754294,-8.392667715940197,12.02963,1.5006323
270.29423639601947,-8.185681630864153,12.885452,2.5186386
270.88733988910127,-8.132546578362225,12.975459,1.3449879
270.6080128062055,-8.072119135862662,12.534847,1.6883698
270.2998816538039,-7.872590546238835,12.681126,2.1455536
270.3484776770781,-7.564252121858902,11.730545,1.7406349
270.1868617307719,-7.488575165792636,12.102712,2.3206224
271.58284706898,-7.983946174776467,12.35157,2.8073606
271.29813006965674,-8.153961048706135,12.53734,1.411603
271.2351971491501,-8.079344948067693,12.818061,2.1948147
271.448091434941,-7.859821381865086,11.800754,1.3070021
271.81352585253256,-8.02130442731118,12.787355,3.7441378
271.77121535625804,-7.983200666683753,12.843227,2.4994164
271.7322603851329,-7.735072833011268,12.841891,4.025339
271.10144669502654,-7.840322967048342,12.693746,5.0222244
271.2168083385966,-7.883233080710958,11.106689,1.4824038
270.77631454400756,-7.76874433176358,12.678574,3.1265497
270.79171280284294,-7.744019671425464,11.816804,2.0983
271.01115518147657,-7.663971184729571,11.37828,1.1716585
272.5187901143939,-7.412438070537722,12.893176,2.7731323
271.87921513443587,-7.322533189458134,9.007559,2.6085663
271.74531759696816,-7.209872513383657,12.848752,4.5065184
271.9149153730327,-7.170011226881683,12.5885515,3.14966
272.25083399570934,-6.8342318059847855,12.281326,4.397914
268.5883693587768,-6.4184715359831195,12.905724,4.4576635
268.6607028188321,-6.163947951292742,12.802878,2.0683908
269.99188967667806,-7.050935630478859,12.760039,2.9207516
269.75236890131646,-6.734915604186948,12.788452,1.4345989
269.59618115383535,-6.760117437770256,12.199469,1.5878763
269.75823888526406,-6.6444047780931275,6.688871,2.5692596
269.6425590674525,-6.523844372565457,12.83233,2.1711912
269.2744589513833,-6.251538631075841,12.632863,1.3028393
269.44285769255475,-6.143303634925439,12.509184,2.2848816
269.36410366315084,-5.961541815313093,12.180761,2.0873375
268.9481555816216,-6.0101259053517735,11.367861,2.417695
269.26476342790966,-5.873657875663094,12.51278,1.462389
269.82363881576657,-4.951277066950627,12.381619,2.0810938
269.886634811738,-4.911320352793108,12.223434,2.6742725
269.93967547571896,-4.894401194848673,12.717535,2.2727537
267.1624240410386,-6.8961273921635,12.757825,1.3746786
267.0821828228434,-6.769387736361485,12.240076,2.3805265
267.46524664295805,-6.6491114548192245,12.68985,1.2547598
267.4866608054389,-6.544002615534451,12.63234,3.842988
267.53935937974944,-6.562869731329554,12.576875,1.8954935
267.016378531925,-6.1611150689311485,12.689582,2.169158
267.85275048265834,-6.359122360967171,12.600016,2.0802326
268.181681469136,-6.295109590379315,12.479792,1.3857021
268.2808240326535,-6.1428462089427125,12.15016,2.1009731
268.1760055448716,-6.044316446474773,12.691116,3.6569319
267.91861950407974,-5.556903149802684,11.344621,2.0856915
266.40090055860605,-6.409545784491751,11.850279,1.2767172
266.8974421024386,-5.960199883937229,11.382449,2.1307974
266.0068842491052,-6.071936229601285,11.569431,2.5042038
266.49546590179915,-5.755094107190902,11.228239,1.1035051
266.48157060580405,-5.5934886917082665,12.634687,1.2781563
267.10116459548436,-5.854764356856139,12.360585,2.0426254
267.10655097022743,-5.644225839531139,11.514457,1.2430582
267.5531231959077,-5.565366039001721,12.308456,1.2173872
267.7297873987178,-5.27910433722898,12.640843,2.2730684
267.39971415862396,-5.075818386460545,12.016524,1.3102627
267.2707549189102,-5.066631484684642,12.698216,2.311757
267.4367537420807,-5.007687934754326,11.961523,5.2127657
267.15614306027976,-4.992334977521833,12.782685,1.396121
268.73836760147657,-5.6856394964530015,12.989635,2.6830025
268.62350887697914,-5.640165351207112,12.971271,5.274933
268.87909025085986,-5.446687503467397,12.732423,2.143239
268.85915119173364,-5.2676055215262965,11.046559,3.1733103
268.37975845337564,-5.463793345483797,12.504698,2.207921
268.3987892100395,-5.336787538598061,12.763555,1.0768595
268.1443479231023,-5.3188311747950054,9.005097,0.8500223
268.6910247021111,-5.076455332250749,9.905478,1.413518
268.47712771532815,-5.034371407813873,10.312637,0.86065865
268.54299802333026,-4.87874503483124,12.907876,2.0590944
269.06495955364795,-5.029674769487678,11.2654915,3.1763144
269.63375785288247,-4.742555193349534,11.116008,2.383462
269.4775471857365,-4.6141224385002335,9.838612,1.5229511
269.5905434848483,-4.458482777113905,12.94761,2.3509436
269.376602311215,-4.283324224025262,12.970903,1.2232275
269.2063122422661,-4.352747860612092,12.695607,1.2285662
268.04409943910844,-5.1829312942405545,11.148191,4.3274574
268.0092573640001,-5.1352528731811855,12.990164,2.569189
268.3977137694368,-4.752170589418122,12.003472,2.6270943
268.3059015254632,-4.663479566605149,12.923685,1.1272497
268.2075593073696,-4.575751243059068,11.938019,2.3721018
267.9158564467614,-4.5511521892045605,12.464854,5.0677824
268.47576152300695,-4.6328353805629625,8.841292,2.819436
268.6326344832918,-3.671489586154113,12.969989,2.7086754
265.8872342978929,-5.526007750763388,12.816327,1.4916496
265.3044126882852,-5.373653072907543,11.121914,3.447092
266.21622343934564,-5.091549794936426,12.862258,3.308426
266.16509897210364,-5.0991856894185394,12.66189,1.4650002
266.33183870144404,-4.958423306586683,11.524146,1.3723507
266.9760951462609,-4.75776937084908,12.340979,2.6916704
266.10092833954826,-4.737362699405505,11.202026,3.823964
266.26842388111834,-4.616413730291539,12.323767,2.0054846
266.13184365597465,-4.578143261856268,11.352381,2.5212307
266.4665307407361,-4.660992840296882,12.172024,3.052967
266.5740439639591,-4.373580691381306,12.479592,2.9526682
264.9236607538843,-5.217506031244341,12.823877,2.1026392
264.94739008722803,-5.013573120145253,10.578025,2.1894054
264.9877139503907,-4.889525090780119,12.398705,2.4546041
264.69577673746164,-4.853854732377864,12.522926,3.1751575
264.8861584037914,-4.866742090396533,11.338619,1.0325832
264.90862320456574,-4.6930060984412085,12.103955,1.2074347
265.02776345805364,-4.587475156857721,12.66233,2.2090187
265.18707688329295,-4.539109716073434,12.727599,2.1098433
265.8500123630082,-4.7115245107918104,11.206146,1.0717936
265.459039861237,-4.276451338508043,11.056169,2.2075024
265.34137028593693,-3.965418045059516,12.2900505,1.1362524
265.5778289673746,-3.9416742128890494,12.640935,2.6504116
267.103034334635,-4.698988535335336,12.947192,1.4525185
267.07618304435226,-4.612476515232323,10.452707,2.38867
266.7153503537607,-4.288363524496298,12.736313,2.0375986
266.62921404794787,-4.219650712065517,10.940824,1.7173395
267.375757761899,-3.7513503420864844,12.282673,1.1227942
268.275437961499,-3.8024901903546535,10.270985,1.7243757
268.21115660099605,-3.6148742116610415,9.299816,0.6737385
268.3961718923835,-3.5224220234119334,11.738844,2.8669777
267.5853106421343,-3.584301639869676,10.227837,1.0073271
267.6102361327819,-3.525053650862332,12.999603,1.6800785
267.7100123190842,-3.5386920497383136,11.510205,2.2098446
267.9506407474368,-3.4924585655858067,10.312214,0.6462536
267.9339916987225,-3.035212292809411,12.703974,1.1146765
266.4026455163566,-3.9648995516945478,11.481757,1.9360971
266.71191108061316,-3.9032354245585026,12.579823,1.3164625
266.7495295105689,-3.868968071535559,12.525339,2.6350155
267.01704138512736,-3.7075727161021104,12.886417,3.6690502
266.97057379112675,-3.5647456471868906,10.77812,2.1465797
266.6955283038929,-3.4378348025946295,12.579731,1.8430061
266.32102414288386,-3.598768203005906,12.852332,2.280428
266.00775001780227,-3.5726308898049637,12.987978,1.2906628
265.9044423163602,-3.6204270643043817,12.23076,1.1995754
265.9911556037446,-3.502780390874754,11.900316,1.854186
266.3516423824524,-3.2979713321080486,12.801419,1.2836237
267.4156036521157,-3.216856805257916,12.71605,1.3193293
266.7167538818865,-3.0739320524296,12.707837,1.4299936
266.7028845705897,-3.077956795174806,11.05763,1.0455952
266.76060569082983,-2.9882095512837434,12.283711,2.1050444
267.39676343870264,-2.6477082813431276,10.6722,0.9170532
267.27553835656084,-2.5849793747954846,12.754342,2.7800102
269.7212428015716,-4.378841516475661,12.664461,1.3213491
269.96729068266364,-4.20309254769557,12.544862,1.4616623
269.7716815467881,-4.053905780629644,12.541005,3.1566849
269.97942601856255,-4.14234233000365,12.24177,1.4963083
269.443013968304,-3.4834415110364896,12.125624,1.21208
269.48296839014426,-3.4649495096210066,11.278935,0.924613
269.0456901964054,-3.4967566355244233,11.236837,2.9071999
269.2341420400568,-3.277691269408209,12.321877,1.1796265
269.94591538972776,-3.2251036797666015,12.755304,3.624302
269.4508021644132,-2.9058616157595027,12.7190695,2.0586338
268.48171126945095,-3.118422311412711,8.17324,1.3758068
268.80190229879247,-3.118439690282663,12.961838,2.3142052
268.71272554088614,-2.8945643374971954,12.827986,1.9113512
268.2113115863931,-3.1528838907193153,11.79781,1.9526453
268.4249250961009,-3.119892990309297,12.914774,2.0039454
268.46128839109656,-3.060409413709383,10.393566,2.6948175
268.46297368045373,-3.0421664589417983,11.945737,2.4054203
268.15358851227705,-2.9433659858436787,12.503131,2.2785149
268.72792492929716,-2.6320359022441298,12.637805,1.2563848
269.29070637630593,-2.792926766043931,11.614442,1.9493341
269.26826316959125,-2.7584134246378635,12.738657,2.2440186
269.837130514495,-2.4057493092980606,12.529192,1.325099
269.8657519685439,-2.280196132752342,12.576623,2.0819063
269.50209856314217,-2.42251011204588,12.708683,2.4825506
269.7103011730613,-2.2944811435220505,12.762005,2.8205223
268.8493884604767,-2.4133794834002313,12.082148,2.800171
269.1212465145591,-2.2061910001289022,10.9470625,1.7531261
269.158813632984,-2.1818461392658763,12.929314,2.5767927
268.9779186319345,-2.0625063719703705,11.550712,0.9247341
267.8132829538996,-2.800377556079443,11.860517,1.2002306
267.6696572448759,-2.7817470399631845,10.445138,4.366276
267.91210245951686,-2.514876360683453,12.065483,1.1599817
268.2806092579001,-2.653905336948036,12.136616,1.8796949
268.3329597185768,-2.5703534284471488,11.493471,1.1963348
268.1287614441491,-2.2715891775592674,12.718304,2.1836653
268.25889060031983,-2.156301188483576,12.67314,1.2285309
267.29430225603573,-2.40868064594076,11.44886,1.1653328
267.48308117912853,-2.285415049657687,12.223327,1.0202551
267.509789576346,-2.1803978416662604,12.915783,2.236596
267.94490946768354,-1.963418131228012,12.823089,1.8829823
268.5756716336196,-2.126980301560632,12.915812,1.4552298
268.5445500901965,-2.036840706872399,12.733393,1.3288326
268.6112002313656,-1.7274740988815434,12.371381,1.9501438
268.5506629703278,-1.6230391182267891,10.591335,4.754488
269.9471989384988,-1.9529729251404977,12.53052,2.1680126
269.6356242081056,-1.9244275103094064,12.871868,2.3065634
269.8784387004461,-1.8465866562652713,12.553039,1.8180037
269.7255727656543,-1.8061595046150023,10.55413,1.6783609
269.62403246428374,-1.5241816100242318,11.582656,4.829033
269.9130805114498,-1.586931580300022,11.502533,3.325283
269.771280161067,-1.5488620918415177,12.252892,1.8745279
269.26575040194103,-1.6684277770888798,12.037812,2.4700613
269.50642759545485,-1.6121938753692924,12.040017,2.7389069
269.47962294187846,-1.5913145606604817,12.360954,2.6025991
269.3814735078143,-1.4503684217986619,12.083326,1.842576
269.127393832205,-1.5356467716822693,12.621146,2.314168
269.03056047898343,-1.5264040380558608,11.993383,2.3565464
269.73604905187506,-1.3066866849796006,11.277986,1.9204416
269.02445753238544,-1.2688096414877628,11.804248,1.0950127
269.13991356039855,-1.0912181951457312,12.473836,1.7240801
269.54633883997053,-0.9720699549282145,12.953237,1.6750154
269.3418754498366,-0.8702461167994474,11.891644,1.7703438
269.99106176634564,-0.8117250506745333,12.705493,1.1871557
269.88150788035017,-0.6875906186610291,10.230248,0.8245096
269.99265179911447,-0.15719827147511795,12.789349,1.5741138
270.0650496989873,-9.138613197113655,10.068042,2.1478672
270.3793250808647,-8.91654019525727,11.816722,1.2836695
270.676202573411,-8.690577582958412,12.872171,1.5935183
270.6818926236357,-8.659664307087569,12.749061,2.6580648
270.91550218590663,-8.364963075138412,12.900592,2.613452
270.7902005274574,-8.34388884656415,12.550478,2.4332962
270.8689321591565,-8.240983605410067,12.480416,2.534583
270.82800813537654,-8.0042264834473,11.6081915,1.193533
270.3914878418059,-7.987940833182913,12.404175,2.322444
270.4008215383356,-7.920385108468707,12.839817,2.8397684
270.3192429261394,-7.913223992087982,12.118838,1.2974634
270.6756536789142,-7.762980779413964,12.655383,3.333642
270.100543956995,-7.436193499272048,11.564894,1.0475969
272.0312262196372,-7.766872506084052,12.880918,3.7696037
271.6512974416157,-7.666236818517815,12.938214,2.6941805
271.2166830956936,-7.88286129223355,12.495869,
271.31556158756973,-7.695079775473764,12.690062,2.535862
271.5618378059646,-7.5051245608968795,12.999649,3.718073
272.23593165073623,-7.652471099778706,12.241949,2.8872309
272.3597316041664,-7.413237624617497,12.630789,3.37819
272.06008285795104,-7.349521764901688,11.27519,2.7814045
272.2819542266682,-7.257477467870733,10.977701,3.0891151
272.46800692598185,-7.124612718492642,12.747814,1.8706112
271.83625483884174,-7.390826173070675,12.868974,3.7185097
271.5360060314902,-7.209945205140517,12.561553,1.8681326
271.63823772083094,-7.121413599946038,12.580607,1.3691187
272.0099836848861,-6.939468994503562,11.952091,1.3627634
272.03068916622885,-6.90772600352436,12.4448805,1.67062
272.1569988599519,-6.662342144010691,8.274178,0.40635204
270.7768626887542,-7.668475687800184,8.236505,0.6141567
270.9132166668029,-7.366584183770801,12.883781,1.8929987
270.4922164213073,-7.598721054700286,11.741387,3.6353168
270.69465211907664,-7.255597811082331,12.250128,2.7418032
262.27385648233246,-7.233900890918693,10.937753,1.9925671
262.5938640128335,-7.028269539333089,12.35859,3.800829
262.09514715545066,-7.0962529833645105,12.658813,1.5141878
262.1717296203217,-6.742813343157141,12.567458,2.6789217
263.0194724634524,-6.928221805552945,10.791628,1.9602547
263.0214916162136,-6.419319328396597,12.164449,1.9706669
263.2025702606548,-6.253147548059213,11.672641,1.9731178
264.2197644966724,-6.804177503168319,12.393443,2.3899345
264.7955916243444,-6.762971591848939,11.256985,2.8315477
263.92840002614787,-6.589845648849283,10.384941,2.021803
263.95551475770674,-6.516195688174659,10.688422,3.4677286
263.9198255933368,-6.393029481543379,10.591417,0.8614998
264.9618156687904,-6.142284974375853,11.561038,2.343937
265.6579821232681,-6.074719162419605,11.350161,2.3809872
265.1892544511342,-5.949067754156351,12.61626,2.4152288
264.9669889987387,-6.048935666646748,12.922457,2.6035147
265.2160501244116,-5.502838924453492,11.761945,1.3884411
265.1199962465483,-5.537070224729937,12.229931,2.8073778
263.7637291884232,-6.276250356391559,12.958661,2.3411083
263.95987554329787,-6.00410131720421,12.196754,1.3015003
263.87929170864487,-5.771071186675296,11.902073,1.2487698
264.76945310390283,-5.623218946956556,11.501362,1.1961708
264.84423390909785,-5.285248320871497,11.010646,1.1036425
263.99913577755933,-5.52702574852382,12.055908,2.8494902
263.88851541841603,-5.479846061502532,12.206692,1.6531038
264.5910731719366,-5.103917134137044,11.551224,1.1950626
264.51144641164797,-4.9205555702594035,12.382836,1.5042591
269.7920023445487,-9.256584803743678,12.718809,3.7721272
269.79247366423925,-9.022116639994133,12.813637,3.8004827
269.6366267537754,-8.867369800957324,12.371093,2.7511969
269.7542215429441,-8.880557566124713,11.731414,1.6426954
269.8027253065647,-8.634814895611525,12.403168,1.4711285
269.5431872812746,-8.749823811340669,11.780765,1.3437529
269.5422039059257,-8.583573083291826,12.125549,2.605382
269.66159174192416,-8.520124550766337,8.393467,0.7752209
269.8601232944093,-8.313620668614297,12.635924,2.6295805
269.31885456503994,-8.290596075479726,12.271182,2.9385443
269.8669291876706,-7.583871164766159,12.081193,1.2675343
268.9541449080931,-7.700106963956936,11.580587,3.6925173
268.2428687989432,-7.6357437238783215,11.705469,1.1190691
269.2714425397821,-7.4920612455736855,12.953636,1.3164225
269.0161309216513,-7.458088986670017,12.4766,1.1949806
269.15687480519097,-7.413484268805951,10.82524,1.1368132
268.89084158232697,-7.354634888156936,12.735229,2.872323
268.9612597541075,-7.28587810271397,12.681771,3.394043
268.82470351947603,-7.145349965365233,12.419695,2.7278156
269.4272020204298,-6.901692712649018,10.413826,1.8586082
269.3809977433478,-6.779031735831323,12.777289,2.450859
267.7452608450556,-7.639051609366675,12.96349,1.5238857
267.79176723510716,-7.6196950395387635,12.729374,2.1090937
267.85459446706113,-7.250833751026725,12.912042,3.745885
268.09180408476215,-7.177713846518855,11.404225,2.0714264
268.18458804038676,-7.1307714074144215,11.823442,2.116599
267.7063133499091,-7.296222086177209,12.8892355,1.6539106
267.595992389401,-6.9335965794228445,12.128694,3.4959612
267.872715564232,-6.845414197846247,11.479254,2.1763468
268.9925354101899,-6.4166829020235685,10.96482,2.581542
268.4754721887107,-6.5265591501551,12.510031,2.0832014
268.0684105142658,-6.597897104072226,11.288288,1.6890354
268.20242587124744,-6.459607643259665,12.907719,1.9425602
268.6381381483299,-6.499934533746608,11.591437,2.1873627
268.43035405543037,-6.1921755410618795,9.426558,2.5659218
269.7110340520793,-6.899879794738425,12.856157,2.164503
269.9754472520755,-6.472460843609165,12.744574,2.2865915
269.9653670453327,-6.146708664477833,11.00399,2.0342045
269.2862230388565,-6.306687650469788,12.217793,2.1972837
269.34709495475204,-6.249402280542747,12.804859,2.0939732
269.3082099499486,-6.005046836846746,11.852773,2.092289
269.87073930878256,-5.9798570947527745,11.763011,3.8870802
269.56661832177105,-5.7905349539427124,11.570148,2.4017868
269.0339520447213,-6.121115384620219,12.019395,2.1185894
269.20040404936987,-5.790165946561649,12.161043,1.093894
269.6909742792124,-5.42495151888725,7.2359266,1.2597957
269.9327693940059,-5.2695613162937445,11.655973,1.9749126
269.92751919714556,-4.949748148348045,12.078395,2.878399
266.74065424682726,-6.58371169129357,12.587221,2.1674757
267.9492757438105,-6.41724916794978,11.821558,1.8852577
268.30880956884386,-5.920850302539051,10.933335,2.2628822
267.392483221972,-5.850269501792577,12.200138,1.2797766
268.1576107990565,-5.747957640195415,11.066171,1.1062031
267.6013249612138,-5.646271420739422,12.964579,1.318821
267.6656982879206,-5.600648220709971,12.848119,2.302454
266.66448092279467,-6.309561356992865,12.447716,2.4995527
266.72667600174543,-6.2912636316790636,12.137706,1.9785099
266.7413450888887,-6.209622566631945,8.053742,0.8374443
266.36726013389364,-6.0818913650565865,12.1704645,2.2064734
266.1301931043167,-5.920067201972791,12.606225,1.1189194
266.198416257573,-5.652997161722653,11.685464,2.170619
266.5573180419905,-5.564092636781069,12.9649105,2.8663235
267.15172769811403,-5.567056250117566,12.440824,2.6424732
267.10690537620656,-5.53942653502573,12.651264,2.391449
266.6501732511517,-5.377842189613294,11.658381,1.0583191
267.2028955650301,-5.081344961358969,12.137508,1.1385746
268.7587595272325,-5.809146626679033,12.925787,2.3179808
269.14132173774095,-5.2949918622115515,12.535559,4.071555
269.0073999407531,-5.308761977804803,11.852099,2.376398
268.4096148850055,-5.494970288844097,12.5573435,2.222909
268.46441989094063,-5.102305920462608,12.996779,1.3316431
268.34155743111324,-5.0443908995958715,12.394613,1.3432999
269.358612777625,-5.25245448860382,12.361076,3.5533981
269.22323091776303,-5.094499277061828,12.445738,2.0399714
269.3313925218965,-5.027399291673201,12.929564,1.4102039
269.67148666204315,-4.880676103843894,9.667329,1.9165812
269.6777852716782,-4.876435948680515,12.015459,2.1247997
269.7220565659017,-4.767455198044221,12.866156,2.0193377
269.5623828788257,-4.633835568101528,12.87552,3.2412863
269.08181011588573,-4.670036792190296,12.886616,2.2344885
267.9843801286782,-4.929362221242739,10.589666,1.0777845
268.467666831234,-4.820956969441801,10.867706,2.0663528
267.46232169467856,-4.924546587494088,11.234646,4.88229
267.3366637945522,-4.715612524604099,11.827526,3.474702
268.56122143698224,-4.537907702153792,12.080341,2.0212822
268.58259239403463,-4.346702724228354,12.188903,1.2311764
268.21923553168625,-4.344048340544439,11.331362,0.9624281
268.73592348498767,-3.9808791989196446,11.582534,2.515274
268.8677677870335,-3.933928380656768,11.884325,2.1927729
265.8259199610035,-5.439109853325001,11.887987,1.929101
265.50468327706517,-5.472830282826376,11.703955,3.7733564
265.40447716615574,-5.53184723539314,12.722307,1.5331631
265.70125544040934,-5.400533411136594,12.91488,2.085147
265.65831692234593,-4.983134245389685,11.574129,0.9775686
266.5714236905865,-4.996808326444701,10.9978895,2.0408602
266.7453021715639,-4.782943565113073,12.630731,1.9538584
264.9429607810842,-5.254616728799105,12.882734,2.1142273
265.094336833298,-5.100902748366243,12.77923,1.5859661
265.56956449510415,-4.872678448254275,12.606153,2.1613216
264.7319221545589,-4.609506894593695,11.336089,1.2286739
264.90974586996356,-4.3877378473500865,12.803287,1.3181944
265.97698495772426,-4.534673718124501,11.729982,1.640358
266.02981917271075,-4.4304904938985645,12.409282,2.030017
265.5456628264685,-4.499819187294142,12.633155,2.0202932
266.10650369958483,-4.116536624028235,12.047983,1.2488976
266.1740200967793,-3.9984067225615196,12.830169,1.1620426
265.5384987677342,-4.2805354567408305,8.989961,1.4115915
267.0402078670483,-4.544604683908134,9.944819,1.1614313
267.4417108333266,-4.296443803049134,12.821762,1.7970495
267.5019203308852,-3.93152211611004,9.97416,3.5134706
266.6289461850515,-4.081859507457235,12.991162,1.3394232
267.2231461472717,-4.147955868371993,11.202081,1.4895964
268.00706011029354,-3.8151474637527496,11.656188,2.0699177
268.3823654790739,-3.714456372620739,11.819538,2.1174736
268.3515756081759,-3.4877085665186036,12.783718,2.8144026
267.64794903454384,-3.6188531761785248,11.722237,1.4430361
267.41792536009115,-3.5501224968782963,10.432648,0.86619854
267.4542535888971,-3.5116267336176406,12.994058,1.9744434
267.4585108997593,-3.507423876765141,12.405682,1.9536047
267.9530668016554,-3.508776927024299,12.449564,1.8709841
268.1269827230736,-3.281397790631306,12.5379,2.0478067
267.9752655564811,-3.249819416814141,12.101373,2.360444
267.7651061963759,-3.2648854039558004,12.534235,2.182829
267.6197155406655,-3.31273494518178,11.680831,0.9754782
266.6529779484934,-3.9163224878218688,12.746727,4.0274277
266.92649765629255,-3.6439714778288956,6.394041,3.9349456
266.14651612051057,-3.5263853304648496,11.813977,1.8100243
266.12384100807424,-3.3050909342132226,12.437463,1.2362242
266.46765882495987,-3.4946115643448428,12.601449,2.2898893
266.5896077521273,-3.3339039016394767,11.268269,1.9744368
267.1362824782642,-3.372414943122609,12.911337,2.8259325
267.4695656089259,-3.2312504484696305,11.453321,1.9669962
266.9437827237171,-3.343801658575312,11.907347,1.0516634
269.69245844020463,-4.234397269739342,12.702845,2.5178013
269.43935713001,-4.285977440283617,12.506734,2.6165943
269.6098428415329,-4.097282753165654,12.779339,3.642192
269.1137476691973,-3.9661543579493848,11.758239,2.6879454
269.1422218236572,-3.9506430306166855,12.726859,3.0291271
269.33887078830935,-3.8128915346204963,12.131795,1.5036306
269.25123159702775,-3.7476606039087836,12.2550955,2.4042015
269.09581432518985,-3.5958183236206662,10.4737835,3.1179924
269.7595710258969,-2.9404078175085337,12.963443,2.2806406
269.6422906636308,-2.8955225469505073,12.875366,2.6463528
269.7553235393322,-2.8421145589121486,12.723191,1.1418695
269.83306946600766,-2.5628287204051223,11.459692,2.1383
268.471600211659,-3.4639755408683843,11.908459,1.2719526
268.591361946448,-3.305811762032822,12.515431,2.725214
268.46017308296206,-3.16033140640216,12.714015,1.6737947
268.9708487454132,-2.772697805582671,9.072351,0.2701292
268.2130797502049,-2.8757717841944253,12.834766,1.6372519
268.17433747109936,-2.8301554459008,11.862483,1.0818739
268.82099494805,-2.6224227012357764,12.660669,2.1346645
268.5924746219484,-2.562323892634825,11.295622,2.0447197
268.71531422294845,-2.5494694811821734,12.783568,1.9931259
268.5546003520986,-2.5516717532624207,9.031205,2.5728145
269.3823257887029,-2.555008085946483,12.793825,2.6181011
269.3417441898107,-2.4408291617521196,12.263515,2.050825
269.5695881723875,-2.350778451816671,12.052451,3.655116
268.8767235659977,-2.5931620928431154,10.648959,2.364462
268.9640207290254,-2.5193675406749856,12.094798,1.087985
268.70747105924386,-2.4255183314474476,12.347876,0.9351454
269.0040609054452,-2.131718230570116,12.716528,1.8629761
269.0887076309607,-2.0966163303934033,12.704803,
269.31321496810745,-2.0737656930014055,12.487935,1.1734152
269.16470776518753,-1.9082894392476062,12.64799,1.4580526
267.5911966150732,-2.7064823126519815,12.800092,2.0391188
267.80723747216746,-2.5720754165278175,12.741463,1.2943811
267.92206310511295,-2.4608304830489436,7.83614,4.55196
267.9452880243535,-2.453165509131896,12.339465,1.6807909
268.41204706968034,-2.4667761745898096,12.928747,2.8584118
267.9677425718717,-2.4173554633038052,11.923426,1.7641239
267.72224621772716,-2.461861708846911,11.539827,1.9461231
267.67518662887767,-2.4949789411074086,9.90848,0.7800646
267.32364619906167,-2.4297277070837873,12.388111,3.783122
267.6818803558559,-2.126163786902847,11.472656,2.2868633
268.4976820210002,-2.1829006798011155,12.262136,0.8226757
268.70088592712256,-2.041423150493419,10.987781,3.1608028
268.57699739064344,-2.0433238680786996,12.104363,2.4211826
268.5020257713287,-1.958707775659665,11.819433,1.1562691
268.53139853582235,-1.9599716797574152,12.837276,2.122655
269.0087652206805,-1.9974002186698652,12.736616,1.3408966
268.4396021844812,-1.6677643283393322,12.519913,1.858304
267.9885871522279,-1.75708594765607,12.577833,1.2281733
268.1270239877693,-1.647095046988533,12.869991,1.0654507
268.67612308464027,-1.5861109376982978,11.294115,1.8075743
268.8635294847551,-1.5043266407715976,12.239326,1.8027792
268.4597978008084,-1.5556444464129089,10.305555,1.9590979
269.52715938754534,-7.047718377007091,12.783415,1.3724108
268.7957141844255,-7.2291145230269604,11.560074,2.0144415
268.6866701477583,-7.16562561293506,12.635463,1.4361286
269.1172834656841,-7.000384751583546,12.984877,2.355236
269.1444336277577,-6.822819169906778,10.611679,0.88652134
269.2905439507903,-6.7858933823029775,12.879971,2.0406494
268.34336736869403,-7.361346883215607,12.947767,2.731143
268.3025819320659,-7.271676703951602,12.470827,1.0834541
268.21570068959664,-7.27181739800792,11.480605,2.838315
268.2457212697314,-7.125635905717525,12.1489525,1.6698303
267.58885960499106,-7.222677844660754,12.945619,2.2147236
267.2693379272824,-7.226878909265772,11.816108,1.1566477
267.782071523867,-6.925141684362203,12.886439,3.7445898
268.65401688650246,-7.116717894079002,12.826283,3.5361452
268.3556667441711,-6.954723389435388,12.121283,2.1316862
268.7593242153499,-6.605783050475013,11.943836,1.1034489
268.942905858475,-6.4011972575136715,12.35976,1.2897873
268.0139370903326,-6.556580144657843,11.409533,1.7650185
268.19598461463005,-6.396880948255593,11.863295,2.9126225
268.6456573006981,-6.379135987014896,12.917091,1.9432335
268.38259189957273,-6.397412925747658,12.938037,1.5438452
268.502827265911,-6.318046709702774,12.171255,3.1877384
268.57062626404337,-6.009855674656871,12.509062,1.3241854
269.75697321682986,-6.703702337830683,11.563057,1.4321918
269.73050031422446,-6.387411889039474,12.679344,1.8800793
269.76574187031804,-6.137311128042241,12.738934,3.0008736
268.9770856379749,-6.223923952688037,12.016969,2.5095577
269.43916658263856,-5.6872630594003715,12.337644,3.35188
269.71346515822154,-5.700285967101051,12.980108,2.818324
269.5997914786208,-5.1876016659970645,11.7766905,2.5890532
269.73445895720636,-5.044361813235042,12.942973,2.0024881
267.1665979365305,-7.0105796314631705,12.021494,2.883933
267.3323680036895,-6.9839919441748535,12.294788,3.4151392
266.9454156776402,-6.77311476083379,11.701858,4.559841
266.9765387719857,-6.718816548072566,12.963045,2.8890228
267.4865980882128,-6.260713004202421,10.956143,2.067212
267.89697840857076,-6.374510481027965,12.643323,1.1579638
267.9491834514491,-6.232280508483382,10.806335,2.4299831
267.9501007235328,-6.179138165248244,10.891893,3.2151384
267.4733345931274,-6.195941018016897,11.332747,1.2709837
268.0220320613875,-5.607044965196925,12.297738,2.0962172
267.98326744352715,-5.484122385394949,10.301606,5.293145
266.48512708552096,-6.527855233928697,12.767199,1.6640482
266.9602186327332,-6.085749765545488,12.981577,1.6450348
266.63081983363867,-5.877274034374448,12.130753,3.051612
266.8484107860618,-5.750287312212033,12.270205,2.334114
266.28453106976974,-6.028558243761083,12.992864,2.2154932
266.5080055965938,-5.7405771313395055,11.600768,2.017602
266.52336276158786,-5.718548728293565,12.328822,2.4505749
267.2394817730656,-5.570387023790563,12.864897,2.742199
267.09168582827135,-5.586998508430126,12.219197,2.2612057
267.54966228533306,-5.598707518128766,12.650734,2.4134665
267.47577317544125,-5.2776555425527585,11.481617,2.0589924
267.4497382471686,-5.233897343753256,12.927571,2.0985727
267.08812600711803,-5.372383230684427,11.743136,2.0626163
267.2961301461439,-5.1566122735040745,11.294124,2.1131516
267.1241202712035,-5.045853589263659,11.518164,0.959898
268.5871529748103,-5.4120365963626575,12.800233,1.5273981
268.9063887649363,-5.4783670579612584,11.585454,2.4159832
268.8989268819182,-5.1674989630919805,12.196962,2.5907326
268.27694406930215,-5.436246205415109,9.671456,1.8563404
269.52127300489536,-5.117956907549146,12.30726,3.7154684
269.6556888680617,-4.887326038180446,11.914125,3.0182724
269.92293547032307,-4.737983182858957,12.69472,1.5953903
269.6349650355285,-4.770492894314545,12.886318,2.0985384
269.24896941782134,-4.360341902539883,12.876615,2.3722677
267.79948613346227,-5.214431693260604,12.302792,1.2681026
267.83876106782685,-5.163602774184572,12.6501465,2.997551
267.87851972701094,-5.156917145958276,12.9383135,2.1439571
267.77788308304486,-5.162040658588777,12.785562,1.4397974
267.7790533773113,-4.880327776070277,12.598433,2.295205
268.3717351295587,-4.788845055999707,12.896342,2.0379
268.1409521122851,-4.822421273520721,12.246516,2.6062584
268.15336355960363,-4.79749462772413,12.767541,1.4035215
268.0150357311031,-4.777025729101117,8.309445,0.56661654
267.64520616468076,-4.690969585983385,12.951988,2.3483524
267.58251944444083,-4.722042493479702,12.785011,2.3059406
267.9115148576593,-4.361634971788567,12.450553,1.6426497
268.62919299961214,-4.520964259540907,12.0408325,1.6151829
268.8948034493015,-4.007668951532904,11.340171,1.1611404
268.2927327363137,-4.295399119965049,9.224652,1.1897717
268.2833231064677,-4.033688445584865,11.508266,1.0366707
268.77235491062567,-3.965330928784385,12.4404745,1.9580116
266.0458968835615,-5.713784508592729,12.627763,3.1108608
265.7716127774889,-5.275764446485921,11.366268,2.1666756
265.98741354064634,-5.076628487715962,12.639371,1.5968075
265.68149978838375,-4.990125741354943,9.893924,0.97696114
265.7774318750967,-4.837737752152542,12.608341,1.4318676
266.4606682541946,-5.257082585602979,12.240451,2.1103964
266.3233051314222,-5.020345247814597,12.183078,1.9482183
266.6769765108601,-4.870881300211664,11.136139,2.2975302
266.5436863007302,-4.807657271801185,12.328459,2.7712135
266.97871649315283,-4.642646462692059,12.490731,2.0993767
266.1939825855672,-4.589677038923305,12.674174,1.6028891
266.3319344989811,-4.31917821520454,12.448588,1.3977337
264.6436204962601,-4.990805695852707,10.006384,4.3151608
264.70603748102144,-4.743340939189536,11.374422,1.461545
264.65449701314367,-4.64228120993721,8.921046,1.4676046
265.17724416020985,-4.649459079170141,11.703851,1.1034269
265.36528988632017,-4.431018501470051,12.645135,2.2309217
265.6484766283565,-4.556727256026323,12.888849,2.3261185
265.6473908506736,-4.420522812934313,11.844754,2.030878
266.23652831621473,-4.360693479295521,12.362792,1.1670504
266.1555508881812,-4.219687010313875,11.308637,1.8925314
265.5544325861256,-4.340125798293668,12.5411215,1.8918371
265.97915306013755,-3.9496042639428,11.9748745,1.4243498
266.96319686071854,-4.534889342911618,12.711889,2.464697
267.4746934356003,-4.007618526113181,12.986295,2.227602
267.2422891654891,-4.083494127901314,12.846578,2.8757591
267.19147391400224,-3.9379685615088755,10.969509,3.8847275
267.161244483231,-3.9042848882896295,12.415275,1.2382088
266.9209538878295,-3.91668456160819,10.380306,1.9762611
268.10520408885276,-3.8651465611415796,12.479976,2.9460688
267.6744970550305,-3.820757115337151,12.57772,2.5867586
268.2297291318232,-3.764416682559796,12.619498,2.0572968
268.1235297428353,-3.5627084917857452,8.673523,3.1006923
267.4834456775881,-3.6404226791584815,11.431616,3.7877445
267.8260592530516,-3.6281286773514347,12.938514,2.2524786
267.8964278218166,-3.3220869620703244,10.650644,2.7651663
268.06026658462747,-3.3437321071693398,12.168277,3.9860973
266.3208061517418,-3.7968340944332817,12.9647045,1.8564167
266.2385244247897,-3.76617776322734,12.33641,2.7839499
266.64504081482033,-3.2178493637364536,10.974025,1.3071384
267.64596701187696,-3.1692076365713993,12.436722,2.1295156
267.8434379442102,-2.9557073628844988,10.789097,0.8879404
267.65046687903293,-2.8231855635988605,12.663743,1.6164122
266.6356208868388,-2.8615740837587826,7.12832,1.5291252
267.2188466154093,-2.921247661540238,12.871646,1.2955742
267.45852311613294,-2.7140368832718833,12.464944,1.35536
269.5963648732083,-3.939840719820969,12.017354,1.2945528
269.92755734505596,-4.018448004769229,12.989729,3.7729197
269.70277965967233,-3.450790667099406,12.343471,1.0200291
269.6223154549312,-3.3133812336776765,12.172577,2.2926311
268.7840518859995,-3.625757710517543,11.717995,1.2638245
269.44203409051624,-3.16450745175548,12.240137,2.1857357
269.9954849864995,-3.141014335371106,12.870767,2.8960829
269.57746968094597,-3.0101971356810058,10.8138075,0.8637924
269.6834763504334,-2.824108230027012,11.0008,1.148859
268.6519343141509,-3.3981427914924858,12.356764,2.0449696
268.52726758290333,-3.396604905346773,10.822213,0.8372469
268.73028212662206,-3.143345579607743,11.9388075,2.540824
268.33182554715864,-2.711774817739964,11.18276,0.9787111
268.3170519767195,-2.7104389323063915,11.966433,1.089819
268.68794349682156,-2.578247786615626,12.865212,1.2017899
269.6951888055265,-2.4410527829967945,12.254753,1.28088
269.80583934772574,-2.307380622320766,11.554715,0.9699259
269.61200942915906,-2.2042281093496574,10.586097,2.1223698
269.20268801578044,-2.353861253622919,12.292541,1.8058891
268.92562459204714,-2.330125915647934,12.762183,1.7390594
269.21700474046656,-2.0920737613273324,11.934981,2.0973797
267.7913990881369,-2.8728827296326593,12.766757,2.0594501
267.8783557299817,-2.8416557159167546,12.782933,1.1101847
267.90994720535997,-2.7598656093314435,12.540991,2.0187883
267.8149203305707,-2.7200480796496915,12.404308,3.2675762
268.51788720893006,-2.3923101181530813,10.3301115,0.86516094
268.32180763280394,-2.4426182125289517,12.727845,3.5665312
267.9168456878161,-2.2292973484773055,12.82934,1.4166498
267.72421647350257,-2.0852119333731602,10.7983885,3.3760939
267.63005566432173,-2.035499325875052,12.778697,1.1826553
267.8372567814977,-1.9303182619244972,10.821787,1.216198
268.6773160308738,-2.3008554399212975,9.936863,1.6199484
268.7007556071718,-2.0741262859481795,12.922749,1.9265089
268.3940054588723,-2.2180967636505073,12.375093,1.8626757
268.40585581548225,-1.9732308347348135,12.837344,1.225935
268.8499287894795,-1.8136403218397046,10.519461,1.8735456
268.70206981692314,-1.8343384989489215,11.200919,0.9080858
268.23693178592436,-2.004084012727224,12.45637,1.8318195
268.30314156580295,-1.5134068120181803,11.887962,1.6854439
269.94362542030876,-1.8286363206207434,11.438932,3.293089
269.7041441015685,-1.563447751330942,12.231668,1.6087999
269.73997891919413,-1.5241727898823456,12.443814,1.1510887
269.3748333317968,-1.6818368661790877,12.477496,2.832222
269.53356440227464,-1.4089481473934837,12.650455,1.3091841
269.05779145453664,-1.558284116301144,12.706175,1.8847704
269.06850425131523,-1.541767858311197,11.648069,2.6140451
269.0715310517052,-1.4728448990592096,8.722371,1.4207177
269.15510220797375,-1.3926450282938774,9.296156,0.7069168
269.61550605562906,-1.4249137796794988,10.28125,0.75890636
269.4965811404382,-1.098899041147118,10.239935,1.7907457
268.9250924819343,-1.3648168182605949,12.307757,2.3604536
268.864459236865,-1.1714273903768808,12.716125,1.1733761
268.7739639631869,-1.0877125843058375,12.609729,1.0675249
268.9181050415844,-1.0500743806582797,11.263863,2.102747
269.5341002644331,-0.8226158611035418,12.534807,2.3437986
269.89446536743066,-1.0031709642807909,10.636106,0.823678
269.83050292612467,-1.0177391855643232,11.590107,1.1164589
269.98810795543164,-0.7607540156705808,11.477528,1.8487625
269.99015810857867,-0.6708731415697622,12.693037,2.6372175
269.6024827768995,-0.6307049036188915,12.920288,1.7312288
269.5972836038601,-0.4984418099527217,12.804987,1.743165
269.769504224959,-0.28255941942845564,12.1904125,1.0176992
270.44086155142776,-9.147261400624126,12.240489,3.60421
270.2585474462029,-8.98339003080236,12.122778,2.711897
270.13950767012295,-8.976128354232328,12.899565,2.665619
270.05472901643964,-8.96975142567738,12.249003,3.5891666
270.00635664538294,-8.782421806254755,11.610703,2.6045504
270.7848448715998,-8.850393067013366,12.789168,1.588191
270.66701372191324,-8.752245367086557,9.341045,1.7316494
270.96060199586844,-8.718194978914717,12.763155,2.996398
270.3781289812238,-8.563732218473998,10.609284,0.9649143
270.9067522915056,-7.9854729884018685,11.963023,1.8368034
270.4950152730199,-8.009018349692873,12.787177,1.4365091
270.51183463726073,-7.973748104666222,12.953954,1.4730864
270.29432157271066,-7.91350792010622,11.154613,2.6000757
270.4243945696904,-7.85702305129163,10.162344,4.296172
270.5325689460362,-7.7006468077121975,11.788574,1.0776262
271.4501015975964,-8.304787989039317,9.806996,2.7070265
271.2132159116839,-8.022888033215352,12.359706,3.8059807
271.38975101095735,-7.92123603713504,12.924668,2.9003391
271.92076855998886,-7.905247770399266,12.798786,2.8464775
271.6716269439642,-7.672622901410365,11.609697,4.196596
271.1618133047555,-7.961577413342332,10.669129,2.1934004
271.1056735889073,-7.842386448136198,9.794944,2.290699
269.56100431090005,-1.7311257708656695,12.893145,1.7426348
269.4933553971875,-1.5361445536889344,12.559194,1.2662659
269.5214339871498,-1.5337083860290222,11.398898,0.9891672
269.58914589084947,-1.448621175153576,11.910057,1.8232241
269.3192504012518,-1.4916405561615425,12.367895,2.4127398
269.51465930341783,-1.4425255388161393,12.453717,1.203186
269.78488107871937,-1.2270458371951636,10.737235,1.4673586
269.76541184145594,-1.1625138703297717,10.368998,2.2527533
269.4371747847201,-1.2459435379061872,12.6625185,1.2202644
269.70308719784225,-1.0460771788419292,11.704053,1.6858749
268.98744422059985,-1.4167423190435677,12.178242,1.4315081
268.99777427929286,-1.1508185049606816,11.556577,1.1827803
269.2982182265016,-0.6976172992055618,12.988882,1.7661924
269.91164294040124,-0.9462790138566685,12.227227,2.026061
269.83654916318653,-0.7566476805495417,12.747978,1.644515
269.61669741719084,-0.6749260702071527,11.036998,0.80298805
269.7905379096434,-0.5907304262914238,11.6482315,2.8269157
269.71872101143754,-0.566737579822005,12.908788,1.8897877
269.7646091121619,-0.3632108411721135,12.223097,2.2532263
269.8105737545045,-0.27734698506141464,12.826435,1.0354795
269.95829923237943,-0.09177536190886715,12.587227,1.6245518
270.131808104797,-9.452460783876235,12.995742,3.470912
270.4286114319139,-9.016888933459706,12.717862,2.760975
270.4184551212984,-8.982219580013455,12.678142,1.4662294
270.4428888014845,-8.892381529180716,12.682008,1.4806137
270.8951689926075,-8.596023696048547,11.57664,3.1580858
270.8659734555299,-8.40346214021802,11.990559,1.6412401
271.0704156527356,-8.188347786600609,12.227835,5.323556
271.0594093698786,-8.158797309771076,11.508252,3.2430935
270.7193851335864,-8.024238972799546,12.918239,3.9177885
270.76114343717825,-8.00637354578084,12.986673,3.8163223
270.0121819778694,-8.267234574524059,12.556937,2.3147821
270.35848456163313,-7.945748892477177,12.751348,2.1444082
270.4372487877174,-7.854352608561504,12.655453,2.049303
270.35977865477713,-7.568842323581312,9.3799,0.9406862
270.00074980636026,-7.4447371173965715,11.901076,2.7517776
271.5070448444047,-8.108264678440507,6.9860973,0.6689992
271.70706412349153,-8.025867804722694,10.989008,3.2564983
272.36840650185707,-7.423470460382002,12.366195,2.3489246
272.15207239712373,-7.358812298625482,11.587685,1.5432825
272.31187317512945,-7.038228831073296,12.923143,3.0904274
271.8793244010573,-7.373835112943739,12.848573,2.3654985
271.7496303870379,-7.2551130699065025,12.0186825,1.1881819
271.55911319059146,-7.083744461658689,12.54468,1.2758589
271.93402198544,-6.952891317174755,12.564623,4.9478006
272.06439121063187,-6.897377054136492,12.283853,2.7480698
270.73659350382513,-7.745485487767409,10.560198,1.8458385
270.88700646692695,-7.393486634585241,12.682534,3.0472956
270.98669465145537,-7.255876613481691,12.221714,1.5677605
270.8592362865193,-6.951713217525375,12.954774,1.8218765
271.7430080227329,-6.774325541383941,12.90335,6.2709866
271.2654514919124,-6.479613259370836,11.931208,1.247448
270.95268853884266,-6.472363835541607,12.80846,2.6141453
271.5195563440044,-6.353170457981056,12.502282,3.524847
271.29151339633023,-6.189942349090884,12.707443,1.3392458
271.317197677628,-6.188586851827349,11.939661,4.935341
270.12632061567507,-7.031590920730474,9.780828,2.344615
270.0384847541671,-6.998173445855134,12.406901,1.3346663
270.4013565156206,-6.673971403556876,11.368913,3.8917274
270.3781981390737,-6.636173367597803,11.252752,3.0802164
270.48031096110316,-6.563819444499228,11.9077215,2.2228394
270.34142784230306,-6.4978471358327985,11.957301,1.1555758
270.6391443444548,-6.345240381862622,12.637708,2.3656893
270.68955883304756,-6.202949981135885,12.914346,1.4134178
271.1807962807219,-5.8939259847546515,11.508296,1.6393099
270.7712173789703,-5.935463410466591,12.5536585,3.62819
270.1882914598014,-5.953906515591728,11.513303,1.0614738
270.3481980532584,-5.701768923138344,12.70548,3.5875416
270.4594578437054,-5.395115628502096,11.8290615,1.8525476
270.50880824430607,-5.354188446539778,9.503372,1.9550829
272.903590559163,-6.690889573719596,11.968756,4.7825127
272.59781505387724,-6.7297512884331185,12.964331,2.8383274
273.0296104042011,-6.366415468426034,11.582211,3.0317764
272.9850488577967,-6.260693256219661,10.066458,0.9161949
273.03960880933226,-6.211877926382424,11.274005,2.1442938
272.7904520893961,-6.233456150949854,11.58673,1.409049
273.3182247581476,-6.3880480523826835,12.635756,3.8588095
273.3309433798306,-6.241147878201933,11.837663,1.3624735
274.0661847665797,-5.853811746709507,12.509601,2.3324661
273.58505579436445,-6.000418922355447,11.710388,5.104168
273.64440196907515,-5.952969341582261,12.945383,5.4579115
273.8598896074035,-5.92099408241543,12.5742035,3.6582165
273.7561020636767,-5.794112866046489,11.04464,2.5055218
273.1827090841631,-6.000943927225976,11.089316,2.333784
272.9953664140004,-5.8841300886268275,12.761173,2.8870707
273.12535894293467,-5.843418127901784,9.827433,0.9232607
273.55911064935657,-5.670668813877334,12.719101,2.1784554
272.03095268994167,-6.421166701776379,12.117411,1.7456245
272.25278617121745,-6.318384293355263,12.387076,3.4414701
272.6866078081155,-5.89078209589712,12.863614,3.4310312
272.3800162522551,-5.931313773066484,12.89628,3.5946007
271.79178858606815,-5.970115071515627,12.303007,2.748989
272.09474392463636,-5.7039392515325815,10.372737,1.9752436
272.50060229558096,-5.68220850838799,9.856254,3.0909815
272.26761598093333,-5.361529226935107,12.819578,2.7048302
274.3464127131061,-5.588356349441693,12.350959,2.8618097
274.1520393801338,-5.732051493611983,12.968267,2.1266537
274.1031399343029,-5.723055594790424,10.529731,0.97744274
274.09037247984753,-5.6510757452844045,11.813001,1.4570799
274.5088461731432,-5.477828459686507,10.949297,0.94600296
274.66911902188104,-5.394950330315264,9.915961,0.91602993
274.5059740645549,-5.203009328072818,12.86194,2.5505466
273.7913503714015,-5.395593353691581,10.720082,0.91324615
273.7002828932135,-5.378489420416131,12.192736,1.9781752
273.5527024418687,-5.398263624163847,12.3609495,4.564049
273.73844816565565,-5.227670007516249,12.887933,2.6699066
274.08991922465077,-5.069069808383019,11.971905,3.562273
273.91426047320914,-5.094421499275578,12.986278,3.322176
273.98879871795873,-5.023967180311432,11.508607,2.354577
275.1376095448721,-5.0891372117213285,12.897545,2.6018677
275.3517163342215,-4.849458160060957,12.472372,4.0323324
274.75004950638737,-4.708769776833839,12.470152,3.0539684
274.7426700654976,-4.349884856886346,12.290994,1.6047935
274.9864169386845,-4.3510082225253575,12.890548,3.223032
274.9836641784544,-4.340475170782926,10.698779,1.0269241
273.50168155469066,-5.151637204722679,11.74064,2.3847532
273.2532919934661,-5.115793207804486,12.975148,2.732296
273.482834086847,-4.982781026336033,10.514545,0.82403374
273.5170414663078,-4.793683218800906,12.87966,1.2239923
273.7769419769192,-4.968049715900892,11.795576,2.364334
273.9588794949962,-4.795512652610618,12.824771,3.970086
273.90607594871244,-4.800337940811149,12.838564,2.147564
273.5404272459516,-4.7748988059453135,12.812574,2.5619993
273.29176158833536,-4.833700246140492,12.861685,3.3020906
273.31330956297523,-4.823308459171288,12.569424,1.4938917
273.1429073311683,-4.769773003231426,11.799783,2.819728
273.27421563421876,-4.632665114004499,12.660648,1.1282129
273.0730904103507,-4.677077390879369,12.895697,4.726923
273.6637011335466,-4.532307281524426,11.2342615,4.3072214
273.74351560614946,-4.379463346792823,11.93608,2.0742102
274.43437831950337,-4.457116677776958,12.990408,2.1413832
274.40603003427475,-4.365415649336734,12.812942,1.7322874
274.28911865339796,-4.302434665620697,12.811892,2.7770834
274.60789349149894,-3.9508463623177636,12.798912,2.1763287
273.86579989051705,-4.372243177027971,11.871686,2.9492397
274.05461185274805,-4.185332718430999,12.810792,3.579874
274.3141746210477,-4.069058135217676,12.9243,2.9784136
274.4047096150524,-3.9185495419398917,12.6953125,1.4365549
271.4491132358797,-5.613892940461231,11.319334,3.860361
271.56770911401145,-5.29703460953608,12.376666,3.9834957
271.8751210747511,-5.2048730603276265,12.504334,3.3394918
271.04283090393227,-5.423692319036843,10.957704,4.967901
272.28108542308115,-5.152209574896842,12.092585,2.1727076
272.5120714798811,-4.9236489443759295,12.787516,4.408087
272.7666714560621,-4.811934702819711,12.085543,1.3992624
271.56186932406354,-4.820069404307006,10.651734,1.3851271
270.49989454946757,-5.0296412676919005,11.494007,3.348939
270.1273695945158,-4.704510279088548,12.482782,2.4723034
271.3276908286076,-4.692927670839424,12.626785,6.4681263
271.89820600206696,-4.133551654711822,12.708014,1.2920113
271.4865650102437,-3.6845182734382016,12.783139,1.2547913
273.08842709317395,-4.2734484407870195,12.997333,1.3341513
273.71658748730897,-3.860386339119675,11.496047,1.791502
273.5260338981035,-3.612398150751527,11.934307,1.1125488
273.9216993973061,-3.520063286393606,12.006474,7.1002054
272.11396985995054,-3.11649327342841,12.544031,1.2453232
272.84050898129357,-3.5186957472957294,12.674968,3.3179607
272.23236672793865,-2.920085605571265,10.565254,1.345541
272.95096498352905,-2.8334783782337967,11.415057,3.7722635
272.61770721336785,-2.7385080740725973,10.801238,0.8863325
270.10086171278397,-4.383247087308679,12.296584,2.3340607
270.0214944918346,-4.23773679080225,12.9536915,1.576602
270.3082527925757,-4.300914850335146,11.655687,1.587266
270.20546902012535,-3.9309506316434653,11.773151,2.4872255
270.5296226458919,-3.317347464766161,12.713967,1.1499138
270.1692924291607,-3.3210181605377236,12.328461,1.4120588
270.0921327885792,-2.7743211261771807,12.542726,2.1887302
270.00614199285417,-2.7709026123620597,12.561794,3.8953257
270.20616235859404,-2.781792424651732,11.567207,1.333168
271.8929089501263,-3.0897448186380556,12.312018,1.3572645
272.02088411203266,-2.8650880438027366,12.046941,1.8737164
272.24929890818316,-2.2708597990427712,12.960528,4.349904
271.87643603654016,-2.5113574597317387,8.328076,0.78410816
270.85450560238957,-2.8414642329118025,12.902913,1.4879389
271.02243393394895,-2.4418743853234965,12.270752,2.4872131
270.5108031393342,-2.4668815226107874,12.456911,2.4947586
270.1386524294029,-2.3060407060894472,8.785042,0.45069027
270.7400682853839,-2.225896025145434,8.797773,0.918581
270.48585225364593,-2.06450735600358,12.221288,1.304698
270.71988714384014,-1.9000603234622515,12.341629,3.2305126
271.1141353171704,-1.8900991612447051,11.281062,0.81635094
271.0981048598255,-1.89191671691963,10.905316,0.94308376
271.0523284639124,-1.6456098308155978,12.558955,2.1814795
270.95299427930894,-1.5848646896445204,12.198533,1.9383469
271.14619672591937,-1.4635221959544464,12.347805,1.3927078
271.3500018276735,-1.2936669752514556,12.529704,2.0535593
270.40993714787305,-1.9047481597547078,12.861109,2.5956793
270.2606017224562,-1.9023051623365566,12.859886,1.3191147
270.2589130221727,-1.8054202353553765,12.980758,1.2352057
270.65943644695653,-1.5957295575709969,11.81049,1.2552195
270.8901104708612,-1.5785092975699349,11.318369,2.1220417
270.7049834685234,-1.4887419266756867,9.391839,0.7176037
270.96184709151765,-1.3206031376267704,12.881045,1.3477402
271.24680334645365,-1.1970764493700328,10.357611,2.4172316
270.8167185931752,-1.2669752228602928,12.948553,1.1330462
270.9900913463408,-1.0183948096125457,11.821935,3.0979586
270.46121131853323,-1.2645771297711477,12.027715,1.9256945
270.67707555058473,-1.1992894010196125,12.096898,0.9923897
270.7433361186076,-0.8681414615208336,12.133008,2.9801788
270.85056797848205,-0.8532146228468426,12.757397,2.8128338
270.46848674096236,-0.9845902896502069,12.627343,1.8674316
270.5705692334971,-0.7906808389605954,12.834206,1.0099764
270.18480352659213,-0.9230329417980618,12.001695,1.1216431
270.35141878493806,-0.6027423710469534,12.759435,0.97975063
270.5346825157622,-0.6584648393735384,12.50232,3.5357723
270.2303839671959,-0.6381444350334188,10.73487,5.4953175
270.47364328679635,-0.4672136426550559,10.966653,3.2734451
270.2836435124224,-0.3075434242715858,12.541271,2.1504602
270.23663797707417,-0.20777152584265918,12.742843,1.8570032
269.1786959324813,-1.3596735608671322,12.933855,1.8076782
269.7105635802206,-1.1363747724521176,12.720138,1.9141455
269.71908718156845,-1.130829075421284,11.945944,1.1234341
268.99768445964486,-1.0640168355846609,11.602483,1.8494539
269.3105281911244,-0.8909019813089304,12.687585,2.1759949
269.1659244810837,-0.995863742616689,12.88622,1.9863167
269.97172009810237,-1.0948988331233376,11.9372835,0.894227
269.79782309295376,-0.8317479680210368,12.960369,2.6506119
269.96429979815946,-0.7024244608313372,12.901628,1.6164103
269.6744620820712,-0.7078092295305328,10.192801,3.9213018
269.477020754137,-0.6146873270494895,12.132731,0.89430714
269.35897433289347,-0.5470534239541778,11.473045,2.3022966
269.47517501502716,-0.5109272515842915,12.47278,1.7034626
269.60921234570384,-0.5048783766991795,12.119088,1.2381716
269.8203766185212,-0.3892127924487862,12.236008,2.2503624
269.810074777025,-0.27256040435207846,12.919665,1.6953602
270.07822607260294,-9.420939854667138,12.761885,2.2464437
270.00381826253374,-9.340065209605818,12.851598,2.8749666
270.3359181263497,-9.094677392984456,12.276757,2.2785587
270.2852244747801,-8.823090344706168,12.703108,1.9619198
270.175698227956,-8.600215444715596,12.038753,2.2064695
270.72114257001215,-8.83549522691306,12.009349,2.7182064
270.8716005822359,-8.796683909164916,11.604895,1.7732067
271.0390483194106,-8.459201225700442,11.276713,1.2637033
270.49134963937905,-8.384750198582363,12.737583,4.6690073
270.54595686446567,-8.24990617320684,10.922158,4.247425
270.14073643668667,-7.918251516299331,12.903865,2.4336386
270.3942543769448,-8.007571397864714,12.541094,2.333043
270.4251978685996,-7.9776197020234925,11.481522,1.3353233
270.35543081727917,-7.4897140180406545,11.420618,2.736126
270.1710279267648,-7.3571985906689035,12.260767,3.747635
271.6204237026476,-8.048292380768984,10.389825,2.2658749
271.47109529675913,-7.980500347678635,10.639883,3.0433388
271.6543920281583,-7.817600375980806,11.605733,1.4014139
271.5909977808052,-7.73271758570529,12.803997,3.1983356
271.7745437989205,-7.521861734449576,12.465453,2.8118753
271.3127012487309,-7.390085126374515,10.24066,3.429576
271.93608101145537,-7.382776784748113,12.997723,1.37469
272.42155622967067,-7.1620040170576935,12.677132,4.0308847
271.5260414315475,-7.12501104680851,12.816231,2.6267395
271.7296852908033,-7.015040570168203,12.82823,3.3913212
272.1330866027118,-7.128567725891753,12.99451,2.583805
272.0053896217011,-7.000954340027566,12.989039,2.8242006
272.34146465123297,-6.822225876806924,11.310269,2.0626593
270.73756459252036,-7.747478124828991,11.710172,2.4164534
270.8958263829376,-6.941219994666496,10.878327,3.0817804
270.8520919146585,-6.924033394229239,11.760203,1.2340813
271.3706515655481,-7.0625587393585,12.873094,2.50764
271.20472683672136,-6.908692719767634,12.501157,2.8839111
271.90455057656544,-6.409038733403203,11.422088,1.1833687
271.2465401343482,-6.157170744126606,11.545231,3.0102196
271.4529904298189,-6.2329103367590815,11.964357,4.4602394
270.3181923595791,-6.775631430594525,11.279483,4.603513
270.293772302102,-6.522365394209006,12.173059,5.2039213
270.6637352900038,-6.259029988582161,12.322285,4.0759897
270.420354798872,-6.109505947301788,12.385484,1.2761164
270.2599607476929,-6.102304561648418,8.219921,1.6469417
270.563394989009,-6.0698866502259845,12.275864,5.2131443
270.6030750578898,-5.858307842411457,12.281684,2.1650505
270.67475955036736,-5.848298335406929,12.28624,1.4073458
270.7845664194456,-5.628812948222508,11.0125065,0.9164381
270.8721528646166,-5.572427555515511,11.735404,3.0577364
270.0734074845397,-5.851913878771339,12.692528,2.7726192
270.3582703756818,-5.4499680113592985,12.115724,1.475584
270.5339998067302,-5.467964100808357,12.139902,1.3871689
270.10944301477616,-5.1141927387290576,12.710831,2.7846537
272.8454568573956,-7.149021109090864,12.841899,2.4566765
272.80627879478953,-7.101819077143559,12.809649,2.4598074
273.029767012428,-6.842955176893261,12.511339,1.6383162
273.42035029596383,-6.261939041767693,12.68298,3.96243
273.5895448995642,-6.0815709379436,11.804127,2.3059387
273.2457933669373,-5.7587793470589945,12.833521,3.267045
273.13374775421664,-5.749955320269389,12.710724,3.0131931
273.53926150148,-5.647248402457282,12.904205,1.4819164
272.31979495900356,-6.349652616372967,11.845221,1.3775606
271.88727847565104,-6.187439296770134,12.287268,2.466175
272.49718350903566,-5.932962657046192,12.962988,1.6845503
272.4790171253958,-5.781948747849673,12.417603,2.9739876
271.597054986315,-6.0907150827564545,12.751955,3.3917637
272.8344449312424,-5.83570502646969,11.824148,1.8135042
272.98126713364843,-5.623954763936142,7.1682987,0.40533686
272.9007006940483,-5.5643780144055786,12.246109,6.2809277
272.8951932802781,-5.477420992628819,12.926595,3.030962
273.1115137402233,-5.559095369969424,12.917827,2.5509338
273.28436504710703,-5.461311007889947,10.13029,0.7675543
273.1147061839211,-5.383895557673077,11.222403,2.3688507
273.06586268144696,-5.335427164411542,12.699443,3.7686586
272.91505256534606,-5.31025272047553,10.587899,2.7563515
272.94097971828097,-5.285633397692899,12.489479,1.3180113
273.2256170622737,-5.206966470277024,11.2348585,1.1642485
273.01351879533394,-5.232503728833206,12.546174,3.5858803
274.39114507247325,-5.805862364868681,12.345804,4.603838
274.4825604013204,-5.73683333901414,11.896442,2.7881203
274.53424975487206,-5.659424560216215,12.472605,1.6406069
274.1878566685912,-5.653105639428299,12.542313,2.9665012
274.07557697079034,-5.690283459636072,12.516414,2.355115
274.343934243443,-5.397644327247611,12.431302,1.8876286
274.36308550408313,-5.363348104265401,12.706582,1.554841
274.1596326951481,-5.333115508143603,11.508573,1.2862349
274.0730859344273,-5.244078218549485,11.587324,1.2644854
274.31359769582133,-4.914901963205846,12.250086,2.6951828
274.99659491741005,-5.130241047734686,11.3192625,3.6669645
274.8435514107922,-5.06131219605992,11.768321,1.0260468
275.15268277056754,-4.876053653393153,11.259712,4.5280886
275.1569352154055,-4.855801457140205,8.989639,0.98188114
275.06112432232345,-4.623048778596671,11.170291,1.934824
273.4654770052933,-5.241040742746594,10.820451,0.8226404
273.5085335500939,-5.109098176659133,12.938062,1.2811775
273.62095473013113,-5.069136862556323,9.076772,2.3919377
273.2763027392081,-5.0900941753306475,12.605731,2.5291634
273.6350710271837,-4.90859524772508,12.193458,2.997385
274.02635605251857,-4.797381454366037,10.908343,1.9103632
273.8074096802664,-4.673706305370762,12.599848,4.2401733
273.1140578691786,-4.878199379204042,12.649168,2.215392
273.33344394393595,-4.799739991689217,12.420139,2.3228579
273.66590341902577,-4.628974217336091,12.76568,1.3113651
273.60656268916387,-4.562450757740303,12.776623,2.5302582
273.5483173049191,-4.597769282214359,11.423796,1.0343704
273.83155413991335,-4.503173222640113,11.921618,1.5666494
273.6830324153803,-4.379002916715216,11.411859,1.1077366
274.2800194055989,-4.64555273804434,11.906295,1.4023237
274.72916697891833,-4.319468244947997,12.76808,2.5835743
274.6776644809457,-4.302046934438684,11.504855,2.6367044
274.1119429766618,-3.862243000971904,12.2773285,2.686798
274.22705561209335,-3.8657158369234565,12.380902,3.9315586
271.4179280776964,-5.613338272854536,9.391683,0.97240543
271.44990973234854,-5.448607614248984,12.722768,3.322546
271.260731861186,-5.402656792861063,11.648214,6.5559225
271.0480618585035,-5.330351002897032,10.569259,0.90137386
271.69086645416564,-5.086064606668377,12.984638,3.8253002
271.6635011639041,-5.024684826205048,12.93682,1.4346828
272.20044548080404,-5.263052851945332,11.661866,2.4623556
272.2099142930065,-5.105647278538704,12.552628,1.6626472
272.3243959035883,-4.993319656401843,12.844091,3.3538952
271.58408641569895,-4.9190059256493495,10.537226,1.2243786
270.23376277191517,-4.730261099399646,12.836138,3.0435095
270.59135259752173,-4.642159564272967,12.633953,3.8359718
270.4953300990887,-4.391655574221167,11.6633,1.447196
271.55276325743046,-3.8523363775689523,10.302851,4.668659
272.56233776047225,-3.988146732074408,12.575443,3.9529772
273.3732871985466,-3.88362940106771,12.66491,5.900215
273.33034582212804,-3.667646541355386,12.592756,6.6965523
272.3349271325852,-3.7179408816351454,11.020048,1.4326677
272.65814005548583,-3.650810694564193,10.726976,0.84105873
272.04658987596747,-3.501212839571432,11.134057,0.9391413
272.7789069008743,-3.3446157591923957,9.772281,2.1355839
272.67505063932725,-2.9702041046642838,8.144645,0.3003707
270.2935911176979,-4.276148458361528,11.703702,1.3709526
270.6633486903943,-3.9858159185338167,12.93647,3.335559
271.2456669284377,-3.5840297019736296,12.080972,2.9933958
270.5202146585832,-3.11977904083131,11.257829,1.0860825
270.00030795299125,-2.667215091023475,12.911897,1.2534504
272.1951146839056,-2.6155507925899424,12.502219,5.3956985
272.05970352944456,-2.7075448018155326,12.330734,1.140748
271.56214372524624,-2.371617864900761,12.880167,1.2669868
272.3278771348228,-2.0321566143529144,11.40113,4.1714783
270.4864620637992,-2.794772699059751,12.739874,2.3811378
270.8393346231435,-2.515019804614282,12.989776,1.4030352
271.03322397283216,-2.6188205469515062,12.2038555,1.3549871
271.0961699141355,-2.4520027067568884,12.417748,3.2028236
270.3902025361641,-2.5031499489836997,12.588451,2.1452208
270.4749169142192,-2.249225646710854,12.954099,2.7569942
270.34781938659023,-2.172539969553805,12.060316,1.8942366
270.606914074724,-2.2193057398571243,12.412897,1.2287436
270.4986161652563,-2.0216954409462367,12.73007,1.9615335
270.71435864701067,-2.0576702362379615,12.997223,3.1587114
271.33118784262666,-2.246260538214236,12.374982,2.0063343
271.5228409414048,-2.0839570590989998,12.675513,1.1732492
270.8255934507868,-1.721289970784073,12.529378,2.2875319
270.0041915217019,-2.296683577194508,11.881289,2.162755
270.00066864136664,-2.2252392209755603,11.966822,1.3031464
270.0120014342479,-2.191470477991527,11.242662,1.7356949
270.48087481477853,-1.8542777228181035,10.715696,1.9669008
270.22680340637845,-1.8002422264450115,12.261185,3.6820698
270.10134292864944,-1.8297750490149092,12.851247,1.8569107
270.16691743791995,-1.6460670573323481,12.918483,2.10108
270.02131815873264,-1.558045525524253,11.838003,0.9948139
270.66064075481404,-1.5880773102734438,11.737611,2.2070808
270.8889256353528,-1.4661409560745915,10.011676,3.826416
270.6081692617798,-1.5445569145181979,12.690718,1.8629351
270.65870829225554,-1.3891388097971822,12.982566,4.225398
271.03934900627667,-1.2432013470548935,12.70227,3.2640266
270.56497617076934,-1.0081624733668122,11.651768,1.2489643
270.42018447507485,-0.8523051888303089,10.336447,3.2335854
270.71061189146565,-0.6405422235604711,12.926111,2.006569
270.72132766701196,-0.6390263026299603,12.658776,1.1770296
270.1671045245896,-0.45113109377722777,11.3569765,0.9171562
269.78161064829624,-8.806716880142721,10.572999,1.1247368
269.1580897500978,-8.313998402098735,12.565645,2.7726545
269.03766345387504,-8.194352272624695,11.930526,1.2017155
269.2120956169935,-8.274009669496833,11.839234,2.8085327
269.2417556082028,-8.213391014751586,12.94681,3.3568687
269.13172488617954,-8.187883656874368,12.844081,3.5851517
269.66793070030946,-7.833412031427896,12.7716255,2.1099854
269.8850250440576,-7.326304103633543,12.743128,2.4004126
268.5843730427743,-8.351598001790425,12.645397,1.5572548
268.63021089575545,-8.173011294200181,11.33358,2.3225307
268.4592608774015,-8.009759661570863,12.71188,3.2345905
268.62193924738,-7.885136756464219,12.965771,2.1465511
268.8550347655364,-7.978453334268859,10.670997,0.89526176
269.0081245354357,-7.872291793032261,12.867662,2.6385622
268.18327986579766,-7.948593266542757,9.676373,0.90201473
268.57124722223125,-7.4522278797870465,12.3302355,1.6542768
269.0618420751712,-7.388174096353075,9.562807,0.8309307
269.2186039210577,-7.310079308496992,12.969303,1.4803829
269.5106217357457,-7.240172662767895,12.436311,2.2433958
269.5948209674653,-7.144217140650732,12.386532,2.3423138
269.0146077937192,-7.329503288697898,12.146305,2.3696547
268.9150252918504,-7.281322261434719,12.515823,1.4828863
269.0377738043138,-7.144636957296977,10.825427,2.2821417
269.0586501648434,-7.139862693803952,11.56726,1.1370592
269.00237395016006,-7.0297661094025745,12.788074,1.1444435
269.22973008532546,-7.089107993128087,12.422083,1.3073473
269.3196689442183,-6.711714630536635,11.20087,2.0629578
269.3262392734285,-6.608354808422761,11.382649,1.0382204
267.98468990697603,-7.581405160750483,12.293177,2.073656
267.8039580731909,-7.506438827940588,12.675308,2.7207212
267.87777969557254,-7.290336893470698,12.161479,2.3708525
268.39580999287256,-7.114303143081387,12.724185,1.164711
268.19576090644796,-7.179782664555702,12.5594225,2.7087593
268.2911940017403,-7.021857419305004,12.026739,2.298667
267.5216131391087,-7.461349121451087,11.886344,2.0563097
267.47896179815746,-7.4224731820832615,12.102292,2.503437
267.55134332928833,-7.0598182197138275,12.7560425,1.3260937
267.93429179841587,-7.108619673696736,10.822982,2.3325472
267.9768696212448,-6.890524548405347,11.53831,1.9823942
267.8939072768019,-6.626181888913628,12.978719,1.2798986
268.59448814310986,-7.06350510224847,11.857405,2.390236
268.6888747393685,-6.953083371154457,12.7717,3.2325
268.6026255315531,-6.664937489763144,12.859307,4.1742487
268.79112521011524,-6.602313959783167,12.4117155,1.2295523
268.828575460323,-6.51773899068086,11.583205,2.3672037
268.4914394335997,-6.542253919840938,11.42186,2.4842253
267.91353530100486,-6.573355168342527,12.214519,3.7193928
268.54330229777946,-6.343832255273995,12.833738,1.3113241
269.81687794528494,-7.002510852354894,12.007084,1.3567944
269.6312252419295,-5.919065988386043,11.869301,1.5516224
268.98542197894784,-6.208632159236916,12.882716,2.3948221
269.7131386332578,-5.30569220897677,12.3457985,2.960761
269.5658415719435,-5.234990763004479,12.3190565,2.241706
267.3358606926062,-7.025398269305856,11.690942,3.6208735
267.04539968461734,-6.909764673637796,11.857119,1.206274
267.21761260738083,-6.61833875144227,11.741023,3.1966677
267.3280709888894,-6.671499346860202,9.915576,1.8094149
267.32844008839726,-6.5674254159951735,11.8991585,2.297123
266.97818538373195,-6.547975862249521,11.515749,2.0293312
267.05571878550404,-6.166585045090308,12.210424,2.0983734
267.84180084958143,-6.460656935656948,11.964771,3.5938988
268.0205307686667,-6.249819633046203,11.864762,1.4746475
268.3421305882162,-5.9414538963287615,12.953989,1.5140104
267.64402350427883,-5.9447209882990855,12.811485,2.6439629
267.3143228229026,-5.963932979026502,10.803745,1.0314035
267.323782233214,-5.9463566238246015,12.448447,3.6862211
267.3670008833469,-5.853121389225396,11.753949,2.1987972
268.1679941160006,-5.681590112897876,12.298902,1.1400309
266.3236878357493,-5.9954760684116915,12.641102,1.4126005
265.8937707875021,-5.963878126148388,11.946824,3.6796408
266.30346526567155,-5.6219706469704205,10.757684,1.031292
267.71797193234113,-5.485159551099913,11.988581,1.3174076
267.7584772526236,-5.429685364966671,12.839535,2.1676407
267.65442664894533,-5.42577290631063,12.966076,2.755539
267.6894249519421,-5.330282703189578,8.208144,0.46948195
267.30611582754335,-5.368677824230337,12.941941,2.2155275
266.74243498041244,-5.566030716122503,11.668138,1.1920147
266.57251967688904,-5.435583649309989,12.368565,2.2517395
266.57964059078444,-5.340708357858621,12.084184,1.9547567
267.06120024541116,-5.078365415949095,12.963666,1.3588486
268.8502435007248,-5.522003986146404,11.20841,2.4639416
269.0823664151738,-5.315040843231997,7.8687687,1.548975
268.8902994637796,-5.345732397153094,11.748575,2.3040152
268.2115598513032,-5.610992685973784,12.591383,1.6412468
268.1172730606593,-5.3960410083956685,11.783479,1.9701738
268.56782286371816,-4.896244271831256,12.079545,4.741825
269.33992888980873,-5.2739449813703665,11.672099,1.3632822
269.374183027412,-5.273473554955922,12.849735,2.1281328
269.21308328135353,-5.220200980768023,12.967985,2.4444485
268.6570072723033,-4.801821253095858,12.38389,6.3449793
268.7869503158903,-4.622990977802332,12.723405,1.2031155
268.0840488810833,-5.143309320337306,12.190196,1.5594463
267.9659906222178,-5.022041014047631,10.355503,5.450573
267.739929583902,-5.2042735319513405,12.906065,2.3826704
267.79433731619247,-4.980706192099195,11.352077,1.2846775
268.234338574747,-4.557472275224702,11.82784,1.0328083
267.69769276926536,-4.864629296525724,12.131095,1.9371977
267.3118104604268,-4.8337138068465935,11.022116,0.82739353
267.8620509509027,-4.441705827447831,10.98713,2.2067366
268.67054636105127,-4.418022215934068,11.364152,0.996459
268.62394289059216,-4.346373845914769,11.669197,3.2616081
268.91438971677144,-4.0548074333809305,11.439577,2.8653088
268.7376271737246,-3.7225968065288284,9.606639,2.754506
265.6079483562771,-5.7887840409695315,9.784653,2.9321098
265.6863211103386,-5.576169970923251,11.545379,2.8490295
265.7401265768042,-5.552605360936546,12.786676,2.476839
266.1178725347198,-5.607194165759462,12.602617,2.154766
266.06608610688266,-5.4112822240034655,11.6120405,2.156396
266.3759776616795,-5.05120398566897,11.992479,1.9376516
266.0936503530792,-4.528020420948897,12.553684,1.5076866
266.5081400029642,-4.589248647610204,11.191417,3.608797
265.4389661232725,-4.683014945974885,12.568927,1.3842621
265.4649356496843,-4.663396709120068,12.938136,2.2219477
264.52979130263225,-4.725549967824372,12.571953,1.5902481
264.9472661333628,-4.349613175315865,11.552942,3.0285625
266.2945676995649,-4.050800817420037,12.622914,3.1887646
267.2446911376063,-4.450788326975132,12.904322,5.8619375
267.6089163939775,-4.173563412222348,12.130572,2.2650166
267.622425053058,-4.112041998377696,11.7848015,1.0038147
267.42489637262713,-4.161252642162579,11.722785,2.6260443
266.91124314767615,-4.219372911202358,12.453944,1.6144457
266.769910586553,-3.9423068100608494,11.18716,1.4093304
267.87159026550864,-4.16169260217244,12.789396,1.4218702
268.01642148439635,-3.8447455092947824,12.988873,5.756521
268.1442267710642,-3.750886887556051,10.21566,3.2645702
268.21814184742857,-3.7330125294392293,12.972059,1.3421831
268.0278424011061,-3.5157473393474588,12.064913,1.8433971
268.2078430009743,-3.37662709827704,12.9114685,1.3058481
267.77015280683315,-3.5020287296537393,12.187574,1.9597635
267.6466417343106,-3.335523516230971,12.770648,1.9826746
267.9998705356793,-3.0928608803113886,11.4421215,1.4610147
266.3999833710174,-3.964905486272819,11.426117,1.0384569
266.5983188803503,-3.821326091227238,12.591155,2.01361
266.53018301710233,-3.829091937721335,12.467402,1.9776258
266.47447657450004,-3.69451931730776,12.621075,2.9714937
266.6572436450366,-3.6126665526717026,11.900702,2.4819431
266.86557748739045,-3.4990448027122163,12.743242,1.9880981
266.13519224038123,-3.6239004947893214,12.913336,1.1952906
266.21408683852206,-3.4746125919759385,11.811891,1.7328129
266.69537805174116,-3.2732606372497384,10.244741,1.4356031
267.54452423603624,-3.0076413236576043,12.0616255,2.3447905
267.1152676401925,-3.0209558431482435,12.924872,3.2766418
269.91772533508396,-3.7232648618017294,12.394311,3.4389238
269.1848575028448,-3.870659213655218,11.543543,4.556839
269.44388976586,-3.6975197141197826,12.29246,1.9059181
269.48225150715604,-3.5150518209887722,12.402901,2.2297335
268.8674844146665,-3.508348284844381,12.862939,1.8666553
268.9280508521017,-3.3509768354773066,12.041803,1.443963
269.2244384614983,-3.0485869797225478,12.363006,2.1465902
269.7071317089776,-3.008813547219807,11.620669,3.0950575
269.561902862368,-2.983249161848141,12.610169,2.4411364
269.4891424225112,-2.858601180074955,9.14884,1.6699257
269.69449494119146,-2.7407321006606478,12.060636,1.0738993
269.647417397072,-2.7554366018636554,12.842397,1.2205648
268.550159844951,-3.4158606282850155,12.478296,2.772709
268.41806554389547,-3.2288325679296004,12.665423,2.2440004
268.580875396846,-3.043195149284273,12.993748,1.3839045
268.9274177598103,-3.0740561017740746,11.661134,2.2295122
269.24535549561665,-2.99031714050886,12.577582,2.0303097
268.14844225609033,-3.184029139128706,7.868468,0.60284424
268.02455710201053,-2.9994017324740545,9.969071,0.7255297
268.12288533948964,-2.8462100416353664,10.38144,1.3367062
268.72500623293394,-2.815415395401243,12.104519,2.0220337
269.4415709888425,-2.639303256999422,12.72445,1.8008356
269.1258412443079,-2.623539622247379,12.868231,2.5895166
269.1504475248374,-2.6053593279232694,11.683722,2.4443388
269.86210437626715,-2.3300337599743406,12.520531,1.3348875
269.52852832943665,-2.298374866855806,12.933514,1.1546078
269.4233369195515,-2.310397975954664,12.9865885,1.7831812
269.61091762925713,-2.222699290672177,12.263701,1.9038906
268.9850253124135,-2.3878084485236784,12.690797,3.8715649
268.71727719779557,-2.4393602297816885,11.61517,1.8624849
269.55160831909114,-2.0496472400249752,12.907817,1.6994352
268.0988458828601,-2.693513435647458,12.770206,1.9278145
268.12808966164306,-2.395722490830504,11.883782,1.997489
268.31354535297095,-2.251974378397736,12.991588,1.8173056
267.85357279039516,-2.0768675086393125,11.590091,0.83351994
267.6555059821655,-2.1088978888676024,12.168412,2.3189754
268.46380111112643,-1.6861840842502789,12.966089,1.7115164
268.13186438385156,-1.7760080807929544,10.853614,1.6198435
268.1981875621167,-1.5959077185389527,12.112517,1.786459
268.74130593444016,-1.657406422777639,12.096475,2.0876312
268.5153179814425,-1.6194042190938074,6.682576,0.17601156
268.8459542318573,-1.4308483505376604,12.471044,1.672329
268.3210804431586,-1.4370086212387587,12.597959,0.86461735
268.38226306646555,-1.434286314106251,12.034068,0.94060326
268.7045852051601,-1.3969314477295542,12.105795,1.7576323
269.848178953886,-2.175016979583018,12.307595,1.8170443
269.7561419864862,-2.010175263368044,12.925716,2.5320578
269.5241568519832,-1.622713061240139,12.291887,4.2544174
269.8691135237717,-1.6567558959043154,12.189342,2.5734196
269.99546893336856,-1.525555874829229,12.763871,1.9746428
269.47198288021104,-1.3505389278773887,12.745548,1.499464
269.0172223085413,-1.4478609286565787,12.272434,1.2086077
269.34826034330956,-1.4266320384716098,12.17992,2.5609245
269.36412023319946,-1.2838000428339462,9.635202,1.7593307
269.3089232381474,-1.2243827276442025,12.336755,1.4194365
269.0598522127687,-1.280923388048877,12.02617,1.8301744
268.91925640780664,-1.1335784535494058,12.521035,1.5634546
268.96767023232695,-1.0433528207211233,10.651406,4.898902
269.0947874761604,-0.8991620325874582,10.364647,0.9212589
269.38153405449145,-0.7375838887311046,12.217609,2.052312
269.9967276281473,-0.6870798449954177,12.369933,2.2672253
269.5489306996997,-0.7239713068283394,11.756824,1.6673832
269.776962839364,-0.6406272905144077,12.868091,1.6231184
269.6646902005399,-0.5819136987370538,7.6362505,2.149764
269.72341310077536,-0.3894961013386504,12.183908,0.68465996
269.9169081881601,-0.4900587278121427,9.805294,0.53314114
269.91384967557394,-0.10303262399397974,11.365314,1.670702
270.44489272314235,-9.01013410364805,12.8843565,2.5060387
270.54982623209236,-8.908332870380324,12.41448,1.6958447
270.0300613910962,-8.731130862057325,12.555461,3.4475994
270.23660599836467,-8.724952039783822,12.200141,2.404871
266.5377587259409,-6.116187181814191,12.155078,2.1994944
266.00345462488104,-5.929615585213303,6.9284544,1.1936283
266.51742242945505,-5.818999169905836,12.226239,1.1092596
266.33726174662274,-5.5590435312013815,12.8006525,3.1809225
267.2067953521483,-5.549766826144781,11.466448,2.3868132
266.7582216752039,-5.4727102944197314,11.977732,3.3317184
266.77554103632576,-5.344778987268617,12.887619,1.1545019
266.8038616365576,-5.298271209608498,12.183016,2.683673
267.4555690187034,-5.0398237316194,11.7764435,1.0687723
267.2387902900666,-4.864906817411794,12.210477,1.0278034
268.47857371976306,-5.739246470391645,12.400302,3.3313847
268.3369109220497,-5.726936935594332,12.292256,2.7218342
268.14387120727923,-5.592398827139452,12.935302,2.2243385
268.28656460232014,-5.486531560680187,12.727469,1.4935265
268.33209375142735,-5.43753562411993,11.848418,3.2201052
268.71975661036646,-5.1860072820459875,11.530763,2.6515598
268.89405946845983,-5.057091992136494,8.98137,0.7675333
268.7808436752712,-5.024661072079352,11.338413,1.4776125
268.573328401229,-4.993492770822073,12.746613,2.1834354
269.25463100224886,-5.2709697262528215,12.552617,1.6203556
269.8009864647036,-4.6997284437470475,12.856833,1.608036
269.6007276895469,-4.63386249427925,12.903067,2.972911
268.8486927866788,-4.953527462840548,12.560771,2.4067087
268.7350464940578,-4.7925724698017085,12.803193,1.9930162
268.91744641427016,-4.750775221899331,11.807133,1.876071
268.01365307552084,-4.9316111644208664,11.919029,3.6507034
267.79687267003754,-4.939259308737118,11.586848,2.5238895
268.1982023828649,-4.914936831645671,12.724438,2.793972
268.2699093997299,-4.690937432163114,12.148031,2.1866255
268.7364124012689,-4.538827825877271,11.110835,2.0996418
268.66279924002356,-4.402474577992007,11.7495,1.4224424
268.48387916072943,-4.369775016217835,11.798279,2.1185741
268.49294687638513,-4.303689396728832,10.764916,1.131341
269.0135145965246,-4.380223891919556,11.393723,3.184082
268.23537795447305,-4.34150842851708,11.933421,1.0334978
268.23101256102206,-4.210462119141246,12.295077,2.3525066
268.4469627672952,-4.210357375103079,12.9481,1.5645866
268.115399828026,-4.042450095667188,12.461272,2.5779505
268.5052104971245,-3.8798964994147176,11.5458,2.7052326
265.7768962075557,-5.5642534845757625,12.615416,1.5893526
265.876017417289,-5.590652601327499,12.179542,1.9631586
266.07060265697646,-5.217360764303733,12.289092,2.899909
265.3646195886033,-5.352296547167016,11.318778,1.0368423
266.49361169888766,-5.206501609097401,11.741151,2.7789288
266.40536666011036,-5.097410084124202,12.742198,2.6261873
266.6390517743736,-4.938851056446223,12.557753,2.2296095
266.86474739239736,-5.050681931536176,9.270741,1.4887657
266.9300711276628,-4.856614914095596,11.815364,4.382161
267.110135105545,-4.8151139323065255,12.63352,1.9496489
266.10224433532164,-4.975547935634887,11.701935,2.1311579
266.3914607026638,-4.801709455945791,12.963111,2.049244
266.38538657865195,-4.757202716110249,12.326125,2.5742226
266.3403019363133,-4.725681826394324,12.784875,2.4674082
265.9543111594106,-4.8374647944058005,12.957226,2.0472107
266.04223799140044,-4.76574688200666,12.28479,2.212535
266.6961956289383,-4.513043702984543,12.141146,2.148507
266.62895275945755,-4.522345769555121,11.582914,2.336131
266.4727772910724,-4.379062396156742,11.603848,1.8475084
266.51603315398125,-4.330768034926548,11.71192,2.1351633
265.0510139181562,-5.081939320306012,12.808249,3.2634277
265.20813334018345,-4.7453376785226125,11.634431,2.2395992
264.72793000874196,-4.699826629493737,12.610433,2.131874
265.2484983584988,-4.4134032144200095,12.285147,1.2669439
266.00853295662665,-4.509520342032523,12.855064,1.9150362
265.81143232089715,-4.349092196574823,11.84533,6.055794
266.14536667473493,-4.041758420168797,12.801454,1.4770927
265.3945092504261,-3.9957898309742497,11.383514,2.3305302
265.8177401701486,-3.8300267046033003,11.6574135,1.7887506
267.40973020752733,-4.412654651912197,12.049954,2.3882217
267.0649099964106,-4.276220224885919,9.29282,2.01797
266.6742067607237,-4.053142876169489,8.544659,0.5152674
266.8616668968576,-3.991247432483023,12.678976,1.1692829
266.85860651729575,-3.967693910898748,10.799215,3.039155
267.14142970957727,-4.124974343293423,12.582007,2.4713345
268.0155772298507,-3.8097247788110455,9.42916,3.9938068
267.588649823875,-3.9001521287797867,12.213908,2.540144
268.070384069795,-3.648356830157244,12.806685,3.3193312
268.22896405898405,-3.37820289031666,11.46183,1.1013355
268.2540908574113,-3.343551997875672,12.433207,2.3664942
267.6903249404792,-3.6865331201351452,12.5392475,1.2389536
267.75788946960745,-3.525408434385975,12.180224,1.7246075
267.34279239029763,-3.5053443970860108,12.457417,1.9660969
267.5339925736503,-3.3765078131598685,12.294808,2.1121006
268.0085202633533,-3.4395794541375855,10.71766,0.8494797
267.7325241876317,-3.246172290295168,11.985939,2.054575
266.5820188391594,-3.899844094831666,11.845177,2.0093222
266.5467307968777,-3.849755622977468,12.584946,1.188199
266.671305820328,-3.625646978474642,12.240966,0.84251404
266.39602973772236,-3.509581247859843,12.913894,2.284809
266.3926816638475,-3.504659562722596,9.569115,0.33378935
266.80852256408275,-3.2731831936994156,11.618771,2.2103376
267.2980272936493,-3.4446789646636424,11.980752,5.4219685
267.1027081093903,-3.2280190010272998,12.791595,2.0843334
267.1394945257773,-3.2120715119856045,10.003307,1.1457758
267.65450148994705,-3.1581945157429243,12.493228,1.9628477
267.7166670417484,-2.9286701607254924,12.760278,1.3348627
267.4828017142378,-2.959105985172379,11.148468,1.9528284
267.5617231359811,-2.773089399322175,12.528207,1.9096146
266.67606959826634,-3.007076083702682,12.93028,1.4670801
266.98825862807837,-2.662347077153986,12.380657,2.0948687
267.29532981880385,-2.5573832310673605,11.966263,1.7740068
269.86761582506585,-4.4696382879749965,12.9774475,1.181469
269.78060147405637,-4.220169768852249,10.98241,1.040762
269.54932043827097,-4.092464733241556,11.163369,1.4878273
269.6301732221369,-3.9252951664739655,11.457386,1.0687199
269.91734634249764,-3.7497135824080314,12.277325,3.5682898
269.15334036915255,-3.7610716760906278,12.870218,2.4607067
268.6697850559629,-3.5889519834207735,12.163124,2.332549
269.94947831214046,-2.858571913500666,11.769033,3.6494083
269.95184179761253,-2.7837148917862415,12.105154,4.615834
268.6038370800192,-3.465639378058773,11.682387,0.98846817
268.43032788679363,-3.3007780909249704,11.734023,1.1039028
268.9530222756313,-2.974435575741748,11.624448,2.2617474
268.4827719043233,-3.0254659579556957,11.523289,1.8636522
268.43642630265725,-2.9761302387239303,12.703695,2.3004599
268.2894028681615,-2.7695123110775763,12.873546,1.5145988
268.8067620535704,-2.7137692253386048,12.175759,1.1437197
268.5969093050467,-2.4174513532353616,12.367802,2.6524763
269.3660770860052,-2.864760369570443,11.70554,2.2902842
269.45620449622254,-2.6472106458333218,12.185217,1.0798798
269.4090228111813,-2.618000047567236,12.746614,1.9872885
268.96928477498096,-2.7033543542588796,12.900163,2.319374
269.68250538840323,-2.5833265985151725,12.205098,1.1762447
269.7064090046071,-2.530114473172237,11.873996,0.951457
269.6567660374094,-2.5083458605151745,10.214532,1.7588911
269.4180821011805,-2.357143236148522,12.6896925,1.1296692
269.6624748054524,-2.351105057075572,12.395663,1.9719782
269.55917585524776,-2.0991582929136867,12.274594,1.120245
269.3357055777794,-2.0740002648633706,12.257489,3.3050556
268.0046500029173,-2.5924154687046683,11.320929,0.86504555
268.2521588411142,-2.2605119153272293,9.063606,2.0214977
268.21397028782894,-2.231478478090501,12.809261,2.0120382
268.8801944635706,-2.105685592831062,12.747397,2.0977316
268.9131295573317,-2.0029827633815227,10.98536,2.3575296
269.0222730879234,-1.8032005169873162,12.299305,1.2393456
268.78879249078415,-1.7295697551418,8.4318,0.4756117
268.2256819785642,-2.0306579401020715,11.621239,2.1170826
268.55906918246495,-1.7799257849325396,12.235491,1.8518305
268.3214437986504,-1.5518845631162344,12.61768,2.0642347
268.3158109957677,-1.4514923338076904,12.891803,1.4223118
268.5284264683328,-1.4206217867310071,12.011249,0.59397316
269.9813270093366,-2.025262508638764,12.8813715,2.120061
269.6648635613808,-2.040431220401769,12.940906,1.9889965
269.84708727861084,-1.7649550284876936,10.617449,0.7975569
269.9005631802268,-1.4175549717422598,11.967863,4.2941723
269.4774768738407,-1.4240442525290893,11.808764,4.067191
269.4075369287051,-1.4193099368807818,12.831896,1.9192963
269.3218806889636,-1.284164987787674,10.796356,2.0228348
269.84591392710666,-1.1153922178297344,12.88977,1.1790829
269.41286131314877,-1.2418324173745436,12.072756,1.4289265
269.7376857423663,-1.009437567882451,12.753108,2.016695
269.63849454684186,-1.021322485206314,12.85606,1.7599297
269.03085955812605,-1.4100219612960514,6.2890954,3.079359
268.8145892128099,-1.3084497916212836,10.388456,2.695672
269.11003291414045,-1.3184477954636542,12.585264,1.3473587
269.37309802850365,-1.0667693102689675,12.799541,2.361761
269.32609608869336,-1.0537074508737918,10.21358,1.8742256
269.10058219710044,-0.9747158617909453,12.995475,1.2323513
269.06327836106436,-0.8429110108745139,11.403416,1.5414162
269.2915496786026,-0.7625869134000374,12.149237,1.810152
269.37501855195825,-0.7088839300908208,11.619988,1.2584276
269.97985126937147,-0.9810983035969344,12.907259,2.2651749
269.75675514558174,-0.4210933505651418,12.924197,2.0713968
269.82253010035527,-0.27739108968612264,12.140989,2.1237383
270.24472242012365,-9.08561161356148,12.171642,3.882184
270.5135553614841,-8.975027925961964,12.912529,1.8829107
270.33476056336013,-8.731292950524898,10.631592,1.1106281
270.76807936786787,-8.340140151565855,7.55536,0.79188967
270.08556359332226,-8.433716730128415,11.543671,2.325325
270.09944777366064,-8.388513845643185,12.597598,4.837
270.21556415058427,-8.296987685027736,12.130371,2.4102545
270.726497320751,-8.251652207598385,12.351748,3.311658
270.770550581182,-8.18051992020958,5.126288,0.51960564
270.78550829729494,-7.973425679894726,12.901304,2.6541748
270.1472018022891,-7.874352297483015,12.563128,2.35857
270.43619704977624,-7.692222282375205,11.694696,4.418687
271.50784825091614,-8.144377933879248,12.57941,3.3563604
271.5868695206434,-7.99335666486937,12.571903,2.3633738
271.74177674528346,-7.542433733805611,10.557604,1.3964443
270.7213934113208,-7.767444757933979,12.88356,2.3508844
270.9614867717772,-7.6329335418831095,12.640843,2.2491913
271.2280192904732,-7.414353069491451,11.668597,1.4039459
271.39386553157306,-7.336235253393573,12.104445,2.894086
272.3249866819722,-7.2224292514348365,12.796339,2.4621468
272.2811193730416,-7.242715362937654,11.857581,1.0880194
271.8384112116228,-7.39364877190743,9.954245,1.0196581
270.7142736830427,-7.478503832174711,12.69495,2.5933304
270.7864167410069,-7.309084132488951,10.645308,1.0688524
270.713059919522,-7.0179614594325646,12.277651,1.3383751
270.64117991591684,-6.864912701080736,12.444077,2.9515
271.7182667944384,-6.795316201218217,12.748933,2.8046875
270.0602451426452,-6.613922564843042,12.30405,1.2246437
270.03703888552093,-6.401259138783013,12.676404,3.4366293
270.13714982261513,-6.181168561733767,12.881801,1.8876438
270.5075977419812,-6.284715075622902,12.081723,2.5698938
270.6427467998739,-6.13321674899932,12.678398,1.3429432
270.9899740960007,-5.86884422488707,12.486084,1.3116188
270.82230662933847,-5.778992456774727,10.418093,2.0691442
270.18170228351306,-5.601937471383549,10.670131,0.9732132
270.05130507291886,-5.591071095673991,12.986196,1.8267317
270.03043499271814,-5.459985854918848,12.928637,1.475009
270.1449949457626,-5.031949592373852,9.911916,3.4688234
272.9303846936933,-6.948574006845552,12.033998,1.473958
272.9206392495757,-6.809678163006875,11.948831,2.3196774
272.5517194302966,-6.9503307575499695,12.120116,4.1579485
273.39281552454474,-6.512621388188688,12.792882,2.9916668
273.1854928141859,-6.421862240447126,11.838518,3.5537882
273.0384074872012,-6.273846482197346,12.720805,2.967825
273.50939048207636,-6.174335003756681,12.17674,1.5057297
273.6179173320267,-6.127341312763199,12.348517,1.4433479
273.9402541446223,-5.810630258324463,10.29905,2.0732317
273.08070143871345,-5.88032195403142,12.43981,2.7125416
273.08921398474683,-5.778432803879612,12.88157,2.376791
268.9783602694849,-1.3464330005829173,12.807691,1.9942389
268.96954454969085,-1.0076293231062419,12.733619,1.8913422
269.21077447358,-1.0347282999556835,12.905672,2.413084
268.99071919994316,-0.8799614806704649,8.7724,1.3601046
269.82137945474483,-0.6905448864285786,12.451755,1.8186035
269.6511488011348,-0.4756398294801168,9.487157,1.1376963
269.6800462506697,-0.3026493506835101,11.432481,2.4110403
270.10836307714703,-9.480414288137107,10.722139,1.2032557
270.17389331536555,-9.305187536237712,11.669802,2.9503078
270.23298347653025,-9.33360863385685,12.827438,5.4773474
270.55558171456977,-9.036774938166063,12.888321,3.7824163
270.662501339607,-8.856853099013568,12.125979,4.540766
270.54463448069015,-8.551755740437152,12.941277,4.176903
271.0988515268005,-8.396365579409634,12.996914,1.8248138
270.7831905831501,-8.36863830778936,12.160551,2.6582355
271.0823518835826,-8.23364417389304,12.053265,2.298582
270.3836352492832,-8.219150431811103,11.911103,1.1355019
270.6598658081233,-8.313177902569013,11.153378,3.7594252
270.8726800697998,-7.97119895456781,12.398448,2.2918634
270.0378059890529,-8.284648676675673,9.59278,2.417428
270.17445725279475,-7.751198081004002,12.6748085,2.6343222
270.2161619731518,-7.505961590542554,12.9310665,2.5620308
271.6904628455597,-8.103745243951478,11.816582,2.4276571
271.4454829256832,-7.856849053392073,12.7383,1.4026432
271.49023907242145,-7.747934208885001,12.940174,2.802247
271.7372736483756,-7.76170946264178,12.96474,3.6934443
270.96613341846916,-7.688782111941891,12.795664,1.482316
271.04467451515563,-7.571248828662723,12.431675,2.5903444
271.5603988944228,-7.493930242547189,12.561403,3.8777676
271.50917322607773,-7.401864157576822,12.676992,2.5659933
272.70440024054415,-7.159638358930424,10.865299,1.1651669
272.67246904932284,-7.147771278836525,12.035439,1.3864002
272.53115792550994,-7.053792245698579,12.771962,2.606515
272.4152392710844,-7.017141440599427,12.940013,3.549697
271.76879482579955,-6.9230954894393815,12.757807,1.3477793
272.22427556652514,-6.980719011679887,12.658411,2.4248676
272.2605100006842,-6.994451530083984,9.058252,2.6072512
272.37719509210996,-6.854652638286909,10.249482,6.1862106
272.27919136538657,-6.81621795348365,12.315864,3.0527487
272.2086415272989,-6.732765649768356,12.081699,2.7489157
271.2023418908131,-7.329937713140759,10.985892,2.9268246
270.2286458676874,-7.00470397034227,12.984383,1.6309118
270.9327160466236,-6.831875480479227,12.880766,4.745426
271.1136315545631,-6.710548384366398,11.372551,1.2989254
271.47814105745215,-6.289765598912949,12.905348,2.6950626
271.2526140896558,-6.389678665036946,12.98948,1.5184679
270.53833899631724,-6.555246449085269,11.978903,1.1783581
270.378339814871,-6.451544640454705,10.6223545,2.5420046
270.4541794438205,-6.4089671259309045,12.882905,2.1413078
270.00344078063256,-6.34995880657793,12.34212,2.0864449
270.77992543655336,-6.102869226416323,12.522853,4.7191334
270.2435198087312,-6.177086047456066,12.601756,3.1100626
270.5021122989427,-5.794077096739635,12.316175,2.588193
270.8154313821729,-5.505603997347085,12.619824,2.7092476
270.14585694812655,-5.55937401881696,12.987051,1.5170269
270.52325105228357,-5.316870929768731,12.363309,3.956851
270.1673465126864,-5.444766182148082,12.909408,1.8652067
272.69099190533586,-6.841518019113217,12.852188,1.8828049
272.9437007802706,-6.728720218748,12.805828,2.869156
273.2151578388457,-6.793114367059046,12.277047,3.2056046
272.46870601110163,-6.860453343070193,12.775759,1.9656582
272.6659433357133,-6.62167421410933,11.491463,3.0541668
272.58130225131094,-6.291178498133513,10.344363,2.844946
272.87522137627957,-6.156850634567667,12.832191,1.6813202
272.65643550590795,-6.128236092427166,11.693649,3.1133633
273.3587496815013,-6.330513341163341,11.903885,2.8551702
273.7688511235839,-6.135515707765884,11.41309,2.871173
274.0134012425246,-5.847273978961345,12.93074,2.126048
273.9726286556498,-5.830832408372517,12.453731,2.1020594
273.18221371636224,-6.208242492160409,11.786996,2.5367336
273.3575760981079,-5.873336653499101,12.302166,1.6549873
273.6244188013436,-5.575762770499791,8.017071,0.23313618
273.63633152927457,-5.49627440155315,12.5615225,2.2544498
272.18787217020355,-6.232540844219531,12.936988,3.5192156
272.1394481681876,-6.088725194127886,12.662711,2.8051329
272.3782986813452,-6.135733399088517,12.529755,2.550743
272.42280093727754,-5.918036375508806,12.700171,2.3723164
272.01692919817066,-5.952452068906309,11.058884,1.2497463
271.6101337157229,-5.969757307703585,12.902019,1.4060698
271.5914962176951,-5.836341694169495,12.80949,2.5462418
272.9391121646316,-5.819834687916415,12.818375,1.0787334
272.89825537640684,-5.7466535085498025,10.112333,0.85425663
273.07614464909136,-5.548614170032527,12.350322,3.6424236
272.5665435875285,-5.550830263024008,12.130295,2.9731617
272.3441269999458,-5.573828264352646,11.963122,2.8755236
272.9576790409538,-5.0559582867417925,10.596152,1.1456156
272.693617707803,-4.945619423542503,11.872849,4.44874
274.15019986506724,-5.4304577773918705,12.952175,1.4665117
273.7203546984838,-5.431536190299127,12.130648,1.8951359
273.6364531025573,-5.363819349035069,12.8070345,2.3195915
274.05082303806836,-5.018386738773652,12.483982,1.102273
274.7596628576096,-4.849642205132514,11.5890045,2.511242
273.51469867770106,-5.2631724876868,12.693426,2.1476507
273.543021652473,-5.151779047664638,12.550811,2.4190474
273.3087052621531,-5.170736880298918,12.866314,3.6880226
273.47531012450196,-5.03901096841722,11.154524,2.3077698
274.0137160280177,-4.827331236403381,12.433352,2.4219646
273.6325048135793,-4.714630025488275,12.470671,1.4422426
273.9159088000339,-4.679772729199426,12.460552,1.6525049
273.87759358093945,-4.631062115961052,12.7422,1.2789621
273.24511623151557,-4.994595292109905,12.623938,2.2012215
273.2052772028949,-4.8244267457664805,12.493871,1.561594
274.2300328832992,-4.616699948293892,11.207713,1.6384659
273.6451300029678,-4.175332186788966,12.512909,1.5174494
273.6874940360398,-4.065058189806215,12.377941,2.4080868
273.7628538434294,-4.090261375889315,12.138531,1.0338984
274.2238302211329,-3.9359504359249793,12.356282,2.637354
273.96937772780456,-3.8279554680635286,12.132615,6.1872025
274.1406605400321,-3.714155742325423,12.401231,1.3887501
271.2560879086959,-5.654746747084541,11.194412,0.9830246
271.70081486622615,-5.499266946537665,12.63536,1.3088703
271.78962951755136,-5.247229394222213,12.776068,2.3912344
271.2797512472094,-4.960705056990215,10.487035,0.8837862
272.1131065295987,-4.9261691624448085,11.128782,5.3584404
271.71047721009376,-4.8515556853983774,12.943731,3.0016022
271.9462330106059,-4.807183705774877,12.604887,3.4539623
270.66396964975064,-5.33633578369823,11.550425,4.2463064
271.7939396221255,-4.189877751062653,12.185811,1.1662045
271.9147431793874,-4.127127878552697,11.100863,2.460909
271.5605377571785,-4.063719115764737,11.526924,1.2153339
272.74661124833926,-4.444052424878199,12.643878,1.2592068
273.35464732596057,-4.214094216766319,12.706787,1.4882326
272.3877252137257,-4.0008605825407155,11.898924,1.1374311
273.0519517744037,-3.9162690543107144,11.149272,3.119833
272.8812658438209,-3.8883026083043317,11.399036,1.4139023
273.6933981694833,-3.983064755005379,11.893957,2.7810497
273.49152317400126,-3.6538476809072735,9.487327,0.8805876
273.2877707870896,-3.7034810580142086,12.744047,2.6176882
272.3202312308544,-3.3015472669673764,11.4761505,0.8922577
272.5394107935224,-2.949182395835028,12.708655,3.249772
272.6978835851414,-2.506633337514765,10.768685,2.2037477
270.09693319232434,-4.631638761429624,12.782503,1.5530748
270.0235523381388,-4.575173126449579,12.687716,2.2617626
270.00520655273505,-4.523155462677064,12.448461,2.4941998
270.22249123282205,-3.8842312610375913,11.429073,3.9576054
270.8717184128124,-3.882487396932553,12.971071,1.638052
270.9694624282399,-3.5791676520511984,9.548246,1.0425224
270.23546359691676,-3.658913254399854,12.612217,1.345582
270.31176788421,-2.894608451085496,10.369662,3.440606
270.0216195534412,-2.891719676037674,12.618381,1.6127987
270.1980343293913,-2.7541704594709193,12.455961,1.3832245
271.33521977136905,-3.392696882553796,9.928554,0.87476254
271.6769044702415,-3.0283507897428406,12.857032,1.3586998
271.79871961422003,-2.854904971515616,12.023197,1.2767477
271.99059689700005,-2.8337685182727617,11.634654,2.4987316
272.26517350119434,-2.817333710736914,12.871158,3.5614738
272.5035750623695,-2.3580113852674573,11.247213,1.2011471
271.7890827300532,-2.636142095081683,12.9831705,4.5627327
271.474261586341,-2.440038489279762,9.976517,0.6800575
271.9082715639445,-2.2174948054069845,12.583285,2.1614838
271.74233545021787,-2.1283285953025324,8.772357,0.7265644
270.62727571146286,-2.8364460494995725,11.784762,2.6530352
270.66778322210865,-2.667209026102511,12.734827,1.2680922
270.66881835197375,-2.431939310155854,12.365911,2.6029615
271.22957036561513,-2.4007533345897687,12.662467,2.721962
271.4257514892963,-2.3084668453072834,11.503486,3.033842
271.7952231223007,-2.052495686859237,9.224337,0.8203964
271.60908494152864,-1.9309373621255468,12.306239,1.2611084
270.99473633785954,-1.588305944897031,9.74735,0.74234104
271.44630929975045,-1.332465800950293,10.963055,0.6856222
270.16113754637723,-2.160724399936347,12.634941,1.7897387
270.1615992216939,-2.0357590728141384,11.460976,2.440588
270.1376267851289,-1.7498744009424256,11.925163,1.1405659
270.1952142899712,-1.6869571053066248,11.527446,5.330538
270.0609133856407,-1.6917842516175252,9.161531,0.73911095
270.81778806828345,-1.442086989830829,10.741048,0.93817806
270.4206351867969,-1.5472465445708303,12.642443,1.9744215
270.6977016057819,-1.3364566059835385,7.922236,0.28931904
270.695605813504,-1.2448636054962223,12.712067,1.2318735
270.9387675834351,-1.2027465250808023,12.581511,1.1298218
271.1663079133969,-1.0677724461034093,12.745577,1.2728558
271.12940119828664,-1.0137602626326416,12.6840315,1.8904982
270.93136709068034,-1.0159309482497716,12.891497,1.2673359
270.28389339693575,-1.153119123536462,10.551785,1.5044212
270.44539346320687,-1.022208791493161,12.612755,2.0409985
271.02826514417563,-0.8942232500260759,11.839152,1.8195295
270.59725715292575,-0.9510130115716194,11.72657,1.7443056
270.60897442769664,-0.857594953824924,10.963196,2.2319727
270.3638274661681,-0.8900316946889302,10.537753,3.0235052
270.469263815886,-0.799215933451337,11.94801,1.936511
270.71264733319464,-0.8596964685537807,12.545317,1.0154829
270.7059078741115,-0.7010879467548569,12.240972,2.0406656
270.02720964434536,-0.7145525593820911,11.19482,2.3441257
270.276682435499,-0.6801717940620833,11.860548,1.9083014
270.2007037880182,-0.699593955930797,12.995352,1.7038488
270.0495275642136,-0.5464683601170554,12.027574,0.8971405
270.0345091296365,-0.4643252590555611,12.447668,1.8265295
270.02092613060177,-0.33456020935335884,11.575869,1.6333475
271.1315057195338,-8.34952636149611,12.436139,2.686347
271.1997288584897,-8.311463147996324,11.949088,1.8413649
270.0960043168856,-8.447260016861598,12.9621935,2.5829
270.6682472291967,-8.312052783960626,12.676253,1.475419
270.86671918340153,-7.970806123838418,10.871152,2.2345533
270.81692863642195,-7.94997374983102,11.327718,2.2977953
270.0062734924209,-8.011077407410347,12.979836,2.3218231
270.119220816704,-7.957022326722522,12.48954,2.7191114
271.8994247822339,-7.623676237976524,12.694441,2.5541677
271.72151986700135,-7.645027441053278,12.222933,1.2859173
271.0664806803618,-7.845966974159053,12.993791,2.1451216
271.4949585164734,-7.666744224520187,12.656645,1.5352659
271.34749131732445,-7.449912236055973,12.629981,2.343627
272.60157093852007,-7.318741229857938,8.658418,5.545713
272.58422529247304,-7.2957484590849475,11.401511,2.1257458
272.3584825472075,-7.283454250355586,10.237937,2.161788
272.48375947367657,-7.11237836691056,12.791672,3.0355854
271.7986536176108,-7.40567509485971,11.080178,3.228712
272.03595301818893,-7.119930652532782,7.1528544,1.4024282
271.6068718731031,-7.088486900133396,12.237466,3.2728605
270.55836809286654,-7.572724775299646,11.950451,1.4249573
270.58677492120063,-7.307766381613259,11.204968,3.1880436
270.0617604422377,-7.153116513378215,12.912825,3.2454128
270.8193725466323,-6.874207679459446,12.292167,4.7854185
270.7021892508199,-6.844861800419339,12.885967,1.5686789
270.66055409905846,-6.712385397860968,12.990992,1.6244087
271.5629761576319,-6.798262486893663,10.452017,2.478444
271.2110422884327,-6.652306706257224,12.114322,1.6762924
270.9810975324277,-6.403891474870806,12.0191345,1.1285639
271.25707283663195,-6.199286075251619,12.640787,2.5901423
270.1160272936305,-6.384717618393351,12.761601,5.218626
270.163456709611,-6.218483070885405,12.177462,3.3018856
270.009538858299,-6.091551224890676,11.147576,1.9228897
270.82130197170636,-6.3961093752645874,12.744702,2.4592953
270.7345506340155,-6.309571152266095,12.502846,1.2707663
270.5271572329277,-6.235373799221275,12.254235,1.7613821
271.2783045067616,-6.023081766104028,11.407544,1.0782127
271.0053881358106,-5.952348825235814,9.926804,0.869853
270.47941157799403,-6.053332795486469,12.929469,3.4589033
270.06865254587814,-5.99533293966769,12.918025,1.5461969
270.5970818129906,-5.602758176673191,12.04482,2.532381
270.2455803542978,-5.023414662011718,12.958287,3.3385267
273.2515736280766,-6.723747567614318,12.885206,2.4881268
272.92986742868004,-6.677617426015055,12.467507,3.4483118
273.2047089574174,-6.46890165406712,11.960633,3.2699776
272.53786585752283,-6.671503685384153,11.9848995,5.4449205
272.38952266603906,-6.434101533111034,12.799995,2.0114336
272.5841752019428,-6.213790646794243,12.595793,1.4682331
272.6002248500466,-6.165749195853552,11.335731,3.1182861
273.4684723461765,-6.365525934749934,12.2653,3.964572
273.4135415764613,-6.288031317640374,12.728029,2.277732
273.6618764790926,-6.114617902251485,12.191182,1.7749243
274.02036515669465,-6.122067934044249,12.044445,2.3740578
273.6706512160813,-5.907574238901999,12.402297,1.2853508
273.3445673913826,-5.844391820518237,12.586788,1.3905592
272.93529585387506,-5.989643361319904,11.6040945,5.160392
273.5368646848219,-5.746669352491423,12.845297,1.2011242
271.7952217995035,-6.264648400108141,10.943114,3.2953444
272.78506384950765,-5.969687460312547,11.670065,1.3074045
271.6241636134701,-5.98348428283239,12.804362,2.610302
271.8193811254894,-5.811087159761758,12.695763,2.947791
271.80823500320594,-5.746306706323296,10.24522,5.1766157
271.9468231150132,-5.830183395452077,12.362758,2.7830944
272.1984453610417,-5.629146050427642,8.947639,0.7021246
272.34711137876957,-5.620441416296336,10.144088,1.328393
272.0519118058729,-5.696850391981783,12.7632265,1.8252544
272.53615124639344,-5.63670010016011,12.701043,3.3849754
272.9531225032993,-5.50825158061754,12.428168,2.2075148
273.33836309296186,-5.451093282373258,10.113814,1.0561819
273.29792758429136,-5.32488414323438,12.750506,2.545517
272.5265355553304,-5.383012938055928,12.615124,3.461421
274.3290614005352,-5.531487140427554,11.930279,2.2615175
274.3646184507613,-5.512429117768108,8.88554,0.66553783
274.2736718894195,-5.394618465367785,12.839952,1.6533165
274.4108161168761,-5.30667418464307,12.8363695,2.2137947
274.10358865062403,-5.445520118158091,11.923744,2.7025738
274.1032213941009,-5.4246652424259265,11.957692,2.0943909
273.79098222703044,-5.280321776905822,12.769424,2.480505
274.1784534482068,-5.185229466405844,12.524966,2.1039095
274.0135978446334,-5.1686896660747585,9.919409,2.9800577
274.1038712257544,-4.996413497248584,11.481268,2.1790457
274.25362744577654,-5.031542682017273,12.45766,3.1342974
274.18690060525637,-4.974223243641078,11.855889,2.8967352
275.35394423346537,-4.787201463707849,11.607641,2.8060675
275.1200980136998,-4.7220553038480935,10.695317,0.8770685
275.32630098864905,-4.686720667309572,12.416194,2.2713804
275.3949094044661,-4.6150441110689915,10.463827,2.673295
274.81708550481324,-4.66960096629117,11.775098,1.5147467
275.0361634814424,-4.426015157628996,11.71734,1.0084534
274.9113570172378,-4.433324695895044,12.488668,3.8539515
273.759648256971,-5.014057499664641,11.468947,5.3906
273.3731186569612,-5.048990411979363,10.855788,4.800103
273.433485854879,-4.882209733866211,12.66123,2.503234
273.6763022519923,-4.912727362617317,10.162817,3.1188946
273.72572912171285,-4.618470515579875,11.635752,1.9815912
273.3909703876872,-4.651189753210532,9.285317,2.3343458
273.37801644231155,-4.559294316212718,11.753445,2.1285467
273.53631621823354,-4.4198956789234,12.17565,3.748455
274.1392845492793,-4.662544039458945,12.894361,2.743744
274.41401584563283,-4.503177105785781,12.44443,1.6916533
274.0968442448733,-4.4631753698232615,9.994495,2.2206573
274.5161412460829,-4.3347767318683434,12.372918,2.787529
274.13944208563987,-3.896011530486734,12.132046,3.0788288
271.74818410102756,-5.327326232578744,12.996512,1.8877373
271.9138785200088,-5.218136647682647,12.178643,1.4942875
271.15224652941674,-5.524720372843498,11.370559,1.3908339
271.66888296658243,-5.067765297525827,9.954755,0.8423834
272.1393638760991,-4.916271816953029,11.780157,1.478754
272.3570299903461,-4.727267320334415,12.203227,3.9506016
272.01988376478903,-4.686102701368631,12.268769,2.835494
270.7829341127518,-5.149033943139422,12.674221,1.50733
270.9659937972452,-4.811921134366964,11.942656,1.2788458
271.8684680268688,-4.294417955338678,12.714464,1.2509012
272.79018866101353,-4.572598164256623,12.386997,2.39577
272.7636495273728,-4.554896378268777,12.762727,2.479828
273.08254848046045,-3.9171815002979344,12.977079,1.3342352
273.6086631862393,-3.7329536121231537,12.8341055,3.3773003
273.8978829244348,-3.7646084941701896,12.851817,2.103629
274.14216148918763,-3.637176673302938,10.802664,0.98545074
273.94675663816156,-3.4386424636462984,12.922129,3.5060596
272.1920358927256,-3.99091931976376,7.6226897,0.21069002
271.7061560814228,-3.68406831719861,12.84842,3.1074123
271.5811131833062,-3.5463555536130884,12.070956,3.1242428
272.46934010805757,-3.026884688228901,11.048679,0.8592472
270.06231478292466,-4.709834035183952,12.3136835,1.3979387
270.269065922718,-4.481340286254076,11.705283,0.97542953
270.3197623193389,-4.202387406608375,11.569191,1.2781792
270.70604139670934,-4.107647231986479,12.67392,1.2618217
270.3789090056421,-3.3068986639157307,10.321378,2.2574778
270.0916704757503,-3.4148219109465714,12.256327,2.6187181
270.43699762441963,-3.0504633902648317,12.020526,3.3666792
270.4441824571146,-2.970980651056183,11.677935,1.0856371
270.15206783781065,-3.0927228394110124,12.820077,3.306057
270.1970759108716,-3.0308166056103034,12.850186,1.4760237
270.087981691017,-2.9435987030458404,12.758622,1.3835192
271.2469846693831,-3.204766048808133,12.890937,1.565486
271.9359251213126,-2.9548736295610043,12.477652,1.3762531
271.34145037219133,-2.9737071499987007,12.8087225,3.177001
270.75928646606593,-3.00629384495314,12.805395,1.490346
271.2843375788232,-2.592507795045102,10.916766,0.9308691
271.24529293789215,-2.549122639351545,10.795232,1.7545528
272.22285979291274,-2.516798018448694,11.706239,1.0473547
271.7291110130589,-2.4397491951400814,11.428246,1.3229752
271.77781802957315,-2.347479654594733,12.773222,1.92447
272.2165053125809,-1.9804362292916662,9.873725,1.7564764
271.3226264296746,-2.414525956742465,12.395002,2.6109686
271.24880799647224,-2.293083921597899,12.755363,1.2731018
270.5953998825317,-2.363042059733692,12.266494,3.749092
270.29637590235,-2.2733294502988843,12.151216,2.3839684
271.53579009759795,-2.208674774394635,11.624878,0.98085594
271.2013359075837,-2.066475696260441,12.916499,2.8787823
271.09528629907686,-1.7476284491493181,11.4580555,2.6205149
271.47977764865817,-1.4015003863735227,11.270266,2.0692158
270.0424644695748,-2.2097251147746992,12.266774,0.96649265
270.24484096518864,-2.0347419797869564,9.275186,0.80957985
270.05341906442493,-2.118998400377962,10.941794,1.0038118
270.0467285310215,-1.9642699616962118,11.465566,3.0838718
270.51332942852025,-1.8848504010806049,10.8087635,1.0391731
270.7577834890724,-1.1578511045492956,12.231145,2.340273
270.44228704268164,-1.1914800541726847,12.339045,1.3161707
270.4821132322848,-0.9043995669363462,12.493402,1.7937565
270.6773107716072,-0.7921040765158164,12.536583,1.8486547
270.32237662581963,-0.8554833587431879,12.107576,2.5267
270.3483868182175,-0.6894216349580445,12.991888,2.152752
270.5589811818407,-0.4850257932205741,12.21696,2.8343897
270.1551076101452,-0.4811402536316774,11.100841,1.8316908
270.5918498813444,-7.6741917822357095,11.717371,2.830124
271.2766108439871,-7.217586420041274,10.707472,2.2311401
271.0611095921872,-7.106505418003877,12.927961,1.5583544
270.5050340923892,-7.228417746176315,12.550627,1.7104225
270.1720723598571,-7.285026529188544,12.619712,2.5268507
270.3197433843523,-6.9350627889259275,11.575958,1.6992493
271.38637724244757,-7.091650874348356,12.847983,4.6156178
271.52979200042375,-6.79366993945156,11.454051,1.2237768
271.3810198528284,-6.678728627543475,12.771282,1.3786669
271.75117571978717,-6.520271356866521,9.922419,0.8688011
271.7438555951885,-6.469969113100515,10.460194,0.9136524
271.1151232425341,-6.473548856883508,11.608908,1.8355341
271.4348852431217,-6.4272483929143895,12.912523,5.1599007
271.25912331975866,-6.355453390314271,12.892457,1.4310837
270.03319281707724,-6.782637127699539,11.11156,1.3832998
270.0904139662264,-6.754127341742223,12.943178,5.3720446
270.0491674569067,-6.72016314675476,12.004256,4.0558834
270.01720849233345,-6.383313599689654,12.6591015,1.2669659
270.5824926133602,-6.454052502068717,12.306966,2.8279638
270.403637949768,-6.263548256727738,12.809385,1.4018478
270.4055759245616,-6.152170579052501,12.733424,1.3543673
270.3288641846701,-6.065047258623985,12.411022,1.2965288
270.51402841836983,-6.045261576164704,12.39653,1.3411131
270.7062190312168,-5.708397429241293,12.739244,3.0481005
270.4789375416834,-5.499282795872104,11.418258,2.1966324
272.7014012109683,-6.821183852443945,10.705863,2.3126287
273.1681118280075,-6.590051817280954,12.306253,2.067131
272.7514965396107,-6.373830868471708,11.948434,1.6255932
273.8443079206871,-6.2332479969518015,11.825979,3.8934326
273.7851150130233,-6.200345587178461,12.323595,3.1699705
272.99055865847015,-6.021261727050009,11.198658,1.2212553
273.10839767705573,-6.002542514929151,12.337098,3.158743
273.7871454228194,-5.697283486939747,12.122318,4.4306507
273.33471031450307,-5.751386248800305,10.950949,1.2618713
272.66740460847655,-6.0991404452451565,8.531628,4.2888174
271.93215132757274,-5.9204022064279105,12.735086,3.889574
271.99551381503665,-5.781823555981836,10.755965,3.3546762
273.3535647863593,-5.429548217010507,10.513772,2.1628695
273.0065874211504,-5.397719938299964,11.942756,1.6051846
272.9949844044255,-5.168932985955912,12.629897,2.2174091
274.14822079439216,-5.8893347269150444,11.118902,2.2250748
274.2059696322504,-5.642695846545449,11.688022,3.1433973
274.18219203266153,-5.447834073427491,11.88875,2.587408
274.41198659655424,-5.50583190108987,12.019616,1.4142895
274.43206350120084,-5.310381416924874,11.69533,3.2720757
273.9512919159075,-5.46809716331684,11.230646,2.04257
273.575123192419,-5.364359644028634,11.482689,1.2843494
273.9898345313539,-5.241409496886802,11.100381,2.4572582
274.3756318927149,-5.168718130996889,12.3825,2.7014084
274.2356199740302,-4.8204091151502,12.626047,2.8775177
274.6229397130659,-5.103850092105818,12.893075,3.597927
274.95073634676777,-4.962383587046577,9.163431,
274.4429790792567,-4.850719906576951,11.228309,1.2570505
275.01958482371253,-4.507215156975904,12.578752,5.178672
274.85048125517267,-4.318234011434615,12.254748,4.4653893
273.53043829284246,-5.18176810755311,10.828136,2.6606112
273.70234313883157,-5.06802445142964,12.961235,0.9930897
273.68045991851307,-5.058793010192443,12.771728,1.4162617
274.09991651506505,-4.80605809756023,12.383527,2.560504
273.5895357140533,-4.837498224292089,12.065212,2.363614
273.695316772225,-4.683734870669378,9.348122,0.615221
273.08901379503874,-4.983899056286139,12.389875,1.2610893
273.3911599919884,-4.874347078548143,12.7269745,2.0425825
273.1655301900901,-4.704177043706188,12.317219,4.3576126
273.6058285696215,-4.445728479063625,12.865806,2.153471
273.59532566140103,-4.452886783783343,12.4397135,2.7360277
274.1347728531788,-4.532825198158673,12.326886,1.1679783
274.81690345610355,-4.205943777086763,12.689875,1.6674719
274.2884121488445,-3.9279650353271673,12.912952,5.218665
274.11441447056154,-3.93412081720507,12.699172,1.499608
271.35279620408323,-5.655783184952906,10.563973,3.2190304
271.4605238127639,-5.435186738808409,12.288763,4.29218
271.34023373444444,-5.42504124547501,12.881732,2.497985
270.9717891098817,-5.1827429066344335,11.799925,2.773388
271.43674062969416,-5.179450189941253,11.452529,1.1828661
271.59246053749115,-5.108816951673476,11.738897,1.3248444
272.1657198648692,-5.069505893593931,12.723331,3.7724247
272.12900812860886,-5.0535110498031885,10.026483,0.7730675
272.4411419199032,-4.710276334177707,12.214144,3.1905422
271.70931563094035,-4.556662696107973,10.730555,0.9900646
272.3754166569172,-4.510077251263835,12.780495,2.1552954
270.5264150330624,-4.9113159970194,12.577599,2.363039
271.4283412479105,-4.544714672896622,8.838554,0.6430187
271.20453473605755,-4.325900624177764,10.53294,0.884799
271.0078290063803,-4.032809826796942,11.44207,1.24932
272.7941902662677,-4.573776838313869,12.969065,2.5705605
272.98298167210083,-4.430295098343473,12.937921,1.5368013
273.4474369720111,-4.233851102508492,10.66294,0.82260036
272.6481505685669,-4.132635232173741,10.39212,0.8469238
272.63410473421624,-4.123651581115159,12.899098,1.4459381
272.8286920471617,-3.7994693387245793,12.369853,2.1824436
272.7942003766329,-3.819492402095786,12.587434,2.5512257
273.65360427772845,-3.408915238757008,10.917308,2.5188217
273.53087230087567,-3.2960284850450665,12.847296,2.0026665
272.37606108062806,-3.770486879508908,12.79418,1.8517132
272.4241245907695,-3.427346606249468,12.879214,3.8883572
272.75157941914495,-2.532179870020501,10.04323,2.0922527
270.0710907387189,-4.466185035391582,12.1035795,2.269184
270.07832602435934,-4.083809350142376,12.623233,2.7412167
270.1215640302489,-3.6904755879023337,4.5056276,0.54582214
270.2361278760199,-3.763385957177711,12.781785,1.5301266
270.7321214030765,-3.1501430263175303,12.774,4.618635
270.3149457618357,-3.136489104969931,12.970106,2.4393244
270.41272132553513,-2.8381092806851185,12.962676,2.7265234
270.0276821413996,-2.5662600529931616,12.225741,1.3701534
270.8428096679917,-2.9409454886126305,12.600345,3.2394285
272.55779577292606,-2.5531768651324054,11.675253,1.0390911
272.2062092246948,-2.4541948414257195,12.856329,1.2296028
272.0248329461728,-2.1347377303059507,11.756852,1.0302067
270.66369112224424,-2.605445533441874,10.728823,1.0759354
270.61437048831954,-2.600497883530546,12.874417,1.3188086
270.99457154067215,-2.4582428006269903,12.765585,1.6675901
271.26853873499635,-2.31983082337305,12.304573,2.874239
270.46847040001944,-2.549399558204209,12.371279,2.1819582
270.73541845394936,-1.9855311485342253,11.7497635,1.2617731
271.94620127504163,-1.9061983700368414,12.0145855,1.0201683
271.45129140860456,-1.7645692594753648,12.477393,2.6623363
271.02955608972866,-1.6214965760124098,10.842078,3.4027529
271.57435029353354,-1.4957221118073931,12.674878,1.6702557
271.50827557697227,-1.4958876604822966,12.520956,2.722684
271.18335408839795,-1.391634041733385,12.589853,1.248519
270.25422005694367,-1.805528505522203,12.481105,2.1208649
270.0951891325889,-1.7213746167615949,11.099709,1.1496286
270.46420072108396,-1.4898215820260523,10.190906,0.8308029
270.6652167901977,-1.434911754166021,11.404946,1.7194023
270.0945133571025,-1.1466085223548483,11.952439,2.1207514
270.33439915179747,-1.0978969315994458,12.635521,2.2896557
270.34776887970224,-1.008526097762819,12.4234915,0.94164944
270.86375565178236,-0.7688673375800053,12.9542,2.133276
270.0200995744874,-0.766056248410133,12.389747,1.6791229
270.4302415922297,-0.535195063848247,12.514045,1.0899582
270.07304666639874,-0.6145449588304521,11.873122,1.1661186
270.26006812124183,-0.38053904811057343,12.807618,2.0859728
268.6760859770892,-8.818528037068123,12.618669,2.504199
268.5253940321455,-8.8873512582368,12.300866,3.078353
268.5619203889662,-8.750619402388347,12.131433,2.0711374
268.3208766868596,-8.718400300832723,12.182037,1.9729271
265.7973591894902,-10.721261376383035,12.636655,2.024557
265.78240322155574,-10.398561304624451,12.996022,1.4275503
265.70166377702407,-10.153376329905411,12.795047,2.4387722
265.6301882638578,-10.066670833074106,12.627249,1.6517801
266.3905924255767,-9.83034000831145,12.080316,2.185997
266.38272823287286,-9.726388686834648,12.552946,2.09719
267.0433263737532,-9.674443754059338,12.209621,2.1719685
266.28703410979966,-9.75463682704677,10.2525835,1.9339151
266.5638052890676,-9.177145389273027,11.8366165,1.3175621
265.26730172028454,-9.238259536820031,9.905159,1.1329288
264.835663426731,-9.363249564689987,9.507734,0.91265106
265.7962815083206,-9.315910350109085,10.86037,2.5581799
265.9984670604077,-9.27486455972311,12.720702,2.9010506
265.30644690637854,-8.926692620685653,11.9853945,2.0189838
265.4152172525856,-8.798816199511917,12.855519,1.7011337
265.7909047435336,-8.586700556729001,12.962307,2.481391
266.94311948964247,-9.38029353914723,11.749265,2.4247217
267.2611034114703,-8.97170368576754,11.903387,1.6692505
267.5358052478085,-8.727796651319636,12.6971655,3.701086
267.17563180670015,-8.934286208120179,12.937576,2.4891138
267.35933276717947,-8.681481039942362,12.744758,1.5334759
267.52944621753795,-8.564047334184464,12.479622,2.1083012
267.69418865465644,-8.525463430360855,12.986737,1.2392845
267.6542574193754,-8.496382998724188,11.973485,2.0402184
267.7754416821388,-8.298656702526502,12.321916,1.4887791
267.5373327692117,-8.196738017964732,12.892754,2.8502226
268.17059882247605,-8.07199243000399,12.796795,2.5644636
266.4586350659023,-8.71870007176355,12.71178,1.9738903
266.3253030268753,-8.720343562245231,10.879388,1.5647936
267.1024919753889,-8.436055665572756,10.696582,1.1537933
266.55311031961827,-8.358942099592426,12.183953,1.5197678
266.1412180708409,-8.477146084963325,11.273899,1.0796843
266.0898417268066,-8.3077486990791,9.259068,2.4051247
266.63249704401585,-7.986320780174163,7.2022777,0.80840015
267.2920611177818,-8.093236143224564,12.8309355,1.3935623
267.6651316895147,-7.868951686980583,12.764308,5.2928
266.8971558616821,-7.717803554708934,12.587943,1.5976181
267.1043761494514,-7.3402336258114715,12.033822,3.3392668
261.5185132621796,-11.942277949736603,11.552771,1.1201982
261.4188303829822,-11.88618899076104,12.808363,1.1626816
261.82867901446537,-11.673094480383124,10.444231,1.7149868
261.94049993568376,-11.677779263481057,11.155392,2.8821058
262.00234068066027,-11.453033754117362,12.2193365,2.3833838
261.974966492745,-11.37505734332714,12.785388,1.6715174
262.16019310972047,-11.331728337772095,12.872957,1.2458487
261.67037905456385,-11.33500143233357,12.236719,3.1476336
261.7409804837209,-11.30571398292613,12.322559,1.1858072
261.3137076840654,-11.539268840189829,12.7833805,1.7813902
261.302316077311,-11.517841686127651,12.983334,3.7251577
261.0394213589343,-11.568638288766394,11.8122,2.3274136
261.2126897917658,-11.477641139231636,12.863873,1.097722
261.0182246956184,-11.387488972361083,12.822705,1.2013388
261.70344932693513,-11.017616423558438,12.367684,2.5724325
262.4726976345004,-11.060085921343797,11.863165,1.2124481
262.14720990507175,-11.114241746053715,11.887669,1.8106117
262.3662434432037,-10.892793066946297,12.615678,1.9610767
262.10761927072616,-10.733481880491333,12.838177,2.4776
261.7326514228533,-10.936564857234472,11.92311,0.90152264
261.7714115197601,-10.858187410361495,11.057504,1.4329166
262.0122668402229,-10.682548571401496,11.837421,4.3267336
260.8893736307191,-11.05528766472184,12.529401,1.967061
260.7341988662164,-10.988287318699506,10.328509,1.9351568
261.2085168723311,-11.030385917974257,12.316859,2.054679
261.4122958545304,-10.928580094400884,10.393315,0.98210907
261.0199079536413,-10.925199664859345,11.975364,1.3741302
260.5704511042352,-10.926174364100122,12.50658,2.0303125
260.60358786325605,-10.8921829266637,12.670142,1.8125858
260.75372315861785,-10.763219188918693,12.568705,1.9639997
260.51745429389024,-10.798639039607476,11.022101,0.94184494
260.77663725934207,-10.517090268374337,11.219715,1.7795324
261.76176853355395,-10.596668064986014,12.299936,1.3083172
261.6906922348013,-10.478944659350374,12.172069,1.2424059
261.641062678786,-10.51088242875183,12.634626,1.9089193
261.7477384488246,-10.293104276374274,12.661351,1.8509035
260.895331281202,-10.230718381700886,12.616921,1.9494381
261.29489175158164,-10.109516666677912,12.341534,1.2643738
261.1291555923082,-10.03854902901828,12.569788,1.3809261
261.3473270148833,-9.929622340437241,11.333232,5.046525
263.14918667540394,-10.553918158488333,12.678916,1.4056807
262.7220533475765,-10.507002907931335,12.805933,1.963974
262.9487284483084,-10.481859411217048,9.663254,2.464387
262.8671154774815,-10.325779126705408,9.175812,1.917695
263.4370623679083,-10.38715867921561,12.840336,4.002165
263.2918932231456,-10.369214030937176,10.804786,1.8324413
262.5829443595513,-10.315911417877716,12.464911,5.3901415
262.7681535880717,-10.167608518479941,12.909457,2.766673
262.7390830908575,-10.141632917210533,11.921414,1.9141283
262.40245001318436,-10.172058194930027,12.612088,1.2882948
262.9066307384235,-10.108697026101604,11.804721,3.5757933
263.8709007357459,-9.92211226449004,12.923771,2.1939898
263.6598069797076,-9.804875813307302,12.893077,3.1012726
263.5757405892312,-9.787982061326051,12.895772,1.6718264
263.6859553306815,-9.594600185487362,11.344089,2.442441
263.4108211790665,-9.53080173731294,11.040588,2.119197
263.8859449493897,-9.28218155349677,11.357638,1.9425812
263.745311404048,-9.070675212952782,11.805781,1.1525831
262.371707942106,-9.851490150334158,10.362117,0.9298792
262.40107296573564,-9.55623368239045,11.636857,3.673646
261.75749689000537,-9.73243838361119,12.1205225,1.287283
262.95772408591597,-9.387515368664765,11.389488,1.1865978
263.1134734477648,-9.356841063354288,12.733619,1.6464863
263.3166980993676,-9.238893981835654,12.5653,1.9196768
262.86842011179857,-8.677943938380494,12.097617,2.4209213
260.35022982232294,-10.617196188914397,12.71218,3.255947
260.45789666336526,-10.48029323455079,12.7303505,2.0230694
260.368476086323,-10.3634107821903,12.9788265,2.414466
259.87197797391275,-10.332356849182391,12.373721,2.0064125
259.75675037007625,-10.327960354307253,11.865604,2.011569
261.37043187534726,-9.473380965493757,12.986681,1.6285868
260.61309691241786,-9.747392957276688,12.167334,1.474905
260.7725776232833,-9.607855332653768,11.122628,1.0394268
260.39242914276304,-9.494967532265024,12.055405,1.7377262
260.96569417112664,-9.443916775008297,10.917541,1.1986818
259.8969204790243,-9.790101955558498,12.701946,2.139698
259.75508462603443,-9.339085799385844,12.200526,4.576477
259.1723746577164,-9.54338035521794,11.560677,1.9960337
259.18786406826666,-9.494273692536952,10.787524,1.4228144
259.40583664230013,-9.419398778390898,12.271675,1.5243521
259.63263336583015,-9.244644038852686,12.927821,1.3758783
259.96925722880553,-9.311815186648982,11.887883,1.2418518
260.5048413691852,-9.238090241950648,12.782345,2.1007576
260.44161055991685,-9.146116244389862,11.746259,1.2960491
260.4198852576267,-9.006785655437525,11.59199,1.3573723
259.9333779245731,-9.033475980171742,12.279351,1.3133345
259.5810302221075,-8.881951961749317,12.639776,1.5551548
261.51983131167196,-9.376247684287181,12.88193,1.6883392
261.4960737959622,-8.893619380250765,10.793058,1.4298306
261.3086186942424,-8.677296419395768,12.991899,1.9745102
261.27553011522286,-8.662109972815095,12.31196,1.9790726
261.36331870103226,-8.579798764359893,12.980916,2.5638342
262.8214114134735,-8.437598040059246,10.701308,2.1713037
260.5927567626558,-8.703491824078636,12.928425,1.3683815
261.0053478054085,-8.560252005771371,12.679384,3.4957657
260.80025740593874,-8.202391341046441,11.252287,1.902257
260.89906201647847,-8.015179425162865,12.564201,4.09268
261.5492728745529,-8.015078187977167,12.026309,1.9543171
261.989136533565,-7.865594045955448,12.610399,1.3522825
261.030507510268,-7.763298922505527,12.815601,2.5091572
261.57763153104304,-7.433624941883215,11.054063,4.4035177
264.3573685066325,-9.540588862553742,12.963591,2.1440125
264.21623991524564,-9.422506029367376,12.712101,2.3826342
264.2790431383427,-9.212721408416819,12.5971365,1.993515
264.42890014522965,-9.053412194108665,11.400036,0.93480206
264.32834153434067,-9.055888827619421,12.9264765,1.9878006
264.79608721710656,-9.092471361594008,12.974656,0.87342453
264.8533891474144,-9.065275256994761,12.962928,2.5358143
264.07192002105654,-9.128848249431208,12.482033,2.0385141
264.22233442542404,-8.943783496156982,11.868929,2.361618
264.22455841338166,-8.89307245179814,12.76678,2.2821884
264.4309630468255,-8.740118601108078,10.793694,2.1868582
264.7969688304918,-8.162061134179961,12.953245,1.4124231
263.4542297670737,-8.74295107570062,11.2598915,2.2530575
263.12812221750335,-8.41656062033648,10.713015,1.0123215
264.34101220630725,-8.342501844791569,10.901315,2.2000656
265.01479570502426,-7.8329729061501565,11.177081,3.039318
264.7216495026764,-7.739917567019967,10.322943,1.1806412
264.67942927345223,-7.684060312023246,11.974174,1.3579588
264.75642368980465,-7.640461625379994,10.1256895,2.2549028
263.98651282324397,-8.0491810506555,10.661884,1.0038195
264.01992005512096,-7.942361939868679,11.806122,1.8890562
263.80600078824483,-7.782908188836634,12.662788,2.7507277
263.93476020714064,-7.616233567995159,11.495587,2.4367323
264.24290123246044,-7.467077643894559,12.276665,2.4247446
266.0556550371342,-7.880754940134765,12.631724,2.26651
265.4582483291897,-7.591208208951309,12.076478,1.8846073
265.850485243584,-7.567578131802247,11.530402,2.6661177
266.10151973193206,-7.46523077431314,12.297623,2.1662025
266.23882423098513,-7.497884930337846,12.483983,1.4220047
266.9214895558226,-7.399131809139917,11.109591,0.8435526
266.0558561636671,-7.378267486407866,10.774166,2.3442974
265.98099102148905,-7.097958435454949,12.850769,2.3144426
266.50850042815074,-7.140169500635901,12.79282,2.958478
266.62187522986835,-7.0454208035366275,10.289481,4.7965984
266.2382943926639,-6.930862509222561,12.975224,1.3919296
265.0827541766317,-7.23624875650002,12.423137,1.4857922
265.45279994066897,-7.228499073218136,12.058147,2.6787825
265.6440742193075,-7.177014965554597,12.804356,1.8667164
264.78968002336205,-7.2563847384032245,12.206946,1.7874489
264.5524069699868,-7.3121860000286,11.336525,2.62084
265.6801136863969,-6.883867942859065,11.660983,2.4771166
265.5547389649432,-6.787779311537138,12.807778,2.4251175
265.6745556311836,-6.730629779704475,12.5291395,3.2771397
265.89108824940894,-6.074259868024439,11.278527,1.028676
262.8484988187702,-8.268072662116753,12.272832,1.499795
263.2253751341417,-8.156002029233973,10.7263365,2.239293
263.17490432722695,-8.058097424882508,11.097586,2.604844
263.5591244406527,-7.821450138327104,12.873766,2.5561237
263.0272037030049,-7.686351695239563,12.160648,2.829709
263.6646448866323,-7.428476566472439,11.645453,1.3174877
263.6886640142415,-7.27681400907538,10.509017,1.1177101
263.4880256106129,-6.7939782551412256,12.450642,1.4771986
262.3190665511026,-7.719001033258399,12.082251,1.3123245
262.3302727587293,-7.490075652016692,12.964199,2.1472387
262.71446256181594,-7.274671393218791,10.910278,2.4419184
262.7924100743432,-7.291845566673008,12.783092,2.6899862
262.58414263537213,-7.141486106943268,12.700722,1.5512152
262.13741651893446,-7.165401674872081,12.368404,1.4435549
261.88306524557055,-7.091186739204947,10.469669,1.5091324
262.4120239057475,-7.044402277960394,12.4046335,2.009533
262.0719826847847,-6.95487532867002,9.712415,4.182953
263.2070933963217,-6.862751656996962,11.107741,2.0036592
263.1383260989585,-6.759664199346769,12.166021,2.02361
263.2950815034479,-6.834681444001306,11.58094,3.1390905
262.6034208510783,-6.73999583092264,12.893273,2.306672
262.86105401658966,-6.39736567355111,11.391515,1.0489321
264.3165046601175,-6.446769524769479,12.566538,2.674675
264.8083303789113,-6.213284411548462,12.924668,2.2699337
265.4247751431735,-5.880431103952736,12.858872,3.3604403
265.48251531910944,-5.818768031979805,10.3245945,2.5043564
269.05312361661805,-6.79401212769402,12.740148,2.251484
269.35845255975033,-6.795403436873954,11.300392,2.3775978
267.9537243450967,-7.3594632901344195,12.700522,5.4388876
268.0002580144221,-7.303536058965976,10.442157,1.3339243
268.391835896548,-7.298192665526405,12.624773,2.3951378
268.42042786778893,-7.279743498548233,11.824283,2.2057352
268.0315351631547,-7.2266319946297335,12.821755,1.8507452
268.2308187722391,-7.060972780909951,12.154963,2.7741718
268.2089442600606,-6.982415999560093,12.590425,1.5159388
267.6482729163528,-7.1076904579483156,12.920959,1.861579
267.9210733634548,-6.845996578023253,12.675195,2.359085
269.03599719710115,-6.672286807386031,8.087489,0.6095538
269.1214764274724,-6.590234168900444,12.527635,2.2818785
269.2291080576526,-6.597354915286288,11.545395,2.836504
268.1895838612931,-6.721599893032237,12.747923,1.5106144
268.46334790047604,-6.605248694636782,12.850665,1.6457863
268.83258628894697,-6.310253247016373,12.874358,1.0967855
268.3729420160635,-6.325034689884518,11.32171,1.1701727
268.7273895301421,-6.130198549698501,11.548377,1.979845
269.8371276998701,-7.020596876328444,12.21774,1.3326492
269.60696145099314,-6.765261920708441,12.395081,1.2799072
269.8700534636373,-6.363553048807619,11.050909,1.0967026
269.6826307276554,-6.238624937979265,9.424179,0.71862316
269.5987022623926,-6.088775506417186,11.339532,2.1939287
269.86902390087187,-6.08661676648993,11.896497,1.2440624
269.44236662492847,-5.97566919344962,12.768327,2.479577
268.9367070194044,-6.254941910594247,12.383715,2.2804441
268.8766310353012,-6.0993398125027705,11.469996,1.1041269
269.1034496334332,-5.7403635340960895,11.859587,3.5215673
269.29588981969016,-5.679733739231678,10.654159,1.0786839
269.21676755218874,-5.655679127029572,12.087616,4.479471
269.9557842716212,-5.762270501688947,12.990548,1.7977228
269.8527307991053,-5.099280636202804,9.801497,2.1160488
269.7243169336539,-5.055498709676344,12.695492,3.9377794
267.173657990943,-6.966584385962243,12.073956,1.0851345
267.5548356126692,-6.7079378460956285,10.426011,2.0571747
267.815969823862,-6.575955455065506,12.638677,4.322359
267.12155505171756,-6.616178404198009,12.415641,2.2442436
267.81480444144506,-6.2484750553362085,11.925175,1.1157961
267.90763479091055,-6.046929464443958,10.927194,1.1089859
268.1924659819919,-5.82584256137462,10.887671,2.5943766
267.62253915030146,-5.845843872810589,12.012557,2.3423653
267.48978554619487,-5.756055173000209,11.948777,1.5063486
267.68911240438626,-5.764980740266529,12.670148,2.4913464
266.67685228489216,-6.15791673611551,12.879543,2.2031155
266.48294193125093,-6.220394944161804,12.779994,2.214734
266.39658325056047,-6.179396514900589,12.866121,2.588048
267.09898780443143,-5.909989707481154,10.429695,0.8792658
266.9340226355195,-5.941410642108076,12.601533,2.0281744
266.926544983192,-5.871366550638975,11.537643,2.0641842
266.37931788251035,-5.970006397120932,11.172904,1.0276375
266.3798820873003,-5.503660273043897,12.807955,2.3820887
267.479824291911,-5.632463161194431,12.670479,1.2237234
267.2520421837644,-5.624735961898549,12.903071,2.258502
267.1496603023914,-5.709336193406984,12.710516,3.1886396
266.89005366114236,-5.233817571639342,12.866028,2.0555944
267.39192042918717,-5.081732165516945,12.5733185,1.9802952
268.61225863749877,-5.935955286575475,12.270472,1.4599466
268.38023431205806,-5.61941854008977,9.6142435,1.8120222
268.114096956275,-5.47924679874238,11.480139,2.1564093
268.28229406219157,-5.223945237357905,12.798395,2.1697989
268.18019751494336,-5.134328749167997,12.361561,2.2038155
268.53932167527296,-5.068523400786852,10.83791,2.1574335
269.2430526711839,-5.214745558679989,12.701529,1.1562538
269.30703690593555,-5.0593467884153185,12.849258,2.2586966
269.8065228153542,-4.835044944397408,11.588034,1.2966394
269.6214225866439,-4.63454881165695,10.655847,3.1701994
268.9730604510607,-4.569528177073419,12.775771,2.2299566
269.3195261563891,-4.726145010299365,12.997973,1.6225519
269.43912595610607,-4.355964752188073,12.64421,2.4586859
268.18064029142056,-5.034753027539786,12.244452,2.7131567
267.98862307358627,-4.929258632356324,12.253863,2.8453865
268.332922360253,-4.859576338336908,10.538454,1.2012196
268.2443754779143,-4.905727670558827,12.084681,1.8501778
268.07392418397296,-4.920440415106981,11.757929,3.4788618
267.53143069764207,-4.778956016341051,11.481024,1.9458151
268.3563447812894,-4.490716435250461,12.951658,1.3478727
268.2879889542146,-4.297054578578273,12.901249,2.4674082
268.2886766966133,-4.2332475749517675,11.393646,2.8575535
268.39872191494266,-3.920828811840438,12.791571,2.834484
265.6552413538997,-5.854721915893349,12.3239565,1.5513344
265.711399918048,-5.640337754552141,12.852391,2.3793383
266.38902763778844,-5.383791017551557,12.92434,2.1374903
265.3261307989574,-5.351662010311044,12.007309,1.5764856
266.6067384099396,-5.148264000815534,11.628775,2.7205524
266.373702333391,-5.084448886148965,11.728565,1.0692244
266.464648525144,-4.94489192005071,12.228723,1.9663916
266.8070918387855,-4.848198916173695,10.497839,2.1644392
266.76147522712733,-4.839461894827325,11.269244,2.3074675
266.74250244939014,-4.823233740004484,12.675951,2.2707567
266.23842907587834,-4.754021056300791,10.985792,1.2131271
266.37260533630166,-4.708936824791551,11.373658,1.0929432
266.40665729772604,-4.462953432184859,12.072509,1.3735743
265.08635364964965,-5.278287758241743,12.603577,2.546482
265.5344348785284,-4.620998926107425,12.76085,2.6423264
264.7622310594712,-4.960606523093384,12.543719,2.1107464
264.68664802942806,-4.8709867112441625,12.272413,2.0211887
264.7888154973243,-4.815534472905076,12.879483,1.3867054
264.4650734119309,-4.720177696011086,12.378439,2.2958746
264.55935314840326,-4.639329969670383,12.420941,1.417038
265.05171139483195,-4.631334080136303,12.565921,2.2072277
265.26358434509893,-4.496917269911167,12.86603,2.1896791
264.9275808116228,-4.600637617036977,12.795637,2.2475204
265.02581871077,-4.335394863653115,12.927331,2.0754147
266.0413277459948,-4.339889057149677,11.466561,3.1144972
265.9320112112594,-4.226935592870336,12.941475,2.075388
265.9047664179907,-4.0711980433141015,11.667026,1.965622
265.9339006264291,-3.9189353001796716,7.500781,0.85218143
266.0299861992148,-3.9099795298862277,12.920049,1.2513275
265.6510320486891,-3.8170015061376144,9.460478,0.4371338
267.62286420311796,-4.009432235600121,10.412911,2.2327557
266.5867997357792,-4.228302968833579,12.443508,1.0257463
267.1756456564787,-3.988904329412345,11.921986,1.0811634
268.0723099009303,-3.7094220070138775,11.154361,0.8186302
267.9314069865494,-3.5659161054097743,11.570743,1.8543453
267.7547951275687,-3.6211304852091337,12.903994,2.7959929
267.83466936230417,-3.6000503872725673,10.774709,2.3356724
268.0851687988389,-3.167174402622493,12.972879,2.3514185
267.6410857469254,-3.3646107926554043,12.516749,1.2156725
266.4417273348938,-3.986052696064014,10.385109,2.2526875
266.43181387474806,-3.978450290671837,12.8840885,1.2672558
266.76246074397056,-3.477867171906571,10.470569,1.8388987
266.65829870010884,-3.3372187964938087,11.774239,1.3954277
266.6704588977189,-3.1503837964310066,11.366067,2.052617
267.1449549860074,-2.8446367988007633,9.975366,1.8944807
269.88754711234105,-4.4366593060925945,11.130342,2.013403
269.9956088662671,-4.3205629139222905,12.928418,3.5338974
269.31013474011843,-3.7976663840659235,11.577208,2.4629002
269.63214120945054,-3.6927392775515826,11.98557,2.475996
268.9505165483146,-3.8475512697543355,11.303074,4.246377
268.988891376932,-3.337211106538768,12.079181,1.2062902
269.2600633151177,-3.351577180188365,12.493103,1.4348307
269.26844572076897,-3.2844790067671648,12.608217,2.2593746
269.402253227105,-3.116404758010906,12.494875,2.501483
269.56667889310313,-3.1168207832557715,11.798231,2.149808
268.9592604179135,-2.98867260978921,12.820798,2.290454
268.8559291052307,-3.052132781880516,11.249016,1.36903
268.13435088602887,-3.1825956260907984,11.131324,0.888072
268.5771376950682,-2.961082096212846,12.408825,1.2873135
269.17794452707204,-2.8207887759323675,11.090868,2.4803362
269.5174959186818,-2.748476933936162,12.767134,2.7514877
269.3468933639854,-2.6205586241683045,11.487184,2.417387
269.9712553301517,-2.408466989777068,11.569594,1.9565964
269.8883290652068,-2.3126410313535444,12.299903,2.636219
269.41836690371724,-2.3790257068039358,12.106847,3.9079409
269.54454903445287,-2.302469389230647,11.637489,1.9368763
269.6350715850312,-2.1635161208628175,12.936196,1.7522764
269.03705828737884,-2.529191929240141,12.596068,3.0883932
269.14699544513667,-2.342584071438318,12.868699,1.788558
269.0809694510383,-2.1294097521272746,12.787001,1.9168644
268.04936702659495,-2.6552814365829818,12.495744,2.6654243
267.77979955257223,-2.7337211945742004,10.154472,2.922492
267.7441786109323,-2.701330257795468,11.969691,1.1118612
267.8700190333837,-2.551423375393056,11.920334,1.3594465
268.14801648163353,-2.5777778135868132,12.258065,1.8846531
268.33425662921326,-2.367608241667786,11.815224,3.0319366
267.9665818769604,-2.3773949869406,12.984667,1.7911711
268.20181198671827,-2.3413132709495,12.47765,1.2264938
268.38316920059776,-2.260726067285315,10.967703,2.2426958
267.57548577305135,-2.638747700570425,12.520719,2.0743055
267.59398099708204,-2.6156528689604785,11.391747,3.0142374
267.6748121206804,-2.275802353876432,11.335653,2.9804888
267.91912086539077,-2.354531205738806,12.627625,0.8467083
267.8228792899671,-1.96397160160112,11.222558,0.8243027
267.80511098597196,-1.9602424713656101,12.41334,1.6262121
268.698089727686,-2.237726625521404,12.609716,1.3324308
269.6185096782224,-1.8336743407195037,11.020777,1.0246315
269.47209520964526,-1.8606149379377321,12.920454,2.125329
269.8887928100971,-1.3718154094577608,12.662727,1.4508305
269.3940642659981,-1.6531011119528307,12.537438,2.2784872
269.40938047748165,-1.5793561134598997,12.796536,1.7482538
269.43177368012135,-1.3303802846018693,11.92295,1.2237053
269.393348007797,-1.1605022857255054,12.783918,1.8766279
269.6591973885529,-1.0063191497140076,11.269938,2.3212757
268.9894467716677,-1.37896364215441,12.890475,1.6344051
269.0991112371006,-1.291231789447624,10.120303,4.360018
268.80322262788286,-1.2316570145508983,12.917447,1.6994104
269.9176160990628,-0.9463237648129679,12.912285,3.5720215
269.4612740765403,-0.5919114704656625,12.90763,2.9655457
269.56190209356976,-0.5055035917236416,12.121101,1.5887184
269.98715235577174,-0.5389760057731833,11.498364,4.679222
269.93424647057014,-0.39064069150265684,12.58376,1.0824461
269.8108859528035,-0.2595472606442372,12.306482,0.9028616
270.2100907164666,-9.129646893466003,11.913575,3.556157
270.08942158868007,-8.99469813376999,11.399737,1.1723108
270.11476477587667,-8.891182199696138,11.993629,1.1834908
270.31494119323025,-8.934504044153224,11.673144,3.7333612
271.033640117213,-8.465075710132865,12.222031,1.5568848
270.9690643680106,-8.367316099075573,11.357912,5.296483
270.775270377732,-8.144509585578804,12.944017,2.4811878
270.8048149832193,-7.898623822762581,12.960844,2.636716
270.21798153226877,-8.073760502585989,10.293969,2.1341324
270.28837325274,-8.045939858904873,11.222987,1.1348715
270.447094076974,-7.998306150555041,12.75181,2.7174911
270.47938508264036,-7.9444217859194115,11.611885,3.0747147
270.2519870996338,-7.910959663430444,12.246314,3.561471
270.14144941752664,-7.467226679436842,12.720894,3.4445992
270.16765227620516,-7.372005115783984,11.394162,2.6924849
271.5990031503998,-8.114998311788968,12.832929,2.9034376
271.50763277857396,-8.107689712856551,12.138588,
271.50175142205865,-8.095868579598148,12.394383,3.5074444
271.3686824905404,-8.080921822185784,12.889821,1.6740808
271.11657548903236,-7.838865318593111,11.6491785,2.1361246
271.2532684929603,-7.6080887190066555,12.529323,2.4373255
271.18916194496524,-7.53383551820803,12.75314,2.3653507
272.1031433958279,-7.351224232311912,12.357787,2.3266754
272.1078873311031,-7.2637415274009145,12.148293,1.3515453
272.5290560125299,-7.213137286884998,12.979634,2.8396053
271.77361069017155,-7.006288460947645,11.656923,1.2153339
271.84519513009906,-6.848236870124743,12.237039,3.3616838
270.7867594373249,-7.627761379590224,12.369558,2.6549997
271.0047246804507,-7.442834245508182,12.35232,1.3795252
270.62891275972856,-7.529612927970343,11.723553,1.2030916
270.80059937455746,-7.386830346354549,12.731428,2.771863
270.41268869586054,-7.200508175990924,12.415555,3.1399717
270.1351621485894,-7.161081294705683,12.74304,4.995452
270.01595539890207,-7.178771230459078,12.722463,3.35044
270.36962264639925,-7.155195535718874,10.653657,1.1125593
270.8054567769455,-6.67786561749239,11.842184,2.709343
271.3365787071734,-7.025933650909349,10.529521,0.9569769
271.46741283277436,-6.888776954704599,11.552655,4.2565145
271.60214388520046,-6.818385774789255,12.89536,2.481904
271.33385656132344,-6.881062887941601,12.524732,1.4656906
271.4860204560668,-6.558201773771015,11.572149,1.36794
271.11047815965225,-6.6307015071657,12.780278,1.4877872
270.49630905080744,-6.5875157372405555,11.512196,1.1973257
270.2473970608572,-6.620429501514344,11.872884,2.242713
270.28793677439984,-6.505124318305788,11.82099,1.1706343
270.2190188027282,-6.413762302926841,11.773992,3.1295185
270.67311809469186,-6.4714321616875194,12.581454,3.337512
270.4822201107687,-6.288805966107517,12.962285,1.3060169
270.5524193061744,-6.171332685649847,11.511856,4.014366
270.7336212364939,-6.175821146396866,12.638421,1.8327389
270.741053579196,-5.967922815490345,12.884892,3.9683743
271.06703775918004,-5.847249198291104,12.465215,1.4906502
271.11963761266713,-5.753664074554781,12.117068,1.2484217
270.78214992459004,-5.774712434626689,10.453989,1.3976746
270.5953191258226,-5.735395943414257,7.635775,0.5642562
270.5144290078301,-5.519924121605574,12.610255,3.3740587
272.44744832495303,-6.676756416143928,12.902329,2.385788
273.709510604617,-6.301587584158538,11.165697,2.686554
273.40588604313814,-6.303899621205057,12.172073,1.2550592
273.935339658758,-6.175062445024768,11.921088,1.4668179
273.9201615708672,-6.055651575409317,12.81889,2.3569565
273.77976547000605,-5.90690475394009,8.855989,3.3457904
273.9383415180365,-5.799949499276114,10.5626545,1.040225
273.0145757297207,-5.998892295118417,12.609063,2.9030275
273.4956970079954,-5.575956485837531,11.087123,2.122404
273.6667998386514,-5.5137855301915595,11.922543,2.3900137
272.0249392902314,-6.1762385710641965,12.701601,2.42303
272.21256646737686,-5.919166859395422,12.476736,3.7413464
271.77532144505926,-6.060774963505306,10.732672,4.3630056
271.86263405815214,-5.989245862148434,10.402034,1.0602264
272.1188752421415,-5.88853316624062,11.87905,2.5495968
272.23329534282595,-5.7589222120488675,11.6575775,3.4687815
272.4312046434956,-5.681683372166213,12.820725,1.5784197
272.9575729884839,-5.73812755970977,12.794592,1.4106503
273.0553418432081,-5.626281630441506,11.231361,4.1741486
272.89781386664,-5.751193525965642,12.678736,2.9830751
272.95788236025595,-5.52184153346241,12.583365,3.242774
273.2160312453124,-5.618334448825151,11.680523,2.2915716
273.2233236563165,-5.419676432575973,12.06852,2.6072712
273.12755692027315,-5.3542307051534985,11.057789,2.646718
272.9301729215415,-5.374044024921562,11.036024,1.335825
273.2593204480802,-5.277691115355506,11.689773,2.2281218
272.3260038541293,-5.331673474966362,12.132573,2.788762
272.3706529616006,-5.2215919222748015,10.514225,1.347147
272.91934745785585,-4.907347608200537,12.758382,2.612546
272.78430518526517,-4.847416860997373,12.911914,2.5568323
273.868168292607,-5.6569117690793345,12.539053,2.5811205
274.0582052140935,-5.490060348474137,11.706078,3.378314
273.77377049020583,-5.306355333436704,12.955655,1.3180456
274.43816816717685,-5.037108895923829,11.279653,1.3434744
274.23909127527907,-4.823955440074367,11.926368,4.974766
275.05012629143425,-5.256270476500862,12.414859,3.467411
275.5190039871681,-4.788202602169612,12.723119,1.9938221
275.1850513356054,-4.7566118352602995,11.448427,1.1535406
275.0722785372777,-4.7682325503116045,11.155281,0.9648781
275.0499367436701,-4.389894830469356,12.5226755,1.4319077
273.67241637178495,-5.096641849827643,12.111528,3.280651
273.3891566907219,-5.160862225354079,11.3650875,4.5198174
273.2285528914304,-5.081262940877691,11.896141,1.2387381
273.3186780663374,-5.028034260988774,12.844025,2.5625973
274.129194011537,-4.844131922086865,12.958644,2.3792496
273.8983879424711,-4.646312873732647,11.146907,0.8598347
273.91827544230443,-4.571276533188902,11.973109,2.2388287
273.09297552740816,-4.5969856958316,11.594281,1.2707777
273.13862204726075,-4.548832512019775,12.961328,2.5007172
273.85131502502276,-4.237971734457927,11.951887,2.1009512
273.5896222946034,-4.191335670526403,12.552386,2.350254
273.5521576737225,-4.176447973605406,12.2619295,2.8631496
274.1794282667098,-4.088110751164432,12.706302,1.4035454
274.2632401426552,-3.9261558409755555,12.7639475,2.3930397
271.8106097276882,-5.396260987303092,10.921363,3.0623941
270.9146156671129,-5.377944827713679,12.319549,3.4259892
271.1421054446886,-5.061200951285726,12.204057,3.2279062
272.21575873045987,-5.2240483239219495,9.329346,2.0744371
272.19652977258784,-5.219122867406447,9.828362,3.4161453
271.6580859058501,-4.921843708523977,9.471815,5.9652033
272.39079442833525,-4.52415860705116,12.569242,1.3261127
270.0416311740857,-4.756974950189364,12.929519,4.7584515
270.6795867978619,-4.365702719213713,12.855082,2.2539253
270.7978490306569,-4.253595917228709,11.933995,2.1433916
273.3476119750498,-4.179337752638883,11.007407,2.5959644
273.5077538950323,-3.986937541930745,10.764974,0.7847338
273.5134768866856,-3.828956668421976,11.789648,1.8650904
274.1641157319517,-3.5623143744765646,11.083031,0.9793148
273.43712746590217,-3.528196467543824,11.046157,1.7232933
273.1507440513053,-3.485630075583562,9.23937,0.61274385
272.42461472457705,-3.328835547060937,10.670962,0.9007883
272.8772409170144,-3.154452010504508,12.593572,1.8797922
273.19798881236716,-2.9910900697941414,12.707299,3.8061981
272.3243523834267,-2.9804841419053107,8.803356,0.261981
272.9207988748426,-2.7264231873280798,6.888813,1.3911309
270.41027585306665,-4.2770190329582265,12.61234,2.9257994
270.1489413040562,-4.197167425992892,12.714201,3.567068
270.10042126217695,-4.072221300813439,10.510644,0.9709196
270.11237380845023,-3.8967700210771885,12.814754,2.6167793
270.78178936833655,-4.109498545988122,11.021779,0.9548845
270.51345518113015,-3.814951725349454,9.640257,0.68558407
271.00891091284615,-3.555843374859182,12.800585,1.5214233
270.7600507854744,-3.62861055467423,12.888617,1.3160791
270.9933623631607,-3.350773327947367,12.913107,1.7214022
270.2832845929432,-3.7002149798975705,10.996048,2.4290314
270.2513689268761,-3.521555906632318,9.1325655,1.909586
270.52928686804523,-3.219836604435914,12.375844,3.218462
270.83070610759313,-3.1227206451846974,10.661403,0.9134245
270.1301269292963,-2.5931391504194794,11.971743,2.5612488
271.3986525377258,-3.32580784003001,12.263613,1.1393003
271.1682829290931,-3.1628794033429686,11.546578,0.9648428
271.1943955517775,-2.86873591687405,12.62499,3.4025593
270.99971587433333,-2.984573361339456,10.43738,0.87135696
271.39089762607983,-2.85974324251763,11.053556,2.3104506
271.1337124452364,-2.7439175656118517,11.185657,1.1220608
271.9877521395623,-2.526743120876746,8.743702,0.726141
271.87874075975327,-2.359388232367752,11.940636,3.0675364
271.85844501687137,-2.032864540233297,12.813947,1.5965805
270.61012543451943,-2.653585530293132,11.596003,0.9474735
270.4861116848421,-2.6539551081643276,11.513562,3.0900173
271.37995975465094,-2.3920560355478715,12.770284,1.1326494
270.4117090239017,-2.462988113821342,12.898982,2.8775177
270.74767341956886,-2.286927649584659,12.696053,4.2182684
270.68073413168224,-1.8135316203320422,11.729399,4.003583
271.276712325626,-1.9121976374787324,12.4579735,3.4104013
271.6873784739321,-1.531492027882603,11.902062,4.105344
270.1722577146192,-2.2081554428973877,12.640319,1.197999
270.05986215147135,-2.120477500778988,11.523339,4.4233932
270.23509452172226,-1.8125711010038716,12.770122,1.8309002
270.4082292322073,-1.7355107106961014,12.839534,1.2593927
270.07697091355175,-1.698253919874958,11.806914,1.8609962
270.10763186820026,-1.3716884207272335,12.418196,1.1697845
270.5187778867344,-1.4801705084096246,12.509727,1.9397144
270.7084511415902,-1.4160488979324752,11.822795,1.010169
271.21904130033045,-1.3471365152007322,12.023616,2.208212
270.9816161245843,-1.2347748421449387,10.884086,1.8454952
270.39167192893825,-1.195046390525634,12.690145,1.0284815
270.7271581117879,-0.9746425122458041,10.678306,1.7635708
270.996507135896,-0.9091720694106153,12.743098,2.0512056
270.3920280749402,-0.8023868218972252,12.961514,1.2986126
270.1953522306314,-0.7377221304532612,12.462316,2.553011
270.49570149088964,-0.6359276774090982,12.91569,1.955821
270.6122656006068,-0.5673688542470954,9.982211,2.109332
270.0085325858016,-0.48579774692121075,11.9685545,0.5319748
270.0069367062939,-0.16426149274616436,12.694435,2.1322432
270.0027407440675,-9.096788144339909,12.056183,1.3699961
270.2854124610819,-8.631651367145178,12.944219,2.6788635
270.91954645901393,-8.229064676775641,12.42869,2.3929996
270.53561921468685,-8.310332015440157,12.39623,2.3792439
270.3351708082842,-8.326537133986955,11.095019,2.6941004
270.77014580947485,-8.180387382050037,5.814731,0.41090536
270.82582718594807,-8.023972482448613,12.8356695,2.399356
270.36860543163783,-7.805182254757322,11.15094,2.1044807
270.13051883916256,-7.460887371671875,12.00266,3.6674194
271.47152345292744,-8.290380512965994,12.651474,1.5803928
271.3564363372559,-8.222032874492546,12.053339,2.761281
271.62396860581987,-8.16091354307748,10.360415,1.226799
271.28099639402717,-8.00354896430657,12.547335,2.6588268
271.2722424517801,-7.902439757501253,11.966925,2.2729454
271.47731002178574,-7.84457364576294,12.17394,2.9433002
270.96523741534844,-7.9372763607777435,9.764447,1.0746279
271.32691402368334,-7.779022545756073,12.766275,2.4506454
271.25292866742785,-7.755921262583458,12.412248,4.2108
270.91081223761006,-7.692910039565509,11.40406,1.1166687
271.5748768022051,-7.341509529548374,12.209631,2.5127716
271.46986405724977,-7.418624779837617,11.985562,1.5968399
272.4944081693476,-7.135293927988187,12.34921,4.9611616
272.3172009026548,-6.888414157304329,12.120027,1.1297731
271.88010786162835,-6.865313808990199,12.8085165,2.460271
272.0940880666511,-6.725715755699091,12.026407,3.5499468
270.838925671988,-7.579269171470007,12.692287,1.758544
270.63531478373216,-7.3505777253535864,12.169321,4.2544966
271.2290459762787,-7.3295575367305235,12.572976,2.2874537
271.1966787791787,-7.1610841938864835,12.041752,1.3808146
270.87428793034724,-7.105527693644834,10.634055,1.9186983
271.43739783101836,-7.004689680220291,11.099025,2.4569178
271.2436353796946,-6.841718981342555,11.575681,2.6372938
271.41267543360493,-6.693966768510919,12.890338,1.338089
271.1305138170314,-6.686556174985711,10.227635,2.0626144
270.8180959805929,-6.579486068535246,12.401856,2.880043
270.0545486282991,-6.950433406312391,11.329168,1.1004429
270.1994392145434,-6.526894230632311,12.031541,2.3418922
270.7365451654758,-6.266292480784708,12.165166,1.8181744
270.5440213778768,-6.339331994122214,10.951227,2.2171726
270.941226326832,-6.129349781374417,11.985619,1.7411098
270.35032870110524,-6.137515447909109,10.36101,2.4524584
270.32760323747715,-6.065400364142673,11.750735,1.2096767
270.5546848337216,-6.004566758243961,11.408404,1.0128956
270.7345842035359,-5.9427943939935925,12.7715645,2.612587
270.52220498155856,-5.608511553390975,12.557696,2.6953535
270.55695981981614,-5.520784578463158,12.918325,3.8318624
270.3063819639771,-5.523139045403491,12.800548,2.883216
272.5900433501446,-6.850016525625014,12.898614,3.6407824
273.35594708418876,-6.543449871856152,12.001194,3.428463
272.48026113404575,-6.667802341703642,12.096723,3.2039852
272.3762543282418,-6.622921990924553,12.0835705,2.536172
272.7823624160848,-6.293692152742854,12.642439,2.3335342
273.83762032429365,-6.3018497301806455,12.795766,3.9344034
273.40650960076886,-6.354506403114908,12.774296,1.4421215
273.44113715322305,-6.2245217421618735,11.713338,2.2225294
274.0335021972604,-5.977929177643489,12.326038,3.268857
273.20049884765524,-6.145946309931665,12.128279,3.6914635
273.39580524872133,-6.078471795245058,12.696717,3.4867601
272.99020527281954,-6.021829629704171,10.962027,1.2129145
273.20884246066066,-5.789198713643941,12.670823,2.9222317
273.6011657675927,-5.7584847058450945,12.575118,7.2972736
273.2454628491974,-5.645118096541363,12.960875,2.4305468
273.3851724764205,-5.5935790308893685,12.772451,2.174718
272.4023262601225,-5.994723849428567,12.958986,2.3857203
272.31288237544976,-5.902197889798792,12.077135,1.4317055
272.4788663538628,-5.83838980732548,12.477162,4.807494
272.4383423231558,-5.707960046600264,12.305593,1.5503082
271.5853181828941,-6.009516174553628,10.585677,2.305869
271.58737686919045,-5.998630164579003,11.933693,1.0176201
271.8246055563446,-5.906102005808085,12.753697,2.277237
272.0525380016266,-5.78983096637546,12.06991,2.6086683
272.36642225951147,-5.673635013833201,9.996849,1.0056944
272.8416047400346,-5.809564653865644,12.322455,4.0515003
272.70353945833455,-5.827886919560462,10.848678,2.1497183
272.9550874623843,-5.4703684226613865,12.764706,2.8650951
273.18771074976075,-5.2238696501211255,12.236663,2.6019516
274.39857608772957,-5.7813420078671,12.907389,6.6457005
274.52813870532924,-5.5112422883295356,12.496552,1.408349
274.57295487052806,-5.323012929068004,11.215865,3.7264614
273.8412552215996,-5.6557223769917675,12.848239,2.256462
273.724929919271,-5.473088109721282,12.476588,1.3933792
273.6400014589941,-5.326968454979573,12.902209,2.1264086
273.6963913783031,-5.295889124772605,11.932332,2.1828604
274.1917244270228,-5.333010802004743,12.561722,3.461173
274.36983240561784,-5.155910696985657,12.204694,5.5641766
274.08118405599,-5.145099100211,12.881911,2.857646
274.95574896590045,-5.0734849280350724,10.868832,2.3695364
274.87421189680583,-5.108212495472455,12.774775,5.292285
274.79217439811913,-4.9540652972493735,12.756968,1.9186583
274.78380573777355,-4.9185332861543465,12.708029,1.8264351
275.3410051864117,-4.950203547211921,12.974049,1.3975277
275.5255669183232,-4.73733434158938,12.465655,2.742876
274.365083963659,-4.886275291826735,12.650236,2.5183296
274.8909759410191,-4.717532897833976,10.092591,0.91567326
274.89673245117035,-4.259602675015569,9.249081,0.54399395
273.5889260340341,-5.160148064433423,11.805241,3.3522367
273.68826999641976,-5.218577615660359,10.9758415,2.567154
273.71203005237896,-5.187829830087296,12.407257,2.4423933
273.70072750786386,-5.027227875074976,10.613933,2.67418
273.96943852596104,-4.661076401300151,12.929915,4.597308
273.808722447971,-4.66076272992897,11.3958235,1.1586847
273.28015459457345,-4.928689712077386,12.949713,2.5068302
273.2418948085452,-4.91192354735836,11.8648,3.7535524
273.02061550465965,-4.9160936751796696,12.986226,2.1670294
272.98440119784385,-4.727940513268553,12.112095,2.275959
273.6677699739849,-4.615603795404676,11.805488,2.4979067
273.5362419603702,-4.202693914059999,12.411862,1.6677437
274.27303610112483,-4.191945693753619,12.968152,2.927081
274.29962058938565,-4.1610690686342044,12.512367,5.818507
271.2861272116888,-5.488834942615009,12.479511,1.6954775
271.94608200464995,-5.503233169973698,11.158961,1.8698626
272.14559323924044,-4.902816515531932,12.597469,3.5025024
272.27255194574525,-4.635363018623069,12.0854225,1.7356186
270.4039088664526,-4.904208221613258,12.812358,3.505
271.27348566909376,-3.8478156022309293,12.269905,5.717407
273.08560062978097,-4.446252729009294,12.077739,1.668272
273.3209921336216,-4.3429140609777095,12.184132,2.9578218
273.42280839205256,-3.808298451008172,12.724571,2.654148
273.4672151519181,-3.766138082856944,12.224724,5.5443544
273.99137145819867,-3.6179773506693182,6.3111424,0.29769564
272.2531264143739,-3.987205204842536,12.129598,3.019041
272.9415109055877,-3.1629425168420378,12.033949,1.7147617
273.348335863424,-2.988812201763149,12.765039,1.5807877
270.07525881861693,-4.616281562928803,11.855596,2.903843
270.0718102720938,-4.499882319143471,11.01508,1.2538185
270.019885477651,-4.3171214634619455,10.776219,1.0472593
270.093651515283,-3.8546880313504013,12.979324,2.2588425
270.9428171165255,-3.789227319780918,12.789452,1.3886127
270.4831141267052,-3.950502694896363,11.243085,3.1668034
270.52275634952974,-3.9330435722619446,12.6307335,3.526846
270.68618328508757,-3.816437864116726,10.914947,0.82942677
270.7130957565619,-3.4626986075356876,11.39867,0.979579
270.6186769373855,-3.157157128251965,6.629351,0.7023988
270.6781055676299,-3.0099066082060886,12.404725,1.3098392
270.3530967448066,-3.070426245188505,10.758843,4.5558023
270.118788888958,-2.5784266392477537,12.452119,1.7695684
271.28066749357384,-3.395475552850177,12.212295,1.668622
271.280611533274,-3.3958198577483714,12.419234,
271.4572160339981,-2.9783078833221395,11.227989,2.2926931
271.4263305475496,-2.7186231204510993,9.479556,2.2593803
271.5937531526407,-2.654616381059907,12.544241,4.215534
272.10110806050113,-2.9374560012929503,10.016769,2.9369993
272.58909223647737,-2.3074085919380325,12.16806,1.4663763
272.1515211172445,-2.400574390140866,12.792396,2.5955715
272.0380066877784,-2.0352708015113095,9.441378,0.79833984
272.15219738069567,-1.93597073474889,12.577661,1.0721979
272.1107062183959,-1.8850969250583194,12.71549,1.3639965
270.74840070427445,-2.880575896371571,11.903639,1.0084467
270.786554368498,-2.8278092326763162,12.565357,1.4202538
270.743915138113,-2.7252024759782043,12.913129,1.3733912
270.50398236391766,-2.504050465975961,12.79323,1.2213783
270.3787639790321,-2.218944485720558,10.358997,0.8043747
271.45669434788755,-2.02071162870706,12.512657,2.683467
270.959598833572,-1.7488072387851799,10.358519,3.183299
270.9606679076388,-1.728020958199668,12.655813,1.845007
270.8774337993271,-1.6782896792799888,11.892685,2.6621094
270.25350159923147,-2.0484720140044406,12.819492,1.041789
270.2381067235475,-1.9362798291349261,12.065824,2.3691921
270.66925615826653,-1.7740673996741307,9.857882,0.8085823
270.5803071647938,-1.7556830647492392,12.89163,2.332718
270.147987166885,-1.7579680543068859,12.67921,2.2950869
270.4239868938198,-1.6566003681278314,10.19466,1.8967505
270.0651590912775,-1.6423342949177688,12.637156,2.61969
270.85472481341066,-1.5292767558643825,12.355279,1.9508543
270.4532074411017,-1.5534182667125662,11.017136,1.2869987
270.4875366107721,-1.4165925498189118,11.814557,1.6951599
271.0276182204077,-1.285340570457719,12.907885,1.4040766
271.11543697971166,-0.949095105523404,12.44905,3.5477667
270.53370716587875,-1.234094234444981,11.555111,1.6717453
270.68747361013226,-1.057732164752743,12.590915,2.114665
270.9537915149731,-0.8715358534717136,11.546212,3.0507288
270.29609792510905,-0.8644324164124401,11.937218,1.829339
270.0961003036422,-0.9223573579473411,12.006619,2.0282154
270.0384967065453,-0.907847959266852,11.748774,1.95115
270.0265543617523,-0.8061751415434119,10.654572,1.0538874
270.3700190113616,-0.557439428136292,12.950158,1.1473665
270.29985739766937,-0.547158560261399,11.923847,0.6764345
270.03424573099767,-0.37398214554704634,12.16938,1.5850334
270.0901031370318,-0.32310992002824923,12.264994,1.546277
270.20517745091064,-0.19281075778405746,12.971279,1.4696016
270.11557362969126,-0.16353751189454493,9.680036,1.3937044
270.01683111424416,-7.662929295769134,12.061442,1.344657
270.0693462066407,-7.659128949154663,12.886779,5.0451603
271.13861204311047,-8.016271619350004,12.508104,2.1425838
271.4622587741869,-7.929007411011533,10.395425,3.85293
271.45595911914046,-7.919417366825756,12.161821,1.4519997
271.63198598360356,-7.716932655004117,12.965356,1.503644
271.733473246362,-7.566439607480952,12.550646,2.6692324
271.05249294004557,-7.859530580044867,12.693588,2.9488716
271.31308128280017,-7.7777247129952745,11.507403,2.5269718
271.66486740065494,-7.548251846403478,12.929839,1.9061337
271.2619102564571,-7.390401162579141,12.992387,4.8213377
272.17674719337214,-7.492138811103815,11.654197,4.0005245
272.40511516094887,-7.250855589706282,12.645408,1.3034573
271.8156433769193,-7.276932187540579,11.088757,1.1422186
272.19365023451206,-6.8957401843112756,11.528391,1.2789383
271.9326728407407,-6.851004780951603,11.937347,1.5685225
270.6614699719776,-7.714935259433461,12.744284,2.4832954
270.51528834473146,-7.437203604684206,10.866939,2.1738453
270.7987975055453,-7.345435638193685,11.879711,2.8018093
271.1504857860383,-7.393499957622648,12.895972,1.8155804
271.132631276657,-7.339926946141052,12.193281,1.3305969
271.38171894273967,-7.187871533548018,12.671509,2.729024
270.3681544109618,-7.444886836988933,10.798311,1.1990337
271.2891644485996,-6.80750096442813,12.963976,2.4716244
271.36975543904276,-6.636695689301442,11.464568,1.3885365
271.7177762130734,-6.467397459105303,12.684936,1.9356174
271.594641404543,-6.42839097352812,12.497529,1.6205616
271.02950290626836,-6.663284574833967,11.986573,1.2523127
271.04606936527983,-6.553568236711215,12.2448225,3.8066072
271.46851374910966,-6.390313571401281,12.974498,1.5227432
270.1248548239334,-6.775400075479682,12.965525,3.9911804
270.6758363717576,-6.528910084066512,11.934219,1.3462152
270.76825096952837,-6.51182666075348,10.320499,4.5202036
270.8453158717672,-6.075769733132766,12.89482,1.4227762
270.6719869072307,-5.671197536972245,12.529781,2.8330793
270.4208786137886,-5.654575121756817,11.155713,2.1850615
273.31647628383377,-6.748798133444483,12.640383,2.4727192
273.3770394095543,-6.664577269746086,10.758841,2.305522
272.50667597182587,-6.486636228084962,12.445485,2.0107613
272.6847627457917,-6.34760977767177,11.689119,1.3924618
273.26120255384706,-6.339316043584329,12.826786,3.7897282
273.30846905320334,-6.162167536765535,12.717386,2.2225065
273.31676167570623,-6.088265115490708,12.896309,1.3369532
272.9714504695736,-6.097482651629332,12.932263,2.5792933
272.9005531198858,-6.028949039982671,9.370223,0.885334
273.260701184291,-5.876760826659833,12.45824,2.7781038
273.7409454529735,-5.636119007377126,11.947009,2.164794
273.36305154933547,-5.551071966478092,12.660563,2.7485657
272.0736969937393,-6.444814483566714,11.522711,2.4751558
272.56180670810056,-6.189688290278079,12.861893,3.765418
272.32263459674186,-6.1106974048514,10.4732275,0.8447733
272.48162410213234,-5.890158248815285,12.364342,5.2918615
272.6103239895014,-5.845935212370085,12.72587,1.4803686
272.0134329676052,-6.0297096518277575,12.249871,3.9657612
272.0449901142585,-5.8163775981531485,12.812902,2.4784784
272.12899366887785,-5.7044913233607,12.337989,1.4000101
272.7533003526545,-5.477581864823562,12.896978,2.651699
273.4434840920961,-5.340130483115775,12.283756,2.8894825
273.1851672139252,-5.100264339915589,12.87733,1.4416704
272.88157520236047,-5.110128615216124,12.93528,2.4989882
274.2481751943468,-5.943553054676565,11.630187,1.3355541
274.33611225728544,-5.832099872682435,12.856477,1.711648
274.25065790793843,-5.616361226128046,12.780877,1.2061253
274.27784114710647,-5.467329912101432,12.355703,1.529171
274.17435123759924,-5.488706806468842,10.2005825,2.0254526
274.36186725600726,-5.40080026828699,12.869139,2.9468517
273.8249876957642,-5.362523441835587,12.991725,1.4439201
273.9767355350859,-5.220328380761686,11.664783,2.812047
274.263477439112,-5.1663901370606595,11.783169,2.87788
274.27318516774665,-4.928158254667405,12.724281,4.0521154
274.7364480667482,-4.4984388037323075,12.860537,4.306628
273.5115971548303,-5.354911781107724,12.863903,1.446269
273.60962294542065,-5.286221804753989,11.815883,3.4740448
273.23190767120946,-5.108433819670981,12.087667,2.4184275
273.30568465300024,-5.086450014698307,12.854666,4.2716665
273.348752629923,-4.965971015292466,12.816187,4.656495
273.81153450158354,-5.029799023204168,12.569532,1.1105642
273.86078282787076,-4.943575936952908,12.26536,2.281868
274.136278309735,-4.770625413305748,12.958298,2.6604548
273.79071071710996,-4.773063214209669,12.19517,1.1422997
273.2529515408368,-4.560163548023486,12.711079,2.6254416
273.12170216145563,-4.647466855131522,12.32228,2.64645
273.14736958913846,-4.618225920208795,12.177997,3.7661867
273.375173920383,-4.523254425935068,12.82873,1.2936335
274.3449246238749,-4.400060750200366,12.86004,1.5379305
274.3608954293113,-4.391589905115349,12.834353,5.9849195
274.04283721565383,-4.549445066653773,12.967442,2.8500547
274.03172541027726,-4.5417539858052765,11.756016,3.2239313
274.08103449477665,-4.317199121694402,10.999436,2.4300804
274.6136195197695,-4.361116058409336,12.79395,4.6905737
274.533679446586,-4.115640272632899,12.206461,1.5007906
273.7311439369641,-4.163890083202847,12.2498,2.1939564
273.5468290093001,-4.1878737420747685,11.429858,1.6700268
271.2875692656303,-5.838692971360706,12.910114,3.5366879
271.7437892511353,-5.585262887219473,12.493347,3.1279802
272.11901537384745,-5.360602266231267,12.955016,3.2293806
272.19559689299336,-4.895370730288501,11.8441305,1.7098312
272.3836167126815,-4.957649718316367,10.785866,0.984952
272.0255018825445,-4.791818356062147,12.325011,1.5540466
271.12613426835986,-4.525499085654958,12.62026,5.8381977
271.8554908061898,-4.0304443023971475,10.403673,0.9201946
271.1639799484651,-4.049972028253421,9.960405,0.8735523
273.3009357769514,-4.2367130467608884,12.836325,1.4958057
272.5027220183914,-3.852269283616748,11.767068,1.1569796
273.5814886666257,-4.011395190406861,12.789081,3.7589788
273.1946021741939,-3.627466146531797,12.274274,2.8095026
273.3214349907102,-3.283667691975055,11.438949,1.1028538
272.2936336782585,-3.558766192280102,12.31822,2.2773771
272.2943638300216,-3.1882737150778446,12.878943,4.3556595
273.22405933579455,-2.890156533363057,12.974228,
272.39034693160636,-3.0640950236953826,11.439246,2.4769592
272.6980450948065,-2.798572582746152,12.6602745,3.1530657
270.18828648892537,-4.3566090339348635,10.987759,1.1052475
270.3476131636318,-3.8588508594850945,12.723935,2.5809822
270.70632056785996,-3.0014433264749347,12.323495,2.7229376
270.3742573260154,-3.1719768878243992,12.815841,2.4747124
270.1483612350206,-3.1070687816292315,12.063878,2.3155727
270.1626125305356,-2.891382913760183,12.679773,1.1704712
270.19509877838067,-2.87122908148193,12.506111,1.2794094
270.9732894081599,-3.1112569937175256,11.131934,2.9055443
271.95595479698335,-2.6074652457107392,12.984691,3.5486307
272.2999541201735,-2.415804972488005,11.29387,0.90983105
271.49734386737987,-2.4449385596853412,12.751807,2.9435482
271.5808026671902,-2.357088935397711,12.07652,1.0703392
272.1666106035947,-2.056545830859406,12.107053,3.128728
271.8406987708135,-2.1321116809468554,12.424602,1.3804607
270.98830707311447,-2.6937198665399538,12.328394,2.7450209
270.2749412577544,-2.5792808380794843,12.374225,2.4906921
270.3992243703132,-2.4716057680906354,11.787436,1.1566811
270.4929596162783,-2.4759628684344546,12.678435,1.282774
270.6294396358796,-2.433845332489671,11.043448,2.889165
270.43452355679574,-2.361451940910813,12.616083,1.2587404
270.29248141026517,-2.3851710975277336,10.107563,3.789544
270.24646616850373,-2.314047210098265,11.494045,4.104766
270.76206916643906,-2.310436451834286,12.526314,1.2495184
271.3914677760694,-2.184068917655079,12.0227585,4.699382
271.1939422661734,-2.0435917564760975,11.770474,1.6567974
271.47486539241004,-1.9526582197616076,11.180228,1.0081062
271.26819451639227,-1.9361694789292254,12.768826,3.5275488
271.25796910641486,-1.613261426361381,11.342443,1.5578032
270.04959554382407,-2.12505379158388,11.311994,2.2778006
270.1933517463547,-2.0645312978743307,12.120946,1.031148
270.1140942131196,-1.8947115858964643,12.777701,1.2574282
270.4344612684538,-1.86053521655167,12.896501,3.6841793
270.2450482262316,-1.6100727224811118,11.977293,1.144722
270.1974568400375,-1.5825389019816904,11.849868,1.0450602
270.0766319743923,-1.4422924729903348,11.72075,2.6638336
270.6005938278831,-1.5699165612202806,10.387315,2.945794
271.115339765022,-1.282438095029598,12.437731,2.2463083
270.80629116438666,-1.1792803310147704,12.370306,1.9907246
271.08896658220846,-1.0584968087755062,12.522771,2.1652021
270.2702194938522,-1.3239819164760165,12.345092,2.09692
270.4311360018007,-1.1661492306066632,12.509223,1.0885344
270.18851604898276,-1.0622385125286549,12.547637,1.5502195
270.2720976486535,-1.0932432442243094,11.968411,1.7778587
270.2671576276261,-1.0580310427839232,12.786839,1.9546328
270.9548336358977,-0.8696383223770192,10.090895,1.9548569
270.7607834926107,-0.9136799386212775,12.549802,2.1054602
270.77030559730366,-0.8615001946519112,12.83414,1.8784914
270.8771392377494,-0.8848904936975961,12.993926,2.318636
270.53076121627436,-0.8743546825540139,12.555953,1.1592398
270.6797005907382,-0.7317554727946632,12.352564,2.0682173
270.0483459369874,-0.7504291998593633,11.945837,3.3491583
270.41348432623806,-0.7544172928011214,12.987297,1.9182901
270.4778278216152,-0.7089946410228342,11.565107,4.815469
270.3187846013295,-0.7648802710138649,11.463974,3.2600622
270.5929131473336,-0.6055689063843683,11.440206,1.0640383
270.36849707945805,-0.5239737081503296,12.922982,1.894207
270.40548673744445,-0.47089722959453545,12.562515,1.858387
270.0220823501346,-0.2541884183916841,10.581418,0.3865471
269.61570222828516,-1.22042843412086,10.056106,1.7557974
268.92115333639146,-1.3663338281406239,12.75618,1.7794714
269.0711704230652,-1.2556348693416357,11.285635,1.0022793
269.09684055994984,-1.0934956929966015,12.345513,2.4518356
268.83655839319835,-1.1391975053705978,11.039331,1.9698858
268.72285759771023,-1.1597202331674545,12.032312,1.7426882
268.98582664832077,-0.9863769666160641,12.859121,1.1028738
269.9868406273401,-0.6557451451946131,12.259139,1.9804134
269.6787526172326,-0.8117906599275239,12.250739,3.0814266
269.63453880382144,-0.6720321582156823,12.192394,1.673132
269.62376119425056,-0.5004368180366083,11.064929,1.8226337
270.3471840594353,-8.988024155467258,12.543348,2.4492598
270.22947963475895,-8.938117288013284,12.124398,2.4817657
270.48927254224935,-8.82776190015517,12.822026,3.0684881
270.37385272471715,-8.295664416254606,12.946989,2.7588825
270.40681796098823,-8.212688230793876,12.950172,2.8988428
270.2355678230175,-8.128885038258392,12.067218,1.2005548
270.3095804867493,-7.957656143065815,10.700586,1.1936378
270.21349695077,-7.488227527735456,12.029362,1.2366791
271.410842841443,-8.272046801595739,11.040956,3.722187
271.6284948865838,-8.17302961910381,12.490814,1.4418526
271.5110993929322,-8.17105918552009,12.435083,2.8430386
271.3166539795109,-7.87094001617803,12.815066,2.2901583
271.90608621187374,-7.742657516324481,12.590714,2.5309324
271.041051744762,-7.998259361597023,12.468046,1.3464556
271.35324920349234,-7.779960872154587,12.79962,2.9433327
271.5336617789961,-7.329416153461305,12.153627,5.8565474
272.3720147796549,-7.534024867032676,12.209651,1.5858068
272.23510480301536,-7.512094447101985,11.709408,4.0536165
272.5403728207004,-7.335850333703662,11.864878,2.7009535
272.4080273762441,-7.335112105822739,12.799952,1.2389565
272.3081786912753,-7.029142405446845,12.08701,3.3094215
271.72755802886445,-7.061359899164232,12.704316,2.5062218
271.94754739296343,-7.03598963059607,12.902437,3.6032763
271.9409371553794,-6.824016777510427,12.628641,1.8965635
270.6998471617795,-7.692221246053805,12.004775,2.57096
270.8046702660842,-7.336061617871143,12.588448,2.4873343
270.73017012736733,-7.307608337497964,11.62769,2.408226
271.01541486206617,-7.324154881758841,12.233119,2.509159
270.25316558640765,-7.047746410104263,11.730015,1.3893442
270.7214907256291,-6.964889941453383,12.869145,2.5849075
271.6152111756303,-6.834509275726268,11.310776,4.8589697
271.24976234276266,-6.899640693403865,9.808367,1.9415874
271.3214726110603,-6.829236039429447,12.934321,3.5089407
271.68730983294034,-6.699271989837084,12.059439,2.6146212
271.8328415649326,-6.637355766296813,9.8637905,2.1358118
270.27884714875404,-6.897357101188169,12.823548,2.4718323
270.3255988446342,-6.72789488293699,12.678383,1.4047699
270.16527667781634,-6.677829308701916,12.113137,1.21593
270.0369011642636,-6.577748475024508,12.343016,2.6215
270.16313218452547,-6.297192308669724,12.808148,1.0537376
270.2676754898779,-6.308121308571308,11.706859,2.1685896
270.21165727492274,-6.234199265136107,12.639097,4.4602222
270.6796635404452,-6.3959234146141055,12.887949,1.44697
270.8307202754491,-6.120725202323045,12.546621,1.6524534
271.0665672578997,-6.032742142517297,12.585305,2.923521
271.04177830179555,-6.007244989115776,12.971299,3.977336
271.22577228070145,-6.06844760721103,12.564037,2.1088037
271.27838370845535,-6.023016006348495,11.116738,1.0734711
271.1840590729424,-5.791217201106948,12.76271,1.6647091
270.2675010132145,-6.129895784642316,9.351377,0.91936684
270.129034819186,-6.000184100303512,11.753891,1.0909672
270.4036870359022,-5.619419041877147,12.697836,1.6004047
270.4013812372117,-5.409097737320953,12.916103,2.4352589
272.5957385234186,-6.949043117788739,12.06641,3.5270615
273.0908064738303,-6.752966130908083,11.486914,1.1126661
273.1739701390706,-6.552767194541497,12.533679,1.3977203
272.32593160760973,-6.762560996185766,12.844108,1.669198
273.5176805611932,-6.238152935636625,11.726871,4.891329
273.74436976782346,-6.004859623385217,12.344594,2.677868
273.3300230015308,-5.883760625904875,12.493359,2.4451456
273.02917059627777,-6.074291532063665,11.620952,3.1903248
271.7836749664851,-6.2517587308355544,12.774105,1.4349747
271.4480004392674,-5.972759933175332,12.929059,4.7133408
272.68400425056166,-5.583096234642078,12.667415,1.8366985
272.8193314282892,-5.6171004291574995,10.357557,0.9856205
273.15097963705523,-5.436079436192831,12.840439,1.5142698
273.19600121446325,-5.125705963412282,9.930621,0.6171074
272.2392269115214,-5.364153408186184,11.850913,1.1795483
272.2392029150211,-5.364343392186812,12.768243,
272.61882737073296,-5.22615385020621,11.874733,4.0782566
272.7346845622618,-5.2462121681801825,11.038611,4.1859293
274.25469846512544,-5.69332295920009,12.673481,2.7530632
274.1160172634007,-5.495476803778365,12.965333,3.0336485
274.43671975928777,-5.437944187556846,12.423998,1.7277985
274.3486548312142,-5.445026640821825,12.844711,1.2461929
274.47745415703855,-5.403330951390126,12.918584,1.5521088
274.0910750477263,-5.315954320954848,12.352517,1.2147884
273.71985626309026,-5.337272232868178,11.78644,1.9618511
273.83944758211567,-5.235023323841589,11.588232,2.5574293
274.39977615380946,-4.965187800217137,12.502012,1.6423283
274.28495528311487,-4.997266949966707,12.423791,1.3736534
275.02902286494333,-5.066215784093128,12.582307,2.7772217
274.887567763765,-5.095895044785986,11.708023,1.3604088
275.2551554269255,-4.7159246103967245,12.699934,4.166198
273.63265758557003,-4.923723604212609,10.960896,2.7914772
274.0683618298127,-4.752498789781508,11.950711,2.322627
274.01957723638264,-4.673261562672202,11.7729435,1.3413382
273.6394052957372,-4.8292893557494345,12.251228,2.2343807
273.1491539679605,-4.864708544371084,11.863832,1.194685
273.25042259369235,-4.764724798342953,8.10389,0.38207436
272.9347666334756,-4.74489395123416,11.494721,3.465807
273.4065792727681,-4.446896478701826,12.923916,2.8249598
273.52359086965504,-4.3949462054668205,12.709417,2.5265121
273.4498119527482,-4.373002642044474,11.806474,2.0448484
274.0830108927498,-4.457967717652617,12.8733635,3.017376
274.20712630818815,-4.24668698104902,11.784519,2.4911098
274.5439031655631,-4.334250171016507,11.804006,3.0167732
273.82174720290203,-4.34425007890655,12.032063,2.5643234
274.02644271260465,-4.2591109939520235,12.387182,2.681528
273.8298093741405,-4.040341491375392,12.84722,2.6840582
274.1234274843992,-3.9731601431291543,11.704184,1.3880396
274.17719776544385,-3.6852710430802187,12.576088,3.2498903
271.5580921072245,-5.803012474636837,12.670203,3.5922575
271.80230874790084,-5.636932763714177,12.88952,1.6264553
271.13157797777774,-5.276137672553292,12.967884,1.6771708
271.4317618570833,-5.159978157230016,12.71764,1.3043108
271.8591703599776,-5.132498777273277,12.080783,3.0754576
272.49618338774826,-4.878837781116515,11.978438,4.233615
272.5568847283133,-4.815254625968748,10.254788,0.7862959
272.3342581501193,-4.859918421780451,12.61639,2.588766
272.0254116563252,-4.791571435374977,12.389183,1.6023855
270.7221997702774,-5.044366160813932,12.737587,2.926629
271.1041305889295,-4.591240188957093,11.952345,1.2680693
270.2509244050476,-4.911589184299036,12.06579,1.1370544
270.7761242205776,-4.388280612600714,8.883675,1.2640343
271.6273918975977,-4.366246160936392,12.398497,1.4860353
272.7896099342372,-4.67220422046645,12.181643,2.4444017
273.03600918844677,-4.56044060558459,12.956464,2.4488316
273.06547697086546,-4.45194335914486,12.705759,3.9473457
272.85695945980467,-4.374503156492523,10.973275,1.8904495
272.87203491940915,-4.065251443098296,12.36081,4.130205
272.9474393369764,-3.8217596200386974,12.68514,5.0913076
272.63481138940864,-3.8622522914822506,12.974712,2.8558626
273.7340329579031,-3.9077604038211424,12.83562,3.5129166
273.6707966906248,-3.852681810928472,12.197147,3.15477
273.2739421766834,-3.832703492035179,12.809952,1.4102421
273.8057601061234,-3.5009673206498753,11.749556,5.3255596
273.14030800307296,-3.6922190474093877,12.506819,5.5412188
272.12136215506195,-4.097222109417536,8.487122,0.6796961
271.58386970465716,-3.4477586410808385,11.98103,2.766224
272.0187151057858,-3.3469137113880554,11.120831,1.1436768
272.1762113754304,-3.082765579625077,11.285454,3.9637842
273.2229759646369,-2.7900264114819633,12.377407,3.290722
272.84633402740525,-2.651112753126413,12.247214,3.9043188
270.1630539463654,-4.337079519342586,11.6028805,4.175892
270.1551121247522,-4.321074129122386,12.768481,1.5684929
270.65932988487583,-3.3912961584925663,11.845267,3.1484585
270.55285994055447,-3.1971005181512964,12.571299,2.607359
270.0757260332689,-3.1073440401837384,12.368796,3.501975
270.2706348742015,-3.086496716797206,12.409199,2.449463
270.5179183670201,-2.9808534109513536,12.706575,2.2460346
270.54227612789583,-2.8700175821295515,12.068403,1.8191328
270.12573866370855,-2.5641501407547715,12.870595,2.261407
271.67467000323256,-3.0965574913037677,12.844119,3.6577673
271.2841138366001,-3.032798001841446,8.519395,2.1195245
272.15084412747666,-2.6427756946135483,11.253746,2.6922665
272.0089480178725,-2.5906738568856027,12.152638,1.0848026
271.7412112080494,-2.400899380209706,12.029131,1.0874329
271.68130026998585,-2.372085804206433,11.719094,3.5093384
270.45503604750587,-2.6166232064156754,12.6007,1.1247139
270.95833613969273,-2.5117548589165897,12.288802,2.4084177
270.4924071885949,-2.488548506016204,10.952171,2.0830526
271.50949466764627,-1.8027524152996757,11.410366,4.5042343
271.2007686563243,-1.7412069458138522,8.788297,0.9164877
271.50822974809216,-1.5723024554226044,12.322634,1.4147768
271.628077612798,-1.5163124276427637,12.387979,1.301342
271.3265138052731,-1.2624438677389807,12.720317,2.1822977
270.0890894389167,-2.0405563127773365,12.583589,1.0704718
270.42230720404393,-1.9457396772213955,12.012287,2.0224504
270.19890791575904,-1.5596904383443222,12.104396,4.9163876
270.08606132211355,-1.527524290433748,12.530211,2.1887255
270.68941711991516,-1.6216543239470327,11.4903,1.3544502
270.4678172840554,-1.4376912529904093,12.589483,1.0828552
270.59144023512437,-1.3748181452642807,12.398539,3.1035337
271.1175404532626,-1.4327466880520467,12.695015,4.673188
270.9617437484197,-1.3062927777053648,11.027375,1.7865009
271.3488991184807,-1.2055482383158693,12.182545,5.1006775
270.8738375392559,-1.086913915763459,12.554505,2.9703703
270.35449502791573,-1.3025081171833488,12.558433,1.728714
270.20156092910156,-1.246078684120821,12.890795,2.344264
270.2571841182095,-0.9842610348297339,12.397429,1.6514893
270.77156290882954,-1.1224562417800472,12.70938,2.7276669
270.70076349727753,-1.1174466468635913,12.782681,1.4411507
270.546198391481,-0.8585182554930462,11.377614,0.9695549
270.5392871099983,-0.7721860716435156,12.963034,2.3598003
270.31237350382565,-0.9071217893179098,11.901117,1.7329855
270.0771597280743,-0.7238244100957406,10.508955,2.0965796
270.3555035645317,-0.6860835132853285,12.580101,3.0456495
270.4197371921031,-0.6575782125284754,12.094628,2.6455889
270.40738866591084,-0.5946824448858165,12.144048,2.521844
270.2030573431576,-0.585320813768765,12.723696,2.81009
270.09446383177453,-0.6053784488518581,12.787585,1.519618
270.0714275343549,-0.5741845653802091,12.104815,0.9714699
270.11212758307755,-0.3252384867980454,12.040834,1.5168552
268.48733783950354,-7.2468913947323355,11.306886,2.8345194
268.42662958228584,-7.1971499472252125,11.386646,1.946559
268.33343412342106,-7.247733587195053,12.251502,1.0332909
267.48682129672346,-7.43278643102338,12.923166,1.5460329
267.96199490022184,-6.832389297394547,11.568781,1.1031103
268.6124123952442,-6.801184961152202,12.934787,2.146556
269.1179266342588,-6.551739682450186,8.384524,1.5705194
268.80736491983635,-6.438696652769734,12.630911,2.8123188
268.2240677659247,-6.703655207583965,12.590512,2.3828306
268.17769287698707,-6.5668221058231415,12.487729,1.2465258
268.19908809370605,-6.484130869444451,11.525841,1.1649275
269.86086155411766,-6.861265642681813,11.496403,2.175601
269.62445321735595,-6.849086585889228,10.071031,2.846856
269.57020979436646,-6.76262657204367,12.04386,1.1851425
269.8901016615949,-6.503416952932228,11.364478,0.93690777
269.52285493274076,-6.559539748505727,12.93493,4.7871914
269.656951256006,-6.341890849336979,12.576109,1.2184973
269.94860108036386,-6.201961399903884,12.652278,1.4663572
269.41510566680444,-6.3208537369303235,12.092787,3.75459
269.8297404976943,-5.951688358040324,11.216957,2.0705137
268.757309896039,-5.865048480874597,10.759426,2.187891
269.13317888669883,-5.605469790886559,12.832938,1.5909138
269.3223603600168,-5.50253016488137,12.444385,1.9946575
267.4258828199652,-6.680447800674249,12.72666,2.065833
267.54823145512376,-6.527530163740731,11.444327,0.9666338
266.57616240535083,-6.629149114516589,9.521394,2.2957144
267.28896947976546,-6.384997428449365,12.049337,2.3499308
267.01328208359996,-6.2919152517739825,9.954488,2.1832514
267.99179238879276,-6.3517686286486885,11.749852,1.0327244
268.02791979637834,-6.2215478419969905,12.649356,1.533968
267.74504595709107,-6.150068042289679,11.713961,1.3352251
268.22834399221307,-6.20351548330531,12.209147,2.0659266
268.1612443348865,-6.143597122396139,5.6400485,1.8716583
268.19655537867095,-6.05573878176185,12.824813,1.61205
268.0393818182686,-5.704266023174038,12.412593,2.8403215
267.6522862690275,-5.732209743889637,12.93073,1.9491816
266.35412622496295,-6.384931899984142,11.535729,3.1172132
266.31788420670813,-6.26162072676588,11.887684,2.217064
266.91892292917083,-5.857304747249446,12.697758,2.2407541
266.78119309068205,-5.645136545996254,12.4408865,1.3153334
267.4698770716923,-5.259996000842726,10.961216,2.6010923
267.2410810615499,-5.207722078617279,12.541637,1.4726562
267.18626297489885,-5.120718151967739,11.751424,1.8002043
268.72148660803106,-5.737925894159195,10.996301,2.8522081
268.90732702995297,-5.323789594787897,12.647566,2.1745892
268.31005518080553,-5.552579891168585,10.8751,4.340742
268.39907342130186,-5.3458692570369495,12.153584,2.1055765
268.1099524372327,-5.388808969178772,10.861581,2.5928812
268.8388751446339,-5.028965513558029,12.701844,2.5097475
268.26758977498434,-5.069524044137353,12.802286,2.0629883
269.5493937301294,-4.967882792700023,11.133653,5.388423
269.7763974976635,-4.740611267490404,11.358729,1.9181595
269.5607801479898,-4.582995012844857,12.361704,4.6540184
268.7870002952966,-4.622745087378345,12.817685,1.1601896
269.2455349973686,-4.327361657464663,12.880755,3.7302303
267.9100402387006,-5.083651207676391,12.834578,1.3295765
267.6600420593944,-5.0405055386575155,12.473712,2.143446
268.0837210251027,-4.933705307206326,12.74246,2.8217173
268.2258445385264,-4.804060702001862,12.9114065,1.5870152
267.4857712208156,-4.747016025649005,12.854124,1.44242
268.51936256765487,-4.660847934860693,12.655089,1.463275
268.27872374724933,-4.280493966220368,12.801005,3.2848291
268.5501378373822,-4.1529767361505545,12.589342,3.2119102
268.52423354027883,-3.845163593141904,12.849814,1.5822535
265.79871745014583,-5.755217988790013,11.044005,2.324911
266.1624335628904,-5.37515799985221,12.504419,2.508483
265.9645346889008,-5.521647834304253,12.896489,1.5036783
266.0490334732201,-5.397132794160013,11.386922,3.4207478
266.19891895904044,-4.988372237691326,12.7754545,2.0194407
266.03195623936364,-4.874065264650871,12.810959,1.5117912
266.59156698108825,-4.594378959866136,12.185425,1.2699566
266.4330947154113,-4.331513324082472,12.902849,1.9084682
264.8617455535224,-5.022689777223413,12.490473,2.1494942
265.48651722565904,-4.933597722366382,12.713879,1.2789669
265.6043315052675,-4.769208375446944,8.952673,0.3644514
264.5903652884007,-4.829752829202028,12.620077,1.4878292
265.3417695326568,-4.4814171911839935,12.63184,2.2732935
265.23449856188336,-4.356344251259714,11.431831,1.934782
265.57147720547107,-4.555924599832921,12.474545,3.4285727
265.6251545819177,-4.387209275730665,11.718209,1.2805538
266.075403552663,-4.292118567443703,12.760068,2.9814396
266.2265945844848,-4.125176556181003,12.018124,2.0845776
265.5175895403987,-4.25162491058375,11.437792,2.044487
266.0955095610846,-3.8800240296300674,12.728542,1.9074793
267.04581340122303,-4.157570570822001,11.4051695,0.9483309
267.00227915582974,-4.0691117771393115,12.942781,2.6575994
266.5796297713842,-4.1226678485784785,12.877909,1.8993835
266.8714288561819,-4.106662791972952,12.248359,1.864214
266.96980532230145,-4.018855750501209,11.464302,1.2876844
267.04737873085804,-4.022621646590593,11.538624,1.2312717
267.0568667670408,-3.833601995776148,11.877808,1.9497786
267.00487682831726,-3.7606565707749984,12.2586775,1.8840122
268.0963462159838,-3.7145090260551594,12.936061,1.376297
267.4930295999728,-3.704115216500677,12.470729,2.6542253
267.69826651988706,-3.6212120069966227,11.2920065,2.0188046
267.61421880642007,-3.384979161790324,12.490586,1.4443884
267.96694530079213,-3.4866309600831396,10.547598,0.74562263
267.93777376302563,-3.2812242146772914,11.197771,0.79477596
267.6813859810564,-3.2373509531224745,12.787917,4.01542
266.4968302495315,-3.998555117946809,12.014138,2.1407614
266.44428404013695,-3.6770896137770643,11.882677,1.0213346
266.81371434597776,-3.8421642344409412,12.117485,1.568636
266.6722564686557,-3.446309284635824,12.985989,1.962285
266.33192366895855,-3.6794414407536045,11.983316,2.5615444
266.0391609152719,-3.5330213721878447,11.888274,1.8120346
267.18578837691047,-3.3446487232642776,12.543998,1.346571
267.6955225768252,-2.8388050294089693,12.981612,1.1987123
267.3613067225607,-2.5834759504243983,11.9482,2.4193602
267.3802307176524,-2.5823541671518226,12.859602,1.2792168
269.9318894710339,-4.575688890878381,12.7940445,1.662982
269.73732365008544,-4.498635264798582,12.099436,3.1558075
269.9787993444206,-4.4243709304352015,11.421509,1.2320061
269.4029182045027,-4.106056934522254,10.41283,3.6898327
269.66235669474514,-4.150987082523598,11.705461,1.2444048
269.99618711978,-4.138756429809826,12.977211,3.5066223
269.8775505949956,-3.5601805973459926,12.356504,2.8683138
268.89304222748524,-3.594425202310445,11.113387,2.6280527
268.9306756125822,-3.542674404906173,10.337272,1.1696501
269.2303593412708,-3.4712288219897904,10.869355,0.8050337
269.26993478288597,-3.4398090424844963,10.627086,0.8843746
269.32228820949,-3.1626011073927836,11.701348,3.2779179
269.93024209163246,-3.226189495673279,10.52278,1.0774412
269.9077102536406,-2.5799774230592885,12.98497,1.0198689
268.67795844799684,-3.2456018887651243,10.906484,2.1354218
268.69691132860765,-3.208049580432739,12.899082,1.3332415
268.69378541285124,-3.1170304991333815,11.636885,1.0177994
268.8100969272525,-2.991916396906396,12.213638,3.616478
268.2108272872015,-3.1082795747342766,12.035277,2.1747446
268.45092438275856,-2.937956667369269,12.6375065,2.0029802
268.63540200000034,-2.905634218471348,12.974475,1.979929
268.554200866352,-2.7644005382796233,11.298717,2.9950504
268.48873696509423,-2.748691268754907,12.326257,2.0103703
268.4527442765193,-2.6685652472438637,12.266679,2.5238066
268.355682757358,-2.6299242799119273,9.980413,0.5825043
268.45947950556445,-2.51514429082818,11.881678,2.466854
269.2662630777627,-2.9235546897802664,12.456317,1.989191
269.3449983886591,-2.571642560002248,12.98525,1.2089243
269.6256074343665,-2.5534823412505574,12.454052,3.3414145
269.50700657575163,-2.507208584315429,11.762596,1.2929096
269.09512356567717,-2.4042329434564307,12.652447,1.2888536
268.89406894923263,-2.2667800420655952,11.473621,1.1973381
268.90240478751053,-2.2355385339315306,12.904878,2.0560417
269.5449838867924,-2.1533800034408963,8.809105,0.6118908
269.5674716514186,-2.14211679837848,11.839751,1.0073061
269.0127172918698,-2.129663026700965,11.457461,1.9302139
269.08896735169554,-2.096645356223584,12.433023,1.1988554
269.23997365358287,-2.0280014522297054,12.278339,2.4366531
267.84406536803675,-2.8260406908657596,12.553268,1.4807491
267.9302958984195,-2.7540456761577436,11.953792,1.1954451
267.84913789326816,-2.699677357196079,12.387361,1.2120667
268.35034586210674,-2.2976198163407515,12.913193,1.8731823
267.27038391749943,-2.4071591727326727,11.553523,1.8433132
267.38886316809675,-2.229079489681193,7.1181035,2.615141
267.8427008382591,-2.0887772918753456,11.118944,2.05338
267.9149366757132,-2.0532223912705723,9.925137,1.8525467
267.8928556036582,-1.9497572541983312,11.464045,1.7476053
268.37729980734906,-2.1915539294029087,12.034205,1.1014957
268.54334560288953,-1.8779097093874522,12.825184,1.8252201
268.9678101019711,-2.0403252945792496,12.735036,1.1898384
269.0015124536906,-2.003436894574161,12.969771,1.9751539
268.70309898589,-1.8006117009854743,12.620601,1.9689751
268.70405034759784,-1.6894064021648127,12.825914,1.3553896
268.71464763311667,-1.6180290805777613,12.036481,1.6963034
268.7783350155663,-1.5315883255520846,12.984032,1.8645754
269.9535518890391,-1.83020546146966,12.489432,1.8275232
269.4692105601173,-1.7600569476506325,12.158392,1.0635319
269.7549649797246,-1.5992353668810915,12.431352,1.0939484
269.8267321878745,-1.3525989762248165,12.4757185,0.95998096
269.78341370326535,-1.3709896312984324,12.224802,1.7947884
269.26501695392466,-1.1091805714789562,11.412778,3.9779472
269.3453078371356,-1.0092546044465944,12.194336,1.968709
269.9814938714352,-1.0509255835049478,12.894868,1.8342361
269.62366389536254,-0.8540845024365518,12.825463,2.0931969
269.6716277140861,-0.6117936349069004,11.142381,2.003889
269.77519323059494,-0.5150708293046209,12.452824,1.0270739
270.1844162020829,-9.232810376461241,12.8255825,2.3613853
270.0598930416816,-9.168586268853206,12.055524,1.2293997
270.2991368196709,-9.168640460478548,10.512435,3.7052336
270.3903433280683,-9.019292958094468,12.369121,1.5178671
270.63393366137,-8.927619669787754,12.958377,2.6729136
271.2999937813418,-8.305452791198146,11.089511,1.4490776
271.05031563914747,-8.303935434327142,12.7945385,1.5499277
270.28299152418487,-8.448636440511448,12.256236,2.4645004
270.15741869975653,-8.27014678013037,11.988783,2.322815
270.2988640436955,-8.300218179351287,10.41155,3.691164
270.38717721504077,-8.090061916879364,12.2420635,2.4541016
270.0680944780579,-8.053929583862539,12.849048,3.4845953
270.38302551495696,-8.003939343157441,12.516151,4.3019915
271.3460778836317,-8.31743798817379,12.638069,1.3582869
271.5217962523974,-8.05759473929926,9.570881,0.85912895
271.8090145994092,-8.008027847914473,12.082006,1.8848047
271.65148515096035,-7.607812272625642,9.13548,3.122168
271.1067548159842,-7.789333562651963,12.84011,2.651023
271.3154067652149,-7.601794353440493,10.972636,3.7791471
271.19505758029703,-7.579721088822908,12.682199,3.2806978
271.1648106660205,-7.560927962148837,12.973966,1.5221491
272.06082227022716,-7.674951288904996,12.783344,2.7832947
271.89764705399523,-7.385528968400433,12.844036,4.895029
272.54271914820396,-7.36544847379926,12.865287,2.284874
272.6813754429622,-7.2065126537962385,12.9895735,2.3634958
271.77287060979296,-7.2783448218847075,11.476056,3.1111898
271.9111276001078,-7.300868061942469,12.233288,4.1668825
272.0389251644656,-6.792275228407139,10.491058,1.385498
271.1220987936088,-7.246752691257488,11.917592,1.3469162
271.0573822275359,-6.914945795950826,10.26445,0.8714342
270.22502083782086,-7.2335569133158,12.573161,2.4513063
270.35602842500936,-6.908962667094643,12.792471,3.6085377
270.78185025032894,-7.000298423831419,11.341202,2.9238482
270.63480513017504,-6.968724270410142,10.730191,3.353197
271.5938612734091,-6.826111202219894,12.204768,1.5699396
271.34981904943305,-6.643361917203709,12.778453,2.889614
270.5048975899809,-6.741233058774502,12.058538,1.849083
270.30876023443705,-6.7643355437588335,12.474449,3.3938875
269.90653454040097,-0.618483899960015,12.340783,1.3280087
269.62155077674083,-0.4009026493083001,12.803672,1.0079479
269.916287638016,-0.2442402779981222,12.886933,1.0792418
270.0855371484558,-9.512564022835756,9.553604,0.84890366
270.41344942773054,-9.016247192996618,12.068976,3.8524332
270.1729862213195,-8.963350702144629,10.95629,1.4686213
270.46185834930816,-8.810773502294719,12.748496,1.9205141
270.02369224532225,-8.508657864606741,12.932128,2.4413166
271.1255375393013,-8.472430649787999,11.47965,1.4187984
270.8681740758616,-8.503013408989508,12.710278,1.534996
270.4718100509169,-8.489891389171486,12.199429,3.0748806
270.3498880572591,-8.457740269794161,12.2992935,3.0378456
270.4976960043433,-8.467365084328703,11.880968,3.0153742
270.8734287908573,-8.014411129102927,12.759633,2.4225054
270.4337451774473,-8.150823898232526,12.748787,2.308097
270.48331962332907,-8.05634719675088,11.278936,2.0549679
270.10132793610603,-7.945556357732423,8.927779,0.92203903
270.0793451120888,-7.930898527943721,12.989879,2.3169546
270.3436340689148,-7.862728187712388,11.6877,2.5507412
270.5509724552433,-7.720280937395825,11.971153,3.207282
270.22381151898173,-7.866767417316374,11.875099,1.2935696
270.1527773684326,-7.7084019058721305,11.99785,2.4783592
270.3241827222291,-7.74950503359345,12.558304,1.4485807
270.2344052253656,-7.5953572599204815,12.760365,2.2501965
271.73439574192304,-7.991104578942562,12.282598,2.5118895
271.7869490364267,-7.952316072809607,12.249864,2.3453655
271.4975410490839,-7.440255747892093,11.360083,1.319232
271.40399109448094,-7.290399969265674,10.854201,2.4161348
272.2519764425665,-7.370944422606696,9.886097,3.1091223
272.70502444289,-7.208282425802135,12.980435,3.5061655
272.4756867496782,-7.07497746351771,12.990844,2.6627998
272.0276154217287,-6.937053476107988,10.73565,1.2707767
270.7046812065009,-7.631297167113331,12.293065,3.202015
270.63950790737726,-7.528546993801224,12.209248,4.635495
270.2197391492229,-7.293353764859184,12.9204445,3.0767965
271.41293984433486,-6.5950260934759966,12.146902,1.9061203
271.73521625638824,-6.774572560985187,12.340517,4.1440954
271.6474329409626,-6.712651528016906,9.413802,0.8520565
271.5230925389514,-6.4914356131611815,12.611056,3.2814531
271.17447006422736,-6.520447052889861,12.484418,1.3990479
271.4894945837138,-6.309576505351195,11.721575,1.1646681
271.614692860223,-6.247500533810686,10.399225,2.9406567
271.2447380717963,-6.35058268001863,8.570689,0.29579067
271.4982741946242,-6.166867943363938,12.567195,6.280903
271.56353689463106,-6.130291330490414,12.681504,5.0196314
270.02483651403503,-6.762768342044577,12.784157,1.5356693
270.18974778321143,-6.534183325779147,12.058048,2.4450216
270.2993782012679,-6.323182284346309,12.847398,1.2723284
270.6738161540056,-6.4304714898766,12.781365,4.945218
271.2407254197268,-6.115336755447544,11.004929,4.170389
270.2329491144574,-6.166078653699843,11.49385,3.8963633
270.1456621036228,-5.9963850880150265,12.100112,2.6151152
270.80394122065695,-5.805167202306459,12.661517,5.2116556
270.00060623240387,-5.903076422522626,12.994496,5.656595
270.0085210845855,-5.3401353583711035,12.989555,3.0252562
272.8076507763944,-7.127826353546323,12.4430065,2.9695187
273.01747365313275,-6.416541817664032,12.588158,2.7688227
272.5802530328583,-6.535153479029417,12.114084,2.5740614
272.4116639561451,-6.419291921565065,12.493575,4.3777504
272.7795254451195,-6.467642636641051,12.682991,1.724946
273.73321032586483,-6.261080740928242,12.965208,2.5111732
273.7038094562466,-6.112227989653938,12.777036,4.1539726
273.27888869828746,-6.1534290822018844,11.137454,1.0902758
273.2676948387235,-6.10907477878873,12.416626,1.1928492
273.14848823261826,-6.140919908536707,12.728541,2.8043222
273.32665924777484,-6.039099563333262,11.559065,1.643589
273.08938142335177,-5.905780716319132,12.644373,2.584221
273.66005746051354,-5.797724451429877,12.698643,3.536148
271.9762835272034,-6.065446584925373,12.341658,3.8567944
271.6371087823938,-6.069113583994867,12.08,2.8587427
272.13768460845074,-5.771777286851547,12.994647,3.1675568
272.2257697339998,-5.71298891179107,12.262201,2.4269028
272.0566773139381,-5.43339521994703,12.435341,2.5155697
273.11606251751056,-5.71345197340114,11.483252,2.3287325
272.8880486858971,-5.725223882914191,12.95589,5.3753586
273.2354007375883,-5.380648690843221,12.651981,2.3143616
273.2775271264546,-5.195404267787506,12.875462,2.1257372
272.41574927809114,-5.335677268925375,12.38815,4.9627304
274.07909535620854,-5.827448420445301,10.472841,0.84563446
274.26861249893403,-5.686877812582714,12.697086,2.836174
274.0080876272018,-5.559670858457987,9.20583,3.5369797
274.1312232954168,-5.2095309447816165,11.866531,2.250039
275.40203222403284,-4.6077944014042815,12.219845,1.3864088
274.8644854688593,-4.662728033901982,12.841044,1.6542921
274.94524110898436,-4.491046766302838,12.732288,3.0588884
273.36981187164184,-5.047342459971407,12.187347,6.6256227
273.6367616276743,-4.9594803875945495,12.917395,2.3967419
273.96638087717247,-4.911197631973726,10.036472,3.6604462
273.9487117060813,-4.660434477170305,11.492652,1.1675625
273.106290131571,-4.897177192893982,12.421489,2.3450613
273.21701714109213,-4.594487954800295,11.525977,1.5160427
273.38550486069846,-4.630415142267188,12.789947,2.9984436
273.3168961216277,-4.603363599958555,12.709829,1.2287235
273.2425832540289,-4.483544022997395,12.153652,2.607664
273.5217597676308,-4.22426684907531,11.761412,1.0712299
274.18952944825753,-4.5897239683173625,11.861345,1.435257
274.56234343905925,-4.371254242548121,11.761682,1.9755955
274.4897095435833,-4.005100127915905,11.096193,0.9330101
271.68098525611055,-5.716815129186233,12.966537,3.1002245
271.2959196334685,-5.746703413497402,12.942518,1.4172592
271.4485400692647,-5.630574289751783,10.399993,2.8106794
271.5747715797571,-5.472305016786345,12.884954,2.7316113
271.4225040887912,-4.9153349258356505,12.372961,1.5040827
272.367779365377,-5.143685641310127,11.280304,5.7634573
272.22339231560153,-5.111434646096443,11.713228,2.2809086
271.8413835971891,-4.575266042923967,12.624365,2.7631216
271.2646203063494,-3.9633643953984117,10.795821,1.7594938
271.38438717182737,-3.748115402880781,12.6141615,3.2177572
272.65032322455454,-4.421362243163676,10.231491,3.4377804
272.8698005762392,-4.343057373328571,11.588754,2.8326263
273.2488620723714,-4.373217850818404,12.956385,1.2249165
272.521459747248,-4.143163567786092,12.88141,3.360323
273.1066461562483,-3.8412562655911566,12.903939,2.8851395
272.94913120779233,-3.7799792663951233,11.987837,3.3252697
272.70174827515024,-3.7539032513898083,12.857546,2.1714172
273.661803464945,-4.036942543883305,11.455927,3.179884
273.4622525969858,-3.9920215129785914,11.87957,1.7518215
273.569975141252,-3.3234316174924947,12.218697,1.9133081
272.461609289545,-3.8792577157018737,12.5648775,4.1694117
272.62499230509707,-3.45676971048935,12.4758835,1.170701
271.92514084332777,-3.484146057543369,12.839459,1.2151461
271.9325877804315,-3.1705257926086126,12.953851,1.6726351
270.6813229305797,-4.021071190571895,12.343173,3.3368807
270.441893363415,-3.8172640142840497,12.226734,5.9817953
270.8474945214879,-3.727298512708613,8.815666,0.43080044
270.70331370102946,-3.715625315093111,12.389095,1.7591686
271.09170703765324,-3.3897514679428102,12.557863,4.5444994
270.55952578862974,-3.5330271040351873,12.817832,1.4153652
270.08792265666983,-2.943517802405516,12.965196,
271.8195112309395,-2.918212386667486,12.671217,1.4762344
271.8907202228683,-2.813338659670011,11.712671,1.1612701
271.2825157402446,-2.6577067821400497,12.836917,1.8948269
271.2314899890511,-2.597840896347108,9.355841,1.8528748
271.8875747205099,-2.230291039693953,12.228557,1.5436049
270.46396626738374,-2.736027852150476,12.808542,2.630783
270.2357429017301,-2.582580127373778,12.804991,1.6208315
270.4735808045558,-2.454045845199347,12.210754,1.2009344
270.43049032155096,-2.417320358152877,10.837294,1.9300394
270.71592564415243,-2.2110510884858043,11.0829,2.4525137
270.674905767306,-1.9893139068863375,12.25586,1.888587
271.2650049147185,-2.0007604423015,12.350158,4.2237673
271.3851328698221,-1.965601673171331,7.8551884,1.4685521
271.7355963496565,-1.8337005941099747,12.093257,1.2518597
271.9167703491603,-1.7175983898978553,10.580291,1.6624556
271.6480820536221,-1.816138261290525,12.274411,4.97357
271.3762125995305,-1.551957028868008,12.583508,1.3579216
271.57094363064016,-1.3895755069468092,12.379284,1.2091312
270.1692638482402,-2.038289244407107,12.732931,2.0446272
270.18985376996824,-1.8392994117921548,12.476302,2.456667
270.21926826892127,-1.783839227760259,12.062772,2.7517939
270.15255515455596,-1.7913245317433724,11.792835,1.1576986
270.4905204014076,-1.6168347357511679,11.838744,1.8905725
270.3664981224054,-1.5106433944935276,12.5679245,1.9960289
270.0582783315051,-1.6595589951511622,11.053417,2.3580341
271.0221767634576,-1.3514228119060872,12.935807,1.8454323
270.91889056539384,-1.3623183750898535,12.355541,1.8015118
271.1197462884271,-1.1908887628254288,11.395808,2.2368135
271.2120484770157,-1.0675520348405079,12.082322,1.7921791
270.26831544103885,-1.3477202544488176,10.970992,4.1454735
270.4680357660757,-1.2091876249206606,11.69837,2.0790462
270.1217241987562,-1.1925797316251854,12.63738,1.0823565
270.45897224671694,-1.0679836145947175,12.9526205,1.5345421
270.23655698664214,-1.0088074647641831,12.7222395,4.5663795
270.39461626619436,-0.9913294133809921,11.924035,1.2812843
270.7233866183057,-1.0462229062775883,11.524804,1.1088123
270.6543429790414,-1.0219954933547954,12.439267,1.241478
270.27592583136925,-0.9386518735732992,12.080459,1.7213621
270.3124484738812,-0.906658842947058,11.510231,1.8325071
270.27285784485406,-0.7966404108635006,12.973762,2.3762999
270.4771536605527,-0.6308986205808753,12.344635,1.0686188
270.28945783415026,-0.5895953504033035,12.9590645,4.420191
270.28826609626105,-0.4303534622216164,12.761197,1.928832
270.39182942136415,-0.40479067789444645,11.96449,2.1354027
270.3212235556344,-0.33945471303241986,11.80749,1.6869106
270.16731023873473,-0.2948914859947688,12.887556,0.7838421
272.3512162123485,-7.370481817732072,12.211324,6.9774256
271.7904032763764,-7.391113888396689,12.37284,2.3845797
271.8573070273411,-7.169391376271371,12.982237,2.5946455
272.15293992894226,-6.946970624017962,12.731421,1.7596006
271.961861908494,-6.9769617163988435,12.201826,2.3349924
270.95102658823373,-7.501459450814467,11.670512,1.1995955
270.5984581988073,-7.563431825575847,12.437749,2.2000475
270.65824651375084,-7.483904551550179,12.889497,2.386222
270.6195140430664,-7.313130910845697,10.645585,1.3929892
270.61938786962764,-7.313225368990175,11.385752,
271.10917120360716,-7.235469638233103,11.188741,3.5588388
271.24868056971894,-7.292932334484698,12.886459,3.110486
270.745360404352,-6.912642187098743,9.019825,0.9314451
271.38077053721264,-7.135963979437694,10.075601,1.9684334
271.46302386969785,-7.025542464148777,12.564423,2.7202654
271.7431089714577,-6.697760116303274,12.723468,6.561514
271.9751891483791,-6.679724970293102,12.293465,5.1491985
271.4546678043029,-6.54824472811515,11.911668,6.4376717
271.7887679623781,-6.373689500980286,12.210172,2.42772
271.5218305563308,-6.460933930618312,12.3053055,4.181613
270.2030682588667,-6.763388435967003,12.764617,3.8866844
270.3825725566648,-6.828953238663974,10.429703,2.1109648
270.3610685687766,-6.516807110078033,12.720295,1.2875032
270.9360162605226,-5.931509654326673,12.656895,5.1973
270.30821947123485,-6.181195074182675,11.069499,0.97526455
270.587920901269,-5.968294487928282,11.39744,3.0888548
270.06052458330646,-5.96339294198695,12.420527,2.2343283
270.663871647214,-5.903274349714336,12.455849,1.3817234
270.02583891351225,-5.769986396375301,12.845035,1.7173748
270.1522179737375,-5.559297178475372,9.176019,2.3771067
270.2246527395749,-5.311860748371175,9.955623,0.8173075
272.5433463146044,-6.897169376013395,12.173715,1.2634954
272.8096775860655,-6.74756022415153,12.684067,3.3407154
273.1643365513474,-6.375940062010999,12.957105,3.2654972
272.37233416854195,-6.688613062196959,12.568227,2.5471973
273.21227837686865,-6.319328876460208,12.595957,1.4862413
273.4724278367423,-5.847396658486615,12.630017,2.6033707
273.80000153716446,-5.685769357770969,12.101947,5.341221
273.302559168905,-5.641932120430239,12.991806,3.1341286
271.9253665978309,-6.328922694062533,11.827861,1.7997379
272.62179006680566,-5.9954072467754935,11.313159,1.4827347
271.8630606027072,-5.658394619180743,10.700138,2.2674417
272.8403568299138,-5.94635221405844,12.889742,2.6632051
273.0738878063196,-5.710875690294906,12.396404,2.7331667
272.600694665512,-5.688175086555502,9.896262,2.8263874
272.85209983225064,-5.63141702572786,12.436193,2.828538
273.11191197178437,-5.254827642329257,12.907676,2.3894844
272.77136930562256,-5.394340884263946,12.930139,1.5612097
272.94799990092633,-4.985890344023559,12.032154,3.2370634
274.1265403147288,-5.787180911015344,12.550214,1.6233692
274.0092377217209,-5.649622001892859,11.070713,2.193408
274.69393002797983,-5.287124046790946,10.269416,0.8072834
273.8698488233624,-5.3781855087858945,12.470323,2.2106943
273.5803498646731,-5.41089370075074,12.494997,1.4408741
274.24341598612943,-5.266202769119141,12.896143,2.1553583
274.8435846728272,-5.215308956102953,11.215911,2.0856066
275.2400473863523,-4.778289326410046,11.910116,2.9536371
274.8164618613344,-4.792247967383136,11.999088,1.4437132
275.04141015820807,-4.674368000926435,12.929498,1.7139492
273.659174507978,-5.2145180249345,8.951845,1.0248928
273.7165704471132,-5.132018614360398,11.880885,2.6576748
273.32051439989647,-5.140105984892242,12.830511,2.7918873
273.2781149962979,-5.037441716052363,12.536532,1.7901821
273.8776847664645,-4.983170815027076,12.448171,1.2205296
273.835755991149,-4.911864197601357,12.231692,1.4945831
273.8618249211747,-4.868688446541865,12.981234,2.1317482
273.6774012253728,-4.771643305552801,11.738827,2.8838177
273.9521664051318,-4.655437596814549,9.8440275,2.6659622
274.0218304302568,-4.6466315588998075,12.144396,2.78504
273.0005635773698,-4.9270609090844335,11.391354,5.19242
273.32230547653484,-4.736845151011648,12.987102,1.9379148
272.9187855741929,-4.711346898579068,10.615852,4.1930523
273.3573714049341,-4.596868098041232,10.684018,1.4639711
273.44196998639364,-4.509134911966182,12.291391,2.0582314
273.3319050225745,-4.472343037252394,12.043069,3.0694723
274.2318694310518,-4.577701470512503,9.238477,2.5947008
274.24497299678944,-4.301148830474222,12.151856,4.363386
274.26017415371155,-4.226157752561931,11.22238,4.092942
274.3775394554133,-3.8618704618565407,12.32888,1.5504112
271.5945537047954,-5.765935546849441,12.989775,1.9509897
271.7664318272084,-5.5891212931347445,11.833018,1.3964529
271.8176060049314,-5.56819549347177,12.352854,1.3789034
271.87755398800675,-5.4562748156079675,12.586533,4.747037
271.0992891914824,-5.468160241807647,12.67071,1.3878584
271.756624725643,-4.864931085785799,12.578664,3.5927687
272.31914815288417,-4.457959945819924,11.878004,1.1528406
271.05798169472837,-4.881107840976089,10.437003,5.3319597
270.4759679733308,-4.631421659743052,10.901725,0.96014214
271.9130815145254,-4.326933512712028,12.421283,1.3249149
271.40370436233155,-3.6565369333638795,10.409178,0.75119686
273.0769315669208,-4.278161783939037,11.235939,2.3107166
273.14658332875035,-3.9355060106768875,12.991226,3.366475
272.60269530753004,-4.285020830007926,12.0762005,1.1338615
272.82446201790424,-4.053347037716594,11.834358,1.1011734
273.46586970496196,-4.084755289292295,11.254105,1.8444557
273.9269341621639,-3.3567074902496015,10.232791,
273.3277403986974,-3.4069864035587094,12.977483,
273.44249329655395,-3.076219599023762,12.164067,3.4593124
272.58325774914863,-3.651936498284408,12.740515,1.75733
273.13698570230343,-3.2204549668926115,12.615294,1.6974802
273.3922426056533,-2.9872684805535314,9.601777,0.7914963
272.76389990610477,-2.8873377324738967,12.158624,1.33852
272.98635086567697,-2.6372224002266407,11.047239,1.0980825
270.0695371893573,-4.282831647659457,12.497188,2.6224394
270.01488270554347,-4.2597997646487125,12.735881,3.2800083
270.3118512724693,-4.30418736007442,12.525221,3.1010027
270.36350281451536,-4.113473079113148,10.044171,3.3683596
270.26359713075516,-3.9193449566028544,12.747314,3.4379873
270.9674355071788,-3.832136609484498,12.725589,2.2009754
270.7734985017933,-3.625665833375769,11.695475,1.4101448
270.3839155379793,-3.811769005882863,12.1723,4.4251423
270.48816695189356,-3.377785381082381,12.871267,2.6965637
270.48194915929247,-3.0797167157708074,12.49764,2.8438854
270.31871698800256,-2.7097607128336163,12.391415,2.8337488
271.5875833204942,-3.1033430341793355,12.347867,1.5016565
271.3854335203574,-2.6091247195350724,12.391242,2.90139
272.1635988811243,-2.907407434631911,6.478516,1.1850004
271.9968868229268,-2.55401806537398,10.3044815,1.1679983
271.8267646236314,-2.2528615804529375,12.022635,1.2031956
271.7771666193549,-2.1714938827917116,12.261645,1.4186049
271.0431283062346,-2.409976182828723,12.957956,2.4941168
270.2791206483684,-2.5994866983369005,12.615575,2.0221872
270.36003208195916,-2.4172557462313216,12.212337,1.2821674
270.5727388484763,-2.2984869310386893,12.579613,1.285387
270.24923660835486,-2.275610524365986,11.805751,1.8983603
270.2794233349885,-2.2252143185104183,12.444978,1.1737156
270.4840139411054,-2.1349488570799893,8.997376,1.8208542
270.6485451556131,-2.087582821250022,12.913344,3.6460972
270.68795628530347,-1.9963423357487768,12.778314,1.0855274
271.3513868002157,-2.2791512742093696,11.858593,4.077819
271.68466798158283,-1.9737701627995081,12.588315,2.6143312
271.87147962058077,-1.882343561770987,12.216119,4.516591
271.87265605466325,-1.6431344020168481,12.458003,3.1092224
271.07953044136406,-1.7038578309758174,12.750752,3.2004995
271.3974962421418,-1.7469594457362898,12.767497,2.6195278
271.5745453187125,-1.4850649205932505,11.059867,1.1507244
271.4246412268214,-1.25072949123578,11.274351,1.1491966
270.29432097042525,-2.053990724820032,12.410821,1.9247379
270.49003745281277,-1.6759607178438274,11.331924,1.9879522
270.2546235956323,-1.7711053470810025,11.882901,1.7283907
270.188307613707,-1.6640024414144714,11.637044,4.2837305
270.3785124782884,-1.6506133232713336,12.350689,1.410119
270.2824560491916,-1.5543572838340904,12.319369,2.3711119
270.7141870964719,-1.7573715510798464,10.5067425,0.9847069
270.40183009481865,-1.3095090811501744,12.730351,1.7100124
270.30895149558984,-0.9604604187362966,12.386673,3.4023724
270.8070674401412,-0.9740038364006127,12.971461,1.8230886
270.10053897418163,-0.9106409710585192,11.581054,1.2009335
270.0338135617569,-0.8637499502216647,12.35414,1.104311
270.0831159961482,-0.795798066653406,11.14162,1.900403
270.0043829104591,-0.6275482769473886,12.282674,1.9206495
270.3391936597185,-0.7521475235884794,12.219066,1.2693377
270.6118101847642,-0.6004118836238235,10.05435,2.2272902
270.1690855754427,-0.7315444822289138,12.646395,1.3731527
270.2471748067419,-0.4381007632900495,12.728088,1.6124334
270.433956331583,-0.37415685037125246,12.516144,2.433734
270.04593526850573,-0.42777240537290806,12.533754,2.4108238
270.13410758213956,-0.40316484910692346,12.370958,1.7668762
270.16872499242913,-0.3560428700829516,12.070491,1.9589157
270.0132810518741,-0.10327994093094392,11.924044,1.1693974
270.6206174278015,-7.647173286581679,10.1325865,2.772253
270.929918151003,-7.174063369551125,12.26697,5.941682
270.3202485600538,-7.34330527902669,12.684465,1.5187302
270.5217314648735,-7.283019987205363,11.682989,1.5693703
270.37280945725877,-6.8795136083574455,12.939588,2.4430466
271.3928792619494,-7.062577108164445,11.981562,1.2125921
271.5215832952796,-7.0064430206726085,12.664108,2.3197527
271.9873482449162,-6.531324508864609,12.070428,1.1953907
271.67836197254303,-6.437953539911,12.327998,1.56281
271.06110280805126,-6.7104287465835375,11.647175,1.157711
271.40149933855866,-6.126635505979275,12.525095,1.4284763
270.0252995568688,-6.866107752513271,12.210303,2.3143559
270.35749697046964,-6.62933837965506,12.906983,3.4035063
270.3467307819944,-6.481330563713331,12.396343,4.701006
270.0759081657244,-6.2793869522536685,12.928962,1.3061895
270.140632422594,-6.1276187564570925,12.47844,3.1381903
270.42990216586566,-6.241409915067904,12.409746,1.3258553
270.4553724410208,-5.336572908491261,12.429848,1.6472702
272.8502866551093,-6.9543524544941215,11.568312,1.1500435
272.9383138422011,-6.918688249380899,12.718508,5.0243616
272.67818335321334,-6.574925989475976,11.950698,1.7577028
272.47298149445515,-6.552741146093614,12.566375,2.4862127
273.68814394784596,-6.428322845124616,12.783279,2.4858751
273.41626620001057,-6.07728190563925,12.211992,1.4441814
273.2270880098733,-5.939724833621237,12.992683,1.1864195
272.9626126280065,-5.985105268772583,10.143944,2.44419
273.2426427756034,-5.863844766258092,12.480611,1.4918232
273.52367979639115,-5.96546966691712,12.831685,1.6924086
273.52553488406926,-5.642063559936448,12.650006,3.888651
273.50711467127746,-5.543811274444389,12.140434,1.2289753
273.37799068894736,-5.537685768994419,12.007129,2.2047005
272.04525284829265,-6.402126778494481,11.433582,1.481183
272.4340541406901,-6.184193030306371,12.59801,2.4335394
272.459723233151,-6.071778916593435,12.969241,4.1268454
272.6335436245103,-5.948028735978089,12.768098,2.52032
272.28524273204437,-6.030513475999148,12.704165,2.8267736
272.3619516562972,-5.878749758562779,12.891799,2.4820147
271.7289783114546,-6.09047539601626,11.229168,1.487814
271.8024813225726,-5.7003421161589065,11.82219,1.5221872
272.0694968347661,-5.630175540221637,12.202879,1.4061136
272.6385070959045,-5.829082969409804,11.561868,2.7770624
272.8438637514612,-5.437731251295557,12.805217,3.4339266
273.35107488173225,-5.482769380741452,12.650978,3.084324
273.2164726355343,-5.247847789813478,12.778206,3.1969042
272.86172562036967,-5.201017172674848,12.591231,1.3819542
272.80580101219823,-4.988756259639232,12.027606,3.0102844
274.25522074811556,-5.727446985407423,10.291614,4.570883
273.96788623305963,-5.758229039722913,11.473249,2.0412426
274.0907986116323,-5.64889613365004,12.76202,1.4635859
274.0170008014961,-5.685746840816182,12.955149,2.7361403
273.7576413410973,-5.30759581226899,11.554272,1.2580013
274.27904863713945,-5.183366038504237,12.463821,4.190462
275.3845031410237,-4.846032821808913,12.293572,1.5666676
275.1651673786535,-4.50375826415267,12.314228,2.789586
274.79869742975114,-4.330103483252989,12.585448,1.9709654
273.3845012594581,-4.939724423597816,12.4320135,1.1822567
273.0975910965028,-4.8046129653532255,12.155065,2.1566916
274.1268947357659,-4.643205643719977,11.537377,2.486166
274.37983783056677,-4.519093203422901,12.301925,2.8761082
273.90304885999444,-4.236453324885028,11.69241,1.9774303
273.701289299515,-4.07975411861493,12.907441,1.426177
273.8873631760599,-4.023847603183473,12.981172,1.5779934
273.9077567066447,-3.9419236304337937,12.890102,5.0948486
274.36103876659047,-3.8611348273272634,12.478433,6.244157
271.21934363241786,-5.637000347281092,12.477459,1.7711105
271.04370573216397,-5.203678347326219,11.975487,1.7177868
271.8180979501333,-4.94886774746084,10.181334,1.766202
271.8187955514421,-4.9303946569305985,12.214671,1.3699436
271.56395875303957,-4.7513911599767935,5.4803843,1.1382084
270.8306959703648,-4.972600072025194,11.20643,2.7435045
271.43173728104784,-4.544592388654176,11.52373,1.1770248
271.7517839982396,-4.339398089686281,12.402214,4.0515804
271.2748104750796,-4.177493529048587,11.062296,1.1382704
271.2598447108346,-3.7107397356392178,12.323541,1.3479757
272.8737773174945,-4.567910802879664,11.905596,2.8124533
273.39056515385397,-4.2317397954053115,10.184801,0.7867327
272.19555609396315,-4.134373565680684,11.463706,3.7906208
273.3931544495081,-3.93039250386827,11.677236,1.3418446
273.1950556900057,-3.8430979578313473,11.03135,4.7227125
272.27675992031146,-3.9940192378342116,12.901955,1.6555138
272.0566615866329,-3.7903710356088136,11.300898,1.0318813
272.57375996826113,-3.437178650872361,10.113219,2.424262
271.84916246560925,-3.701234236687403,12.934922,2.9585123
271.6094803149861,-3.7124434723710134,11.863629,1.6013699
272.8220602388255,-3.4581168713590014,12.648141,2.1034079
272.95025959569506,-3.2435022897382044,11.763164,2.9842691
272.68043435412926,-3.281195609672422,12.333822,1.6753902
270.08008793201196,-4.414953328656515,11.271568,1.2553444
270.1868608231581,-4.376950949687297,12.430735,3.7647657
270.1082038055774,-4.057981990764735,11.985998,1.272481
270.69092022409376,-3.419351757323944,10.011052,0.845871
270.6549887886494,-3.319659236371979,12.741107,3.3803625
270.2527695271933,-3.0721929941094333,11.26775,2.2551136
270.5646459009374,-3.0906712802192535,12.711226,2.2374716
270.19404891091494,-2.6844711189930135,12.943328,2.7095938
270.11273839552973,-2.638650428280869,12.8310795,1.2038927
271.35190799862454,-2.569601372107635,11.1276865,0.93281555
272.18586446602814,-2.652085334453952,12.846601,2.7527332
272.05937243427917,-2.707369190385799,11.97008,1.2869282
271.91411090267684,-2.014478172773944,12.638417,3.8113384
270.6191956478407,-2.875254914361281,11.196027,2.2357035
270.88889075074513,-2.7648526585676625,12.65057,1.1404142
271.21425271664367,-2.2842295555798797,12.289352,1.3262339
270.8169927103032,-2.4501559600461635,12.897072,1.4869623
270.2931842204484,-2.5504499822889506,12.810461,2.093624
270.0874944835428,-2.339726951048457,12.655209,1.3749857
270.5920205291089,-1.8892940406857608,12.792674,2.4430952
271.28592139075647,-1.8496272316429068,12.253305,1.9531584
271.50275026795765,-1.499943059752731,12.795713,2.9319782
270.08672644468123,-1.7478826516691945,12.652251,4.569561
270.30013473176484,-1.4579739777299936,10.941649,0.843524
270.58466094662515,-1.4292738553842972,11.965591,1.2591276
271.1647587252214,-1.1152499304765109,12.868679,1.2092037
270.98058401301313,-1.0580044125063974,12.700392,1.4046812
270.2056462929904,-1.2041836925524672,9.255982,1.5589333
270.66400060756484,-0.946328784745198,12.81698,1.8111849
270.9314201864914,-0.9427769969585225,12.558752,1.9456444
270.7826021730423,-0.8933379498183549,12.423074,1.7740479
270.35523257407704,-0.7969526972630643,12.719276,2.2797213
270.4444052446681,-0.5263680517063273,11.861777,1.1154613
270.1282333995285,-0.280153171734117,11.710915,1.695281
270.22452158625185,-0.24057270247275767,11.7733345,2.1772375
271.12856259026694,-7.403391094846525,12.626982,1.579237
270.5140583037033,-7.101346165804244,11.805716,1.5039568
270.73713238228447,-6.6722521035497335,12.126672,2.7710867
271.29951672959334,-6.8306585674827485,12.527485,2.3046541
272.02910305375735,-6.5193901419751485,12.589893,5.975869
271.50325405545885,-6.590947544228427,12.3502245,5.261836
271.06663178888385,-6.666092667145006,12.725277,3.3364506
271.20488152595016,-6.4632294172757945,11.791424,1.1004467
270.75160447746055,-6.604789301323959,12.92904,3.7570047
270.2113655453952,-6.822679124050743,12.291658,2.3094587
270.53820614832165,-6.687727012069041,11.876035,2.6623344
270.3555470836573,-6.4040211083338185,12.747384,2.1645975
270.1080535979512,-6.190347078433838,10.565234,2.5791044
270.41041978130704,-6.130997493143933,12.679471,4.1138687
270.4179550121116,-6.095392067741816,12.225163,2.35322
270.67130541305823,-5.999992520727806,12.651188,1.4296999
270.17580194897545,-5.919828878961413,10.658137,0.9391384
270.1578319943435,-5.898545263014136,9.44537,1.9430037
270.6655421279871,-5.884678138343089,11.494877,1.2511978
270.83871855347104,-5.591046939105159,9.878364,3.4967194
270.05409098907614,-5.654547310296871,12.2313595,1.274869
270.08653521421735,-5.377769527936135,12.129294,4.175603
273.16618136873916,-6.496921814920163,12.907224,3.3212185
272.2169957678542,-6.5195308100458185,11.863204,1.1890488
272.2622444455729,-6.459338990948632,10.0281925,0.7637329
273.43356888805346,-6.353656197332752,11.974149,3.0035038
273.6306715466015,-6.036391065466821,12.6886425,2.4152956
273.28286229934866,-6.142893798239364,12.543774,3.1883688
273.0493514186271,-6.17094492728112,12.442138,2.611538
273.2510386680846,-6.006046771851073,11.99128,1.4122772
273.1821368343794,-5.873253315838578,12.898461,2.4757347
272.30853721812184,-6.3316444900772515,11.882333,2.8165207
271.9169235589595,-6.299456262657185,12.415687,2.9621801
272.3426644481789,-6.0983663135929165,12.519474,3.6956606
272.6487900699976,-6.082037113431996,11.293084,1.2955055
272.15285394323826,-5.993886115113216,12.740768,2.731742
271.58637505236976,-5.907990231756732,12.7316675,2.4933176
272.10509903156884,-5.666244323998662,12.922385,1.4593801
272.09178485296235,-5.503706072292354,12.100354,2.6189604
272.8454341639631,-5.912868172599616,12.962832,1.4951639
272.6835419952088,-5.810628321180783,11.876247,4.87788
272.74691837305386,-5.537820564460864,12.398123,1.3021278
273.03270840552443,-5.313029095283194,8.950665,1.0303802
272.40609340969115,-5.497848453943183,12.640744,3.3829994
272.6074524776889,-5.471175334262704,11.728881,3.458664
272.7968805563524,-5.12955822488383,12.557439,3.3846903
274.2420988881071,-5.5632610269740725,12.829518,2.543994
274.56226849575535,-5.133240354089941,12.799524,2.8756695
274.0519101451424,-5.35751414476836,12.20077,1.1379652
274.04812179999317,-5.293132184344846,12.664349,2.321868
273.7628182706464,-5.4442694481392175,12.12165,2.0036154
273.8544738424472,-5.383977738315764,12.259854,1.189189
273.95557236866927,-5.278459674152001,11.908495,2.8503456
273.7830172282301,-5.2642454839049355,12.23527,1.1624413
274.4206285353439,-5.190416361216887,12.738754,2.4810495
274.1554235531748,-5.072628181518894,10.659283,0.84999084
274.9461399634983,-5.1794069560158436,11.928294,1.7260742
275.0538713463874,-5.0623116338952325,9.829991,1.4748802
275.2963428879576,-4.687975207887296,12.705875,1.5550585
275.171205099949,-4.68327314121516,12.829239,4.3829336
274.44683369700664,-4.934015782573315,10.381931,2.9867535
273.2423355712806,-5.07917980635567,12.449776,2.6835632
274.01413489323767,-4.929291884801609,12.727459,2.7540884
274.019638168,-4.673573690227731,12.232711,1.4339657
273.8117808313907,-4.627758482102835,11.742226,2.3145037
273.3666277183714,-4.814604634058152,12.642834,1.4248886
273.28455755736354,-4.683904236401345,12.543249,1.3457565
274.2313275333579,-4.581107926628441,12.20293,2.4422655
274.1360585051569,-4.496897282002589,11.873279,1.2369537
274.6978958489279,-3.9968497450018927,12.932113,2.5419073
273.85388242393617,-4.439249725855669,12.815462,4.0574512
274.30738691941156,-3.9108803596473862,12.861066,2.7234173
271.41268676016415,-5.59041253515926,12.90673,3.2781048
271.6036857977182,-5.097374053207432,12.6467,4.269103
271.31211627639317,-5.15825631717782,12.140505,1.5608654
272.5230744111746,-4.974539650183365,12.847316,2.529231
272.524271595183,-4.944462183427439,12.315079,3.6739197
271.7843554054162,-5.049465849635507,12.217442,1.4409008
271.5717866679107,-4.720007312775703,9.595111,0.7793436
270.46955433908585,-4.873262690930096,12.314276,3.8781853
270.7041576066812,-4.23266250076603,10.1986885,0.810565
271.60200500109744,-4.180724057646234,11.946048,1.4075766
271.8258413325945,-3.9531449280956386,12.3176,4.6654577
270.7432197090356,-4.15371162937154,12.911683,1.8490362
271.442620212726,-3.796854095934054,12.878086,5.959264
272.8028651455315,-4.303281333100223,12.8055,1.5620337
272.89477463228394,-4.2594080735761075,12.986466,2.0261335
272.2383049840682,-4.289195574255925,12.9214325,3.035451
272.4047285404605,-4.0121931421114985,11.370232,4.809763
273.3880880659141,-3.7376172414506246,11.827036,3.801485
273.2600555627993,-3.7050951828431957,12.205451,1.5506964
273.12375439366235,-3.3747274347122964,10.522818,0.8241949
271.97490442341757,-4.037875405727002,11.28543,0.9987364
271.9808939515473,-3.350213876746383,12.423815,1.723671
271.95682996583565,-3.2429045967466323,12.540284,1.2453957
272.63703743867705,-3.219098784965597,12.289156,1.8305569
272.80534739360866,-3.104912927563856,12.037322,1.0321894
273.0113129265345,-2.76413656410739,11.592086,1.6277857
270.143046945975,-4.334493698531024,12.5668745,1.5103025
270.24593788177543,-3.463090595550833,12.115354,1.0154352
270.1530683901004,-3.1362343214197717,12.4983835,3.9568405
270.0099390012715,-2.7327402561061955,11.967105,1.2393293
271.8516211806713,-3.1191001126602917,10.36227,5.128067
271.6006249722055,-2.7303869192949906,12.813415,1.3241501
271.8316858587848,-2.4927131041252455,11.849515,3.0773792
271.6976748634701,-2.393235424288746,10.222473,0.68267727
270.6281159138842,-2.7951448891278874,12.728146,2.6391182
270.6012704264886,-2.753803999291073,12.379742,2.351738
270.8476856141316,-2.3009528693944086,12.994165,6.3527603
270.38557599439184,-2.54914055693496,12.995459,1.73104
270.4002285668091,-2.2490181336480477,11.115376,1.9824038
270.7677552062012,-1.9082780624059883,12.365379,2.7903557
271.88030196881743,-1.967291422109185,10.742459,2.5823812
271.58460885587044,-1.8875434871892816,10.684827,0.8437624
271.78888617405073,-1.719845341824094,12.889431,2.6329489
271.3496404504656,-1.2696060783341472,8.742722,1.9038353
271.42898083097396,-1.2455765397770655,12.562821,1.6801167
270.16020144604437,-2.196538130180278,12.197845,2.5809307
270.343456077228,-2.0767575796525675,11.441233,1.8230009
270.4069959809542,-1.5712761331355485,12.069015,1.9033613
270.00439530465025,-1.743256636618545,12.757579,1.1279259
270.7538196211207,-1.348532615775244,12.901559,1.4252186
271.01624154184253,-1.3159313864968474,11.636005,2.164424
271.21075881819235,-1.1617695137744481,11.299607,2.00535
270.722054838349,-1.1977248378081196,12.546137,1.6826982
271.0377681327713,-0.9750702876399382,12.955776,0.79615974
270.25162495918767,-1.040574872610267,12.610027,1.2530327
270.7214121257885,-1.1586893095104864,12.395529,1.3044224
270.9886790116285,-0.8399878683779113,12.066902,1.4065447
270.82890673881644,-0.9172092894338223,12.920472,2.2260303
270.66826306529646,-0.7911980871746158,12.077876,1.1206131
270.0247475577674,-1.0394234283926969,12.173584,1.0888758
270.1055913823395,-1.018619000257901,12.167116,1.2177353
270.34646828831484,-0.674478393174644,12.089297,1.3541842
270.53990858479614,-0.6894877654190401,12.945179,2.0492773
270.2862426300687,-0.49522686966871754,12.470961,4.6226835
269.88163950042855,-1.7389103852515457,11.72285,2.0459442
269.58825853223954,-1.7405408265363893,12.352955,2.0790634
269.18782352192386,-1.5779639665594443,11.70961,2.6949482
269.4643357236799,-1.157988326313369,12.641977,1.3079519
268.9290685991158,-1.469978660735013,10.42706,1.7851534
268.81058151937674,-1.3487496226508806,12.384399,1.1669693
268.8148767019688,-1.1074234517177195,12.283644,4.236931
269.3710162815768,-0.9698711038599364,12.40685,1.2806549
269.5146739430554,-0.9088000149240328,12.536036,2.5042543
269.79801377313754,-0.9055090857204188,12.825698,2.183733
269.95682943546115,-0.662917352151521,10.84995,2.3951273
269.7734237114321,-0.6367623592770902,10.009284,0.7711868
269.5127794669353,-0.5801676870034542,12.872559,1.1223164
269.6910198245161,-0.4933184234302357,11.792308,1.6546707
269.9808384358986,-0.5147436591380103,12.667067,1.772502
270.31442690769904,-9.039881712273544,12.992474,4.517416
270.2884211359513,-9.000530086313324,12.057746,3.401826
270.07924321844683,-8.769519567810232,11.415672,3.7502203
270.80582936934064,-8.776421742662967,12.477687,1.5779018
270.64701922468737,-8.789526083369418,12.301276,2.6365948
270.87154356969194,-8.796069494783522,12.342824,1.8410406
270.8932253711217,-8.535076621465384,12.860859,4.822136
271.0086560832077,-8.486334957216547,11.493618,1.2431593
270.23326110998255,-8.4762855913503,9.879812,0.90922546
270.45060273335196,-8.112161732645925,12.082017,2.2611637
270.648380898738,-7.971287215316838,11.618157,3.2478275
270.73799446515267,-7.819492802515094,12.801735,4.3870096
270.03011665570995,-8.12893740850024,12.055177,7.134243
271.3398466582708,-8.295941310477842,12.747367,2.7553358
271.55935554652046,-8.24799423184687,12.779999,3.382803
271.18646058489077,-8.135039494538564,12.951387,5.1885138
271.9421789608601,-7.778708163407957,12.238666,1.6294355
271.23821383419374,-7.917229157059574,12.655141,2.877448
271.2825798142022,-7.631041157340367,12.745501,3.2629871
272.1960535213022,-7.563086316907536,12.796188,1.349802
272.0817453014195,-7.615422395125361,12.819028,4.2816772
272.270072856398,-7.346965822087862,9.30135,1.2033348
272.0295600293341,-7.289232212810548,12.962109,1.7085619
272.6717066436164,-7.208146657239424,12.730783,1.5414486
272.39451650267017,-7.063983646362389,11.970105,2.936616
271.9670951069981,-7.265679745453542,12.988314,2.5044403
272.0548796748653,-7.216004779324922,12.701983,1.3596983
271.8728240466222,-7.178138071650379,12.404207,2.4524527
271.7682674175581,-7.110329846043633,12.884786,1.5128565
271.7171869464879,-6.974046221901584,12.87176,2.990035
272.1766664319244,-6.975369144611798,12.429914,2.6374722
272.3228383399275,-6.884715313287349,12.86451,2.3934135
272.22776595823774,-6.861014795222944,12.110538,4.070492
272.18410003552356,-6.764793681358533,11.782278,1.6000633
272.03518353561725,-6.738082700480999,12.515736,2.445077
272.15923614038655,-6.6761089840026635,12.234674,3.515213
270.17711194386646,-7.2009110417492765,12.660255,3.6759682
270.8939711633547,-6.972379484509021,10.457422,1.1423521
270.74228169943393,-6.76061501767823,12.212104,1.472023
270.73951928071324,-6.674172318635804,12.235042,3.2331142
271.3544010397863,-6.6898635615704185,12.7789545,2.04257
271.4911844535926,-6.646698738401214,12.202561,2.9973621
271.1990333513011,-6.610121135270844,10.930184,0.9567251
271.1415273250537,-6.373924195852881,10.908856,1.5677404
270.02025322002055,-7.079743836414618,12.59528,4.9928617
270.0856193892452,-6.503404830930883,12.038798,4.5063562
270.2407771766049,-6.230805015261318,12.575033,2.0617304
270.45408333933824,-6.326388002162355,12.497258,2.5906086
271.1818268243119,-6.1623609817305605,12.736833,1.4795465
270.3511319757656,-6.229423447025034,12.977498,2.0336275
270.1201802391602,-5.9403766388474,10.655417,2.8806286
270.6184107611444,-5.878625791009149,12.811403,3.2684126
270.6400875174675,-5.436772365934522,12.978367,2.9282084
270.25620349708635,-5.634166814056068,12.252925,1.4572515
270.4733140247167,-5.523491489592332,12.951778,2.2825594
270.2516668640247,-5.034569183416901,11.309406,3.4933596
273.24191940596995,-6.735289687525354,11.426418,3.1819038
273.1906445496011,-6.4218825609238825,12.357892,2.338791
272.4052633992633,-6.825720168730599,12.629671,2.4088888
272.2339793971786,-6.605505995936361,12.349629,1.4884424
273.44859245601776,-6.268174145634451,11.901131,2.6601
274.0111087970463,-5.961268584728077,12.8241005,2.9144497
273.6663914823711,-6.0716813557807985,12.205956,5.0941935
273.20375844740244,-6.111269694786521,12.233327,3.393034
273.36888905863555,-6.08248786314621,12.776856,2.5270872
273.73850561973444,-5.745535957465732,11.7683325,2.2993593
272.1577423126079,-6.229944524484943,12.54694,1.6025915
272.3473041941755,-6.133042704525139,12.543517,2.556635
272.51603725749874,-5.760592514836739,11.065526,4.0147495
271.70139523063847,-6.226101990396857,10.712553,0.88034153
271.8295939443195,-6.048168532298654,12.929023,1.4487162
272.3994857387995,-5.665359479346791,12.384069,2.2791872
272.0642202867547,-5.4728910959063475,10.139194,2.4712524
272.8643232808445,-5.651393238934561,12.690624,3.581995
273.3804461783564,-5.441453898315837,12.653461,1.2707977
273.2842468781976,-5.461172119178695,10.994118,0.750906
272.83818638279143,-4.892878302862006,12.2429905,1.5593138
274.230291969187,-5.964445577054401,12.067534,4.053582
274.20934625864385,-5.725669811833277,12.545481,2.1769638
274.51890399225374,-5.662028646246331,12.85972,2.676712
274.25494561185513,-5.685350843745596,12.210427,3.915371
274.0384268167652,-5.580856559895749,12.024532,1.3596573
274.3703731549696,-5.264824413697661,12.960877,2.5525694
273.8930410465917,-5.475260785836152,6.967615,1.2454796
274.03375267819604,-5.343310556365808,11.639909,3.3322573
274.089707437936,-5.333378932281897,12.722305,2.7686615
273.6395071440486,-5.4589545572333815,12.375224,4.970936
273.61817227011977,-5.309106908812734,12.160525,2.3289595
273.90946485857285,-5.2645430850056725,12.970238,5.9507656
273.9088643681663,-5.254481211484597,12.591088,3.129859
274.4121066508542,-5.066414321380624,12.886182,3.3401098
274.25591796887284,-5.105893972979619,11.771147,1.9269981
274.37812040200606,-4.981470197297799,12.486488,2.8414612
274.0329681364729,-5.005335993106628,10.181079,1.9773006
274.3000219689785,-4.9342199738844155,12.736865,1.8000717
275.2368366436221,-5.098960996509525,12.288466,4.648938
274.96777220536245,-4.972369238690097,12.739642,3.06958
275.40011715030255,-4.719744409015829,12.879956,3.3067951
275.22230908047504,-4.814930586393916,12.300286,2.3817997
274.530244656449,-4.804331207515482,12.26945,4.4941216
274.8629156315827,-4.380908897912313,12.057546,1.6547737
274.0958441822405,-4.855291375047252,12.910613,2.507553
272.89757081173593,-4.789080327120049,12.98695,2.2610617
273.25861243367734,-4.568492442802644,12.524152,2.2801409
273.40517899898146,-4.541150194891888,12.715161,2.3448305
273.3524036270521,-4.516239313758704,10.36219,1.7984171
273.2431935951575,-4.455979195952885,12.955723,2.9075909
274.1006238860087,-4.678050503373436,10.8803425,1.8471909
273.97854955010615,-4.512547437862115,12.706016,2.23666
274.2255873540719,-4.330140042489598,10.009906,1.5536013
274.23242300640885,-4.276090367013321,11.209753,0.9369688
274.6088518822049,-4.3685241539776465,12.593049,1.92799
274.43748983795945,-4.062425726669093,12.647757,2.7656403
273.93962899143054,-4.228598064600446,11.96634,2.021328
274.04689600879357,-4.154217321378598,12.564139,2.4405727
274.1321929331612,-4.0370242348321685,8.615331,0.576025
274.3958350915577,-3.9608210886956674,12.02642,4.3194447
274.10141559754175,-3.9507489218768796,11.521432,1.2250938
271.50693112484424,-5.296109465808325,11.027146,2.824113
272.5739385191778,-4.749281566391716,12.395326,2.6450367
271.65324024120315,-4.971008314763,10.489157,3.7132254
271.60463314140674,-4.757479938824299,12.671331,1.4050579
272.154223741897,-4.440633167200123,7.605152,1.5194197
270.7043401949621,-5.093806380486524,12.332951,3.571165
270.162074564701,-4.861417480690007,12.801938,4.489378
270.42608109843053,-4.681842135314764,9.393747,0.84115314
270.6698836021338,-4.414616545724418,12.82767,4.086459
271.7751135525106,-4.458208410410383,10.559905,2.5194454
272.8279429652615,-4.765524962267731,12.924354,1.4577456
273.11303405998393,-4.438480524365771,12.364256,3.3550663
272.9701301939265,-4.2436961878935655,12.873915,4.34319
273.29173364805365,-4.01151169412872,6.538543,0.35070133
272.2475228091376,-4.109172988512018,10.561402,2.3639994
272.8899636791816,-4.053137089552538,12.387122,5.590764
273.6558127398902,-3.9795382073886225,12.738597,3.0391235
274.04328981606704,-3.648045658240959,10.726695,0.96516323
273.15091999511657,-3.4857442808173786,8.951321,0.6033764
272.4541791672539,-3.8686923617372937,12.033532,1.755044
272.3631596634791,-3.5643059064546034,12.956967,5.905303
272.1361182971543,-3.5608562979717253,12.792378,2.7615814
273.19588706492897,-2.992325158741206,12.829701,2.2727737
273.2237092200597,-2.8902707546412016,12.857972,1.5455875
272.52255559683056,-2.6450632807182117,12.002353,2.0045986
270.0218302984637,-4.422285564763635,12.294005,1.1476231
270.06037953128964,-4.354339868590845,12.237986,2.6872272
270.1150340517278,-4.29195847047647,11.800926,0.9929304
270.2247236107918,-4.200475830603406,12.2665825,4.648712
270.79885683401,-4.0456591783113405,12.054506,1.206316
270.24639616937964,-3.650718262482817,10.079806,0.7545109
270.35630206697476,-3.4872769397293215,12.67259,3.1714392
270.75190517635576,-3.1104438233612157,11.048653,1.187583
270.35151890691105,-3.0977315042850724,9.765779,2.4190235
270.0626029349862,-2.6732949222929694,11.81568,2.3606405
271.7328762918171,-3.2332030343187643,6.906625,0.66820526
271.84809839860606,-2.9434172866915764,12.917675,2.6731148
271.6202118913393,-3.0307671131932254,9.515369,0.9421673
271.32286570574337,-2.4600649903944483,9.868228,0.775156
271.9573665351989,-2.6872510296568,12.862922,1.4075823
272.02308377513424,-1.9300464990500654,12.373182,3.0996246
270.5967488449439,-2.6249007796257238,12.942979,3.7858877
270.5548673235664,-2.615910861823296,11.343849,2.769268
270.64501790894684,-2.5278848316856215,11.1441965,3.3522387
271.11154058013386,-2.6321888805805322,10.142066,1.0107393
270.379591847535,-2.5782967275324524,11.943377,3.1159897
270.6654067765715,-2.0232843299963608,12.797307,2.020711
270.70069698285965,-1.9658711667182205,11.094949,1.5209694
271.54343272894226,-2.1550433231588713,10.490504,2.9177427
271.64266125165244,-1.989414406232574,12.635903,2.7763815
271.73689810491595,-1.9261699918533193,12.796461,1.2722406
271.9433818927342,-1.83375150604594,12.343019,4.1090403
271.5198929925083,-1.700065676595495,12.031183,1.1981335
271.36454601346594,-1.7197485816548788,9.455843,0.95105743
271.45774411309503,-1.4527874362729496,9.07316,0.52790546
271.5354557983875,-1.4122925120860086,12.96069,1.3798304
270.3612979507793,-2.0151782643840197,12.464755,5.1205864
270.1669503398579,-1.7791541690928765,12.9788,2.9667692
270.02080299030683,-1.3057904674105143,11.576239,2.0613327
270.5524844978993,-1.5408498121552991,10.833064,1.2784653
270.44924258576475,-1.4265785358771315,12.977949,1.5494299
271.0053365481566,-1.2407141844481633,10.677969,0.8697901
271.185934558971,-1.1379602358463348,12.425651,0.93255043
271.064005982287,-0.9907985840001835,10.033056,0.92748356
270.42642434688264,-1.2915717924162249,12.505407,1.2418966
270.2418628729566,-1.3376942163686991,12.973422,1.3244724
270.35563466209214,-1.2257076468131394,12.302005,1.767829
270.39239949492014,-1.1919653262851742,12.721667,1.043891
270.4390505141904,-0.9316001426089593,12.857613,1.9632149
270.7219330444719,-0.7331499567513758,11.948801,1.0060072
270.26364496253973,-0.6951786584895088,11.243704,1.7517452
270.371088373942,-0.6486921749896238,9.912916,2.872075
270.82876760246273,-7.84935931121775,12.482378,1.4407539
271.24494758709005,-7.50243446510859,12.160405,2.391986
272.22054926176844,-7.648428100886476,11.729069,3.3278484
272.1898128068439,-7.403343572507878,12.989775,2.8759356
272.31949047833274,-7.240380055094477,10.694921,4.007551
272.3019484199732,-7.1850839663630675,10.27239,2.1831026
272.40129269542683,-7.013069701798788,12.858184,3.131648
271.8144490585212,-7.003331273531193,12.771278,1.3796988
271.0800692621481,-7.269673485897029,12.603197,3.5786514
271.3762061073755,-7.172320424635537,12.831748,2.295825
270.641863952086,-7.1790505997034275,12.456496,2.8076973
270.86511741784295,-6.9748073594348075,12.902583,2.1816092
270.51079166988336,-6.790063454565198,12.514417,2.739211
270.72885634247075,-6.728299998610988,12.349946,4.4249563
271.5521033135979,-6.934991197378016,12.983773,4.2979803
271.8958911336852,-6.6039388792555025,11.685653,1.4177237
271.4897251163343,-6.607979812055717,10.907337,3.6365833
271.104282417089,-6.700698267734442,12.9288225,2.6528177
271.3108175065001,-6.411721369719701,12.796366,1.5064421
271.37093284214615,-6.231138266634345,10.074217,3.329339
271.35356717080566,-6.2189423546257245,12.779537,3.353176
270.0467102814038,-7.064013676817343,12.056331,1.5581455
270.0793630979583,-6.682307466301022,11.321004,1.0409193
270.09950501171977,-6.616037317828387,8.352374,0.45079422
270.14451727085657,-6.403925107387342,12.943186,2.0017176
270.14551032976823,-6.351322353238624,12.856024,2.1202154
270.0250609204537,-6.1243376976449495,12.269316,2.6671343
270.7997591183741,-6.444065244922014,11.848986,1.6016607
270.7423923232404,-6.356939828264953,11.377683,5.4118576
270.6817585062664,-6.343167004630338,10.607205,2.4500227
270.65341787053944,-6.322217846754157,8.806324,2.5246153
270.62167249313245,-6.061525523041303,12.99874,1.3413582
270.3162833723086,-5.987101449318568,12.371034,1.2108879
270.29579270494924,-5.93693373312867,12.590134,2.663638
270.7191633216405,-5.920636389826748,12.566093,5.6985483
270.7998336980641,-5.850972874975467,9.28446,2.743847
270.5839143107705,-5.81785752676141,11.434516,2.2576838
270.0485751705564,-5.516556410279445,12.417049,4.791544
273.12832069211095,-6.725141059441893,12.607967,2.8621616
273.0421152881982,-6.738006156420419,12.826306,1.5181656
273.4322713371514,-6.525728273502091,12.252964,3.1518707
273.0192788450258,-6.416820642338819,12.702687,2.1446762
273.03265959419673,-6.32632574476322,11.6824255,3.2425556
272.9488673726482,-6.294956478053961,11.932335,3.2988386
272.86864213400787,-6.232422861429522,12.735142,1.389781
272.9533161275695,-6.189443028180929,12.754002,2.299924
272.6818473138209,-6.192438226588156,12.67917,3.2954178
272.7061192822583,-6.154587632818964,11.052881,1.0386066
273.4078024426039,-6.40193999437412,12.932636,2.517892
273.6882542786351,-6.176409970629548,9.440753,5.1317277
273.8387968742973,-6.122710913698494,12.322088,2.3950758
274.1215899393675,-5.918376778054905,12.5848465,4.9637566
273.89801229987637,-6.000769985227257,12.5103035,3.6175728
273.79340377426433,-5.988645434930296,12.883361,2.6514444
273.2526154560519,-5.987607438247476,11.74964,2.293147
273.1846281809961,-5.726975157647435,12.380851,2.8834743
273.7174172689555,-5.604903690358603,12.517015,1.2345533
273.6228471099305,-5.493701240810861,11.650261,2.0445023
272.33100693683963,-6.385709165420436,11.984847,4.187623
272.286605787247,-6.220602597432037,12.851566,3.4176397
271.85847426906963,-6.270847205473678,10.844333,4.197174
272.48979317077095,-5.968413627999423,12.5942745,2.9397907
272.2812133256122,-5.78321756999814,12.699466,1.7807951
272.8017872552112,-5.915561756271122,12.938541,3.081008
273.116659069442,-5.708970273411457,12.694035,2.6473036
272.9578559657977,-5.30218236955334,11.738016,1.3070383
273.22650246295075,-5.206421398213145,11.550915,1.2208004
272.47616427928676,-5.622518189901858,12.8025,2.8257914
272.79012559737714,-5.316970133762848,11.663558,1.150588
274.0791719847099,-5.749529199602542,12.0799,3.5193758
273.96062361136313,-5.70680822665012,11.03611,0.9274683
274.32753156582066,-5.48358381667523,12.620968,2.7198172
274.5653823349771,-5.155874993254122,12.501886,2.525076
273.78495592315727,-5.517436365564745,12.935525,3.0142555
273.85733807910356,-5.498886892052063,11.475197,1.2097425
274.08592709962466,-5.469716945940218,10.297687,2.9149055
274.1388025690867,-5.377752874063695,10.254643,6.0143194
274.17411507510184,-5.006584197139936,12.032005,1.1337433
274.93648293444136,-5.112982648904842,12.346111,3.847435
273.61803662815714,-5.201501273724319,12.61586,1.067174
273.28128496734615,-5.1149276213104296,10.30698,2.3251505
273.5097781338109,-5.054095842521358,12.465457,5.8691845
273.8236812764743,-4.926080524284828,12.959675,2.024661
273.6880205635336,-4.8627233031106085,10.364595,0.78613377
273.2093255014973,-4.967063229873996,12.095596,2.5295982
273.2182020808731,-4.921783277641353,12.272966,2.0507689
273.279033038511,-4.643911327558257,11.074819,1.7126484
273.39049280459585,-4.662080832693774,12.36279,1.4828405
273.5667935637461,-4.46433184713649,12.848898,2.1712656
273.45864757247995,-4.5076962643673735,11.499467,1.7303238
274.2543854069745,-4.627753861608153,12.844817,4.0027466
274.5483391823399,-4.142845070658996,12.746948,2.8730993
273.6129749580855,-4.168344607988587,12.973969,2.2849798
274.33579536526366,-3.807458278881897,12.713356,2.4604511
271.341679542919,-5.797030808914557,10.970342,4.538809
271.4195743821245,-5.612573528295521,12.514883,1.391634
271.03246585686077,-5.448544574786407,11.79373,1.2793598
271.48113276007655,-5.2331850924845815,12.442954,2.89367
271.33361510055573,-5.002120994254895,12.489949,1.5303936
272.7668818207295,-4.801434546966861,12.035946,1.6121645
271.8624375748084,-4.5270555478585495,10.748504,1.6551323
270.6575470096565,-5.155590324846364,12.998292,1.4709549
271.79526335047314,-4.18835658547822,12.3108635,1.4110546
272.90413100765954,-4.589128051312117,10.297689,0.76590824
273.5345256365539,-4.072141952994179,11.648299,3.0341644
273.3596347267154,-4.030749214872715,9.987617,2.0333538
273.32279441111166,-3.840866833241283,12.012569,1.2931833
273.353880406895,-3.1413176531774902,12.880594,4.3428974
272.37249091936604,-3.91326271856178,12.39113,3.1928234
271.9770978925982,-3.7916122034402804,12.1061535,1.0116806
272.56156594110837,-3.7763709767633955,11.621787,1.2268419
272.5514590733234,-3.6992940507982524,11.793425,3.2356424
271.8759024144787,-3.493551103872886,12.310621,2.3248253
271.7387360745494,-3.4031067471246215,10.475375,4.8747435
272.17061929029074,-3.0997277083393535,12.944866,3.1846352
272.9231511868732,-3.058118942642258,12.873965,1.7104998
270.0387308094614,-4.019883431281233,12.8403,2.514433
270.79191495586707,-3.9600363323461223,10.52645,0.94692993
270.0305804493394,-3.135461737274658,12.815834,2.3411245
271.50671177220437,-3.190605243081661,11.986405,1.7760086
271.0046891115957,-3.0573131003743725,12.245822,2.8612843
271.002958324776,-2.7628739602056602,10.632908,1.1415434
271.3088393951715,-2.7990430720686894,12.013579,2.918252
271.37833852581366,-2.5474642554636096,12.998752,1.2461433
272.39338726030047,-2.320556634395218,11.32467,0.9990196
271.78826397853874,-2.6432948679270174,11.073681,1.3396082
271.80291296675597,-2.643365124636046,12.641239,2.6068306
271.96623889209894,-2.092432191319653,12.582224,2.628376
272.0950015438128,-1.9597406635359191,11.859723,1.7420654
270.7495618048932,-2.610983437008888,9.370342,0.68707085
270.6788483030835,-2.557030110195471,10.7148485,2.585084
270.0718729261241,-2.4367992476039144,12.256744,2.1876135
270.637290938413,-1.9994664230478585,12.221984,1.2807131
271.2571656358981,-1.919998276361892,12.703558,1.3271694
271.5891489057663,-1.8383609651971475,12.619627,3.0088701
271.0488869101579,-1.9171282762185027,10.180485,1.283124
271.2300377016988,-1.8334041967439216,11.36464,3.9640665
271.19511290251654,-1.803366983624348,12.124702,1.4489832
271.35991105561754,-1.6291529031118108,12.232359,1.7989445
271.43247232909164,-1.2821658446723367,12.121296,1.3408394
270.04260209944954,-2.209580015639415,11.518523,1.0052023
270.19507455968625,-1.98676366813311,10.35103,0.65424633
270.0923694230244,-1.7472537586537045,11.858135,0.9499903
270.34215725148425,-1.6995693702558887,12.594057,1.5693502
270.1323765183101,-1.5991129302181504,11.595095,1.3441257
270.19316758437446,-1.4099701184005313,11.971781,1.922102
271.242418047303,-1.3151973130271541,9.786301,0.6592369
270.57134088546485,-1.302988345759177,12.479731,2.6432867
270.5404452888709,-1.2221835708507442,12.952979,1.9121847
270.61219088107794,-1.0842802356718122,11.868089,1.0619593
270.95943271556166,-0.8337824002154152,12.828096,1.2588243
270.62898058994296,-0.9177054690369562,9.679195,0.488348
270.4287017212922,-0.9369766913277224,12.455838,1.7347965
270.66264830023124,-0.7154866300923098,12.900746,1.8664694
270.1568323060098,-0.9605981123848208,11.115466,1.1677637
270.2753736155105,-0.8983474570498173,11.963592,1.1738062
270.0115656484501,-0.7489217164525194,12.785287,2.3457727
270.1938422973901,-0.1836882327275582,12.591988,2.8676214
270.0293198186008,-0.1275140803935315,11.836084,1.4544487
270.97472335622075,-8.739750067487728,12.825483,4.2512445
271.2705720089684,-8.390264661541435,11.613882,3.7754984
270.63482696315606,-8.080025642309927,11.713918,3.8774166
270.7648092941252,-7.990826011175277,12.305007,1.5042801
270.0968104931766,-8.170098402389575,11.919621,2.3194199
270.19826523128097,-8.008519904343322,12.276325,1.8988647
270.3079195135427,-7.9972916134734895,10.760568,2.7882023
270.3536246678369,-7.839099623289491,12.711829,3.3143826
270.12958209204163,-7.713577793103261,12.630484,1.6113024
270.4682922635277,-7.6460044803427145,12.806289,1.592309
270.20223910446765,-7.556726574523207,8.782274,1.6454601
271.5424093449357,-8.254853509159034,12.753868,3.0412054
271.32668501336224,-7.9474303180864405,12.910767,3.2346153
271.9646999152511,-7.867819693823589,12.875893,2.8579426
271.82268167769047,-7.818546128873919,12.394669,3.8438873
270.8889513468385,-7.879246666275435,11.082523,1.0642529
271.2734383253543,-7.630723010984097,12.935755,4.181266
271.2483463059686,-7.490166166669112,11.032448,3.4194918
271.4991948344987,-7.318548270562577,12.129274,2.5424957
272.07960077383206,-7.6121729369214775,12.767836,5.38929
272.2215213213234,-7.301616052223829,11.263791,4.672145
272.3952635107534,-7.363858775922527,11.092174,2.401558
272.4578826608092,-7.083953221937377,12.641548,1.7270555
271.6419352494417,-7.1795626307550755,10.968303,0.99158096
271.8058723492557,-7.1089975156348,12.592506,2.476038
272.1919847347102,-7.060254384830269,12.742364,3.209938
271.8899026207566,-6.854022468017332,12.922276,3.636673
270.77634917125624,-7.599329292455941,12.476318,1.4836283
271.0183641472276,-7.3805040542027305,11.776237,1.1933556
270.58684602289793,-7.085371630920823,11.881621,1.2343922
270.67821028972145,-6.77801011795368,12.973034,2.6025095
271.46190920554403,-7.074356743043712,11.832424,2.5214005
271.2714941739709,-6.765243888144126,12.841751,2.4708147
271.37020529250015,-6.641277140048031,11.727138,1.3410292
270.2241084800316,-6.933890216314059,12.793173,2.5507116
270.53935107055264,-6.625547042013219,12.637153,1.4327507
270.34175140261857,-6.344976196366217,12.268126,1.2279644
270.11261203160734,-6.102986213659199,10.646521,2.4602795
270.4547228971356,-6.245641472749722,11.132725,1.7230759
270.9013374439284,-5.883885926033216,12.672537,1.3077803
270.3633474220795,-5.575603367045113,11.892831,1.118638
272.8909562397344,-6.767530885390257,12.440181,1.330348
272.5233432899294,-6.6923098260858565,12.960361,2.4062262
272.3987144405075,-6.528967059424815,12.363201,2.8761597
273.5640238105678,-6.081587574042476,12.930201,2.449212
274.08479869071266,-5.946303477229578,12.774714,4.151821
274.0213778342284,-5.987255910704414,12.433652,4.604126
273.2711336725711,-6.093644058615678,12.711614,1.4448576
273.6612336006496,-5.723470477980077,12.378196,1.2847242
273.6121212300884,-5.523095875129922,12.572307,1.4116526
273.46476723871626,-5.510498493440665,11.863444,2.0021305
273.522849300852,-5.489095221626636,12.907621,1.5308609
271.922755289603,-6.315956110074846,12.488786,3.442109
272.2315981446729,-5.9395766144317745,10.495335,3.2627764
271.707378091274,-5.8650812192194275,12.463591,1.7611446
272.1497428800666,-5.727211394566524,11.586932,4.9136457
272.3380266303373,-5.781593845590261,12.683377,2.4619646
272.12389619728793,-5.595726236652711,12.451563,1.2373886
272.1278289564805,-5.552533918530455,11.111357,2.218771
273.0027734656739,-5.615126695965765,12.27997,2.938816
273.2795901832336,-5.327467628183315,11.660142,2.4763832
272.49484916205733,-5.450277910769677,10.021418,1.6650076
272.77354347550636,-5.229249834367417,12.209071,4.2884617
272.8943771079797,-5.047549690316604,12.614296,2.7359867
274.0338631436783,-5.779107912363666,12.683537,1.9694195
274.35553479236364,-5.51544912902149,12.86834,2.1701965
274.61499073233625,-5.462542944617783,12.436615,2.9488487
274.60744931511675,-5.28984956566678,11.875662,3.9487772
274.56445981158464,-5.2471801919328644,12.810632,2.603077
274.16434779158686,-5.289750599901028,12.583015,1.5484905
274.17787037618496,-4.8282657781194604,12.327132,2.7868376
274.8168806997964,-5.111918054585033,11.229192,2.6010761
275.25068666868685,-4.974578259094887,11.811179,2.9588404
275.1897311923943,-4.741758723342761,10.912853,2.885377
275.31065471111333,-4.648012861834587,12.134714,5.434141
273.4764853504636,-5.331916281808244,8.981033,2.8141284
273.6076133318501,-5.17196046809129,12.907793,1.368824
273.4299222356879,-5.266508895170655,12.137129,2.212924
273.7801719160396,-4.984719324144388,12.628947,4.4127655
273.59475035398833,-4.808093805323447,11.309143,1.392684
273.83316090490536,-4.737652000356691,12.85804,2.0956268
273.93738552175114,-4.6936373066968855,12.973545,3.224165
273.02474385536345,-4.694607086547982,12.955743,5.192292
273.6784199722429,-4.498144098818859,10.908409,2.2424297
273.5452816857129,-4.477655134373204,12.946978,2.3559093
273.2966429403878,-4.369546868426917,12.666932,4.5957136
274.1823529712828,-4.642297775267845,12.348483,5.889967
274.74697100534803,-4.1054881619835095,7.2696166,1.2908902
273.8796934398762,-4.406804422636065,11.546327,1.4292374
273.72772026218485,-4.257800085188361,12.903988,1.3963547
273.7333050977187,-4.086332451958007,11.340422,1.0445089
271.50444109669644,-5.8419668546788825,12.786317,2.650446
271.59554644279905,-5.767056234546736,10.807474,1.1519117
271.8262366341799,-5.49902265634254,10.593569,0.9799986
271.8689540588277,-5.336755808510261,10.968796,1.3924646
271.4245820068745,-5.105498994233749,11.48672,1.2684078
272.0387290232996,-5.098809232184753,12.701611,1.4266596
272.37694551233983,-4.898582427725021,11.349965,1.6811075
272.37742079562713,-4.8447557064363025,12.1676235,1.6934738
272.10742976749094,-4.780841845157609,12.585988,2.5398455
270.38933452614,-4.4654766482085755,11.356369,3.2971315
271.9286958752209,-4.159989536889613,11.657174,2.8604517
273.2239898020972,-4.294522863974605,10.739824,0.7917471
272.85922710991906,-4.210326538080388,12.823513,2.6005583
273.14783365221894,-4.109646107169487,11.9685135,1.3389854
272.2833838000056,-4.241442537472417,12.464365,4.8127165
272.3948421618222,-4.096369019812612,12.866183,3.0380144
272.4603723799378,-3.9014120276723987,9.498127,0.8545952
273.0077656786699,-3.9300402296914347,11.901193,3.30787
272.65657614622205,-3.8442161856152106,11.33214,1.0275936
272.8384806656687,-3.6019929389046994,11.096652,3.147705
272.1751384723398,-3.01830568594166,12.984311,2.9854631
272.9705384120525,-2.81837057557564,12.760268,1.1955957
272.8871090208531,-2.613189937844711,11.862186,1.0954113
270.5754279329925,-4.204548957660873,11.665185,1.757927
270.5760342126307,-4.204552312921809,11.874768,1.8199854
271.27721585899974,-3.602043230120067,12.082706,5.91926
271.2209895883414,-3.490011970777513,11.500219,1.7063808
270.7449550836067,-3.4261414150061515,12.345824,1.2077303
270.8042811065205,-3.156159938169827,12.359627,3.6991081
270.08528775607226,-3.422752682743692,11.628888,2.3300047
270.29296052822247,-3.196460081940847,12.742702,5.3572645
270.51855395076217,-2.898855707220517,12.198213,1.0953741
270.0404384923567,-2.7617107031689954,12.800331,2.0812626
270.05885052439965,-2.7043980865767208,12.993813,1.2670355
270.12580956093717,-2.6214145819044035,11.39458,3.5990381
271.57710672524786,-2.972249877017533,12.784211,4.1119785
271.17472154240426,-3.1631695725486346,11.566103,6.719042
271.9078067343176,-2.6777905463184055,10.187676,1.8638868
272.15956381276106,-2.463069138535965,12.383679,1.6724873
271.9177261794088,-1.959485241378486,12.48992,3.8115778
270.6635879114867,-2.6055772585060946,10.7556,1.0621233
270.6715427779743,-2.46331933436676,11.506302,1.2792082
271.02356536962805,-2.2012651157081633,8.434086,3.9699192
270.427304377529,-2.619078079262153,12.027387,2.8768635
270.6296650508781,-2.411478503647726,12.040297,2.6347504
270.2949242497614,-2.433503754833016,11.348098,2.265483
270.58294999542363,-2.1740829970122366,11.462914,1.1319399
271.69592581120475,-1.9352311296166422,12.233445,3.5499659
271.33269059459855,-1.6943787236536858,12.617864,2.761753
271.2677128597245,-1.6005187826746314,12.014642,1.3877621
270.23351910365943,-2.113851265588942,12.796018,2.0114202
270.1251850838152,-2.0971346684643537,10.834967,0.8597374
270.4142591589812,-1.9146621258232321,11.972062,2.265051
270.3127088197493,-1.9204154402557598,10.909085,3.2609673
270.1524944164231,-1.791273803169235,12.5362425,
270.67969677107914,-1.4575024906539573,11.5388975,2.364091
270.8201556733689,-1.2936547697240002,12.593107,1.8112545
271.014839451443,-1.2825103992494429,12.113483,0.900671
271.0786140307744,-1.0702717858590205,12.82266,4.8509817
271.1588738992995,-0.990405612190784,12.646449,2.2734213
270.9813623029257,-1.0064612200404013,10.107737,0.7908964
270.552868999487,-1.1812418979288264,10.642206,1.6599483
270.26788991387826,-1.056513060944402,11.702643,1.749587
270.6634909496225,-0.9597665803540864,12.987386,1.7217131
270.18987499600354,-0.9117488064162745,12.092967,1.0991554
270.14602066519546,-0.7459852321759489,11.377082,2.303588
270.4030839194151,-0.717932879467477,12.211216,2.348465
270.1968685101884,-0.31549052932550287,12.458763,0.9239912
270.2571801502662,-0.22900725805611324,10.354793,1.6620579
273.47114300020803,-5.8047838028986405,12.304942,2.3842125
273.6554284426868,-5.680189581442204,12.597827,1.2318811
273.29860453601947,-5.744601185810373,12.712068,2.239421
273.6424626114131,-5.563717703450851,10.11366,2.5675936
273.3729879700208,-5.549685304097356,12.992654,4.585229
273.447911554734,-5.509562340591063,11.493733,1.0412426
273.46359784577487,-5.4367879625117235,11.838745,2.5505533
272.69069548844277,-5.945906154429798,12.93467,2.6254463
272.50730390423917,-5.975984549874133,11.833005,2.617425
272.05615979599565,-5.81003412583138,11.836417,1.3822107
272.11581415713675,-5.682254620478423,11.426854,1.4022636
272.94028079396315,-5.745461860956031,12.802469,1.9857988
273.2841389867536,-5.47703865441398,11.442992,1.011405
273.41466084644446,-5.375043868259522,12.804971,1.9889174
272.4867604469191,-5.380368711093297,12.830867,3.575161
273.05376182102356,-5.068649349892088,10.61727,4.183078
272.9200019748021,-5.021663234781471,12.007363,2.35742
274.26625230697243,-5.881238997208245,12.85112,1.990366
274.3005521959391,-5.371986512916151,12.88991,2.206995
274.5019674559057,-5.277555512875265,12.181284,5.8940506
274.10755201876333,-5.468112502879832,12.6402,1.6551809
273.84548474067583,-5.387105046821366,12.793771,3.190834
273.5638810763599,-5.409117830094048,12.178497,1.4152508
273.7971334301428,-5.178712323230516,11.462387,1.3161478
274.4285506799807,-5.0093605712847955,10.920485,4.587782
274.25179025776856,-5.037372757172726,11.384005,1.1919298
275.1109451874945,-4.944167550331003,12.576766,2.6110973
274.955890830304,-5.021975226042034,12.41655,2.44911
275.3211962613178,-5.038542653008703,10.545206,2.5303297
275.11597826740797,-4.824071965831403,12.987245,3.0609846
273.7566508501728,-5.058438976333159,11.621573,2.1292372
273.37790144137796,-5.0895828473958,12.668018,4.024333
273.1387043280769,-4.9902870816733005,12.5950575,2.287674
273.0972229129097,-4.9326034185869565,12.372182,1.2992125
273.33629409083835,-4.8600916435131065,12.375626,1.1545916
273.67979875684586,-4.565023721138964,12.164957,2.096675
273.32662995147774,-4.599569700660942,12.776621,2.328456
274.6844992507177,-4.038864565218949,12.659731,2.9507236
273.7383985791342,-4.360367277525394,11.179283,1.0727873
273.9133722804196,-4.219368550076539,12.694615,2.2563696
273.59015019312847,-4.162235006633519,11.743331,2.377099
274.21979013770016,-3.906016999520012,12.569955,3.8210354
271.4191014093212,-5.4890376290152725,12.663928,3.8071775
271.8638391872255,-5.404734230893166,12.672288,2.4422674
271.8938620132303,-5.371672754838834,12.012758,3.0284586
271.8069674938378,-5.1249390856106,11.268002,4.0978756
271.59598462499395,-5.163268818783032,11.636739,1.0553284
272.15769106542245,-5.140625002613214,12.8219795,1.7803688
272.1204043885372,-4.925131822320687,12.995213,2.6401968
271.53580189957034,-4.77817318256135,11.574705,5.8543606
272.08254979658693,-4.56071945754382,7.603347,1.3111138
272.3396861400081,-4.442043619049275,12.553447,4.639469
270.2319488794302,-4.85264183929454,12.648641,3.0969973
270.9491538694115,-4.166547689741552,10.853252,0.94324493
271.3952398140494,-3.665481749484419,12.148118,3.3950768
273.0054435075006,-4.204158983262998,12.245408,2.3687506
273.0553693797934,-4.213895634431179,11.158786,2.2905912
272.2483926665661,-4.14314086750152,12.767034,2.0734253
272.3414915834425,-4.099399633200607,11.6978245,1.5321932
273.152360553237,-3.313702543002963,12.335515,3.5423117
272.06997023059256,-4.099701095612211,11.807233,3.2982855
272.24759877083454,-3.7173835790300283,12.608943,1.1803617
272.79120410230155,-3.382414873589665,9.970373,1.026474
272.66570818931154,-3.3423263193421415,12.4788685,1.1310711
273.14929489990897,-3.2226845216936426,10.908604,4.8140297
270.46971494093225,-3.8969088939153456,12.84468,1.5540247
270.411342995402,-3.8685104442149956,12.616803,2.4777546
270.7872510251936,-3.7684098322704305,12.10464,2.0508013
270.8966036007449,-3.686219955222719,12.933212,4.1143208
270.3818253581998,-3.176868813001105,10.965949,2.9378204
270.3669575552615,-2.8710137687927717,12.347536,2.2979698
271.511260728102,-3.283316778437276,12.590316,1.8163137
271.919771241835,-2.978581367979028,12.002685,4.667014
271.14605010280206,-2.9238043253272226,12.989781,1.4264889
271.3672778859423,-2.724482396829148,11.320312,1.0381956
271.3533773511871,-2.469573402745091,11.187446,2.105052
272.1815782088895,-2.8732325824756813,12.551866,1.6575546
272.1333079715044,-2.6952395501840356,11.41336,2.61407
272.58093866276954,-2.193577809047911,12.765625,5.35861
271.78677987934697,-2.398895522463247,12.252191,1.4642725
271.7240005939432,-2.3135627510939427,12.428834,2.9289093
272.08200042360437,-2.1164062825068313,12.787735,1.2938547
270.50696859271744,-2.73999851825664,11.920293,2.6824064
270.7492342344662,-2.6108021522543514,9.963097,0.8563423
271.2170780824396,-2.518736894375405,11.180161,1.1674519
270.2880355809023,-2.4723176008023113,12.842119,1.3417959
270.14229878208715,-2.42074710974169,12.43154,2.4465466
270.81041057013414,-2.223722644270615,12.545525,2.263855
271.9808175832049,-1.8715752299037278,12.391335,3.0315838
272.0185643742148,-1.7967132804423873,10.903673,0.95727444
271.62428776257974,-1.8937387562728525,11.315704,1.203743
271.7221111486969,-1.759144501928884,12.492712,1.3453808
271.3744079379142,-1.780336597073023,12.044565,2.2987957
270.1727670268772,-2.1155719831445268,12.727002,2.87035
270.47003721961096,-1.561194548107266,12.30296,2.1157503
270.65534507505845,-1.4287646937494565,11.254186,1.97437
270.82655941747356,-1.289859908509383,10.707682,1.090601
271.1849893937164,-1.0350507280132355,10.401366,1.0998802
270.28243076378743,-1.27518731460141,12.949701,1.874341
270.9426392011451,-0.9821667090928478,11.517768,2.052415
270.4177459464671,-0.8549366076330697,12.584166,1.4056358
270.14133092209613,-0.8587198660083646,11.084139,0.77956486
270.246878063556,-0.35862889416228,12.3052025,1.5970345
270.0710231273983,-0.24576708335581532,11.8809595,1.5916214
270.2297124116311,-0.2483205785040623,10.894772,0.8914871
265.03020178581096,-5.504263290743153,11.425578,2.2649813
263.61484878342,-6.455314988448853,12.427676,
263.66200080462244,-6.313090953083004,12.206738,1.5769377
263.43333999346373,-6.320785814658329,12.485104,2.3451242
263.94803499973546,-5.9637002971346265,12.028927,4.3698206
263.79177577004214,-5.848801873511837,12.35567,1.8889399
264.6492472397053,-5.536441171269538,9.599771,2.6902266
269.4848043833751,-8.893719874707642,12.605936,2.4015417
269.46762690334054,-8.755102771642434,11.476818,1.2862902
269.36469200096576,-8.347332751829684,12.278855,3.401082
269.3181723501914,-7.902610744281222,12.767337,1.7497969
269.3801954282744,-7.855798812844126,12.482916,5.31001
269.9692294282629,-8.266821737908522,12.77354,2.6271238
269.75386092053867,-7.95737375829001,12.703561,2.6459675
269.7112248123429,-7.9644792291131,12.195268,1.5359688
269.78219671610947,-7.709921214643364,11.330165,5.5200424
269.664574321291,-7.586770612452165,10.070704,2.0891047
268.4757111724642,-8.183555516579931,12.3666,2.8206549
268.3705104629012,-8.06245415176869,12.789821,2.6525803
268.38255580529676,-8.026020137218122,11.571085,2.605976
268.66510451316174,-7.9622433015556755,12.55616,2.6345024
268.54857106589105,-7.8564823729211755,12.991765,2.2241821
268.9644479745605,-7.688741659423834,12.695936,2.803873
268.22530713406775,-7.83736363533956,9.411529,2.1147127
268.6630173971976,-7.5635829277093105,12.140204,1.4074726
268.47787652216465,-7.496678358574177,11.657215,1.0295296
269.30999979200953,-7.46460972755113,12.426905,2.1230469
269.212828744533,-7.3081270370746445,12.689416,2.3931866
269.6926628384992,-7.219599357966438,12.956762,3.0497255
268.94277944105846,-7.047282447847179,12.521895,1.1875172
268.92882673974253,-6.970320198461912,12.18383,3.7585478
269.3667956020627,-7.019409109071319,11.431159,1.1454935
269.33328875059317,-6.929551811576667,11.525947,1.0770378
268.1363293749404,-7.549009867677449,8.512703,2.2882552
268.22447065431174,-7.495260094269002,12.361718,2.2709675
267.9643614439458,-7.163086510501436,12.843224,3.2046356
267.28243337326285,-7.105225673836152,12.918981,1.8896637
267.98885299898393,-7.019895193542379,11.646979,2.1256971
267.8378665091216,-6.684655695912841,11.808516,1.9557953
268.7632042793683,-6.979249384441323,12.606319,1.2706528
268.6002999398487,-6.821417849048234,12.571174,2.4526873
269.09543258838534,-6.675066624284002,10.867665,1.1478491
269.0380609422626,-6.6002689066452715,12.180686,2.711996
269.11444708089533,-6.525364075147784,12.539907,1.9667473
268.32962550214864,-6.6331743822306,10.909445,4.058609
268.6991964184716,-6.118559649899477,12.970311,1.4912205
269.7448921038001,-6.698652548137704,12.970589,1.4600439
269.6085726942565,-6.647308090696574,12.957311,1.9656906
269.3062730007101,-6.574259014948559,12.767797,2.417059
269.5450066196583,-6.342530562001324,11.302861,1.0498266
269.62244099947213,-6.187143935829005,11.994405,1.4769945
269.16173900827596,-5.873635192972863,12.780118,2.3544512
268.88869766239105,-5.876677336744463,10.942103,0.95274353
269.23314273509965,-5.7426464959422026,12.412639,2.1933107
269.01890127446393,-5.710699184387251,12.775137,1.3106203
269.0225712947573,-5.616581519587286,12.539113,2.8009024
269.904051893566,-4.944797830545853,12.473837,2.9775782
267.54779711626554,-6.817173581738436,11.936905,2.5980463
267.51408790066,-6.679536645253954,12.750841,1.9983339
267.65912393690854,-6.585781006346637,12.734268,3.2307444
267.29739405323124,-6.6362581137596575,11.812489,1.889286
266.60906571162593,-6.497950896454039,12.712616,1.4682188
267.4715878189372,-6.3076608801274885,10.948294,2.068242
267.82010127431784,-6.502929111322439,12.710944,1.7907352
268.3013654136555,-6.059150984387445,11.839747,1.1533251
268.5076860011307,-5.955449059543597,12.980444,2.2494698
267.429776395663,-6.130533724244151,12.991802,2.3049326
267.5660104070092,-5.841431439577799,12.833958,3.0132923
267.46885656304505,-5.744849143783335,12.851458,2.2762394
266.9016899986108,-6.175322688491433,12.227022,1.4401236
266.80515932337386,-5.86809608964613,11.297891,1.2174034
266.89314440942684,-5.793279968985411,10.633585,2.7697477
265.938382706445,-6.066660156463001,9.426861,1.952569
266.28742265402434,-5.564328617252883,12.624376,3.2250042
266.48163734679116,-5.593429200507501,12.46708,1.2788591
267.33719948041454,-5.747089108899828,12.869365,2.1934767
267.2192569019267,-5.598554063648671,10.597913,2.1982613
267.36225681480215,-5.47973674336703,11.9238405,2.6015797
267.4092441457701,-5.452078960193284,12.950148,2.5789223
267.012180569235,-5.025703124535832,12.535397,2.5262747
267.1062091724049,-4.982583453096854,12.40716,2.0419455
268.46522421035627,-5.770986406569896,9.860823,0.74735165
269.1907310718557,-5.338829970581738,12.271851,2.1685562
268.75957855568794,-5.273166441896301,12.26912,1.5484524
268.20587687892817,-5.30693258587523,12.024952,1.2585945
268.154332330108,-5.262153458994707,6.5369363,1.2066588
268.5909454519595,-5.30089526368049,12.012367,3.56322
268.6763133931155,-4.871636397159564,12.723645,2.3270216
269.60663775072817,-5.017712209476094,12.770699,3.0353403
269.870308198478,-4.781803907017547,12.658847,2.6062393
269.1938221960654,-4.843800599252907,12.205891,1.4209948
268.0707283143315,-4.669003321829533,11.684075,1.0486441
268.216291216268,-4.673507629866412,12.679464,1.2878523
269.1421539264845,-4.285303700194813,12.664483,2.628315
268.4762289500101,-4.2796708448853416,11.949615,1.3092222
268.22355394188605,-3.9361531025754046,12.540978,1.3136845
268.75502775163204,-3.9681762395826277,12.715849,2.3325262
268.6994182271341,-3.837965846579771,12.511089,2.9523916
268.7092469506443,-3.7846398804760986,12.233403,1.4335356
266.2786766108307,-5.431146494540868,11.347774,2.0882664
265.3401460419872,-5.539140458784494,12.610855,2.1251097
265.34874045816946,-5.5311941161009965,12.375779,4.217765
265.502566225773,-5.465767334325941,12.109,1.9435234
265.90412784272513,-5.021571145701764,12.939932,1.8988266
265.85670535674353,-4.954831853394246,11.926435,1.2160435
266.42684665628985,-5.138000515233935,12.990942,2.537654
266.7202717645459,-4.906289165757793,12.512806,2.3871603
265.97272030012545,-4.794056554984332,11.946692,1.2463579
265.91881480014865,-4.66871106884298,12.283404,1.2609615
266.11590254452506,-4.498767850995399,11.229806,3.0121193
266.6413948131621,-4.544160387901905,12.742134,2.0497189
266.27193082979244,-4.544450217890941,12.925178,2.7994823
266.4541036406759,-4.384678983179489,12.306582,2.0329103
266.4982939366636,-4.246910346425536,12.499477,3.8451014
265.2760096597792,-4.833647247411744,12.603126,2.3438015
264.82813752674474,-4.699386832932463,12.998977,2.2266989
264.59521028584226,-4.8457507085150056,11.794403,4.924618
265.20929373706963,-4.6305257177375765,11.306295,2.0895147
264.96950010364844,-4.644888070750033,12.329545,2.2059307
264.95088270300215,-4.4754233477954894,12.479341,1.62603
265.0302144001886,-4.3964502754083234,11.917038,1.0870275
264.9557007589303,-4.32628002493979,12.520764,2.1061306
265.4890592231231,-4.171076780061818,12.287603,2.2559414
265.6462503457823,-4.0845308577374295,10.512224,1.9788647
265.1944820283441,-4.276745264052597,12.488043,2.0540228
265.65763717522896,-3.957769893654161,9.860476,1.7548895
267.2794887272202,-4.41741581607161,12.288745,1.4361572
266.58474116510894,-4.223845280855007,11.74519,0.9283047
267.2058102889222,-3.6325908687409414,12.614664,1.2820921
267.9135267174593,-4.049057293936221,12.315897,1.0923424
268.0569171047619,-3.803104768461491,12.5199795,1.4359303
267.90951927677133,-3.6635458035404516,12.077201,2.1943407
268.2193148628509,-3.608874606779198,12.599292,2.7313843
268.2631681578917,-3.547117984203297,12.884677,1.9975128
267.5432739376971,-3.6040074264225335,12.798663,2.3003826
267.5938451123602,-3.597320840383555,12.005326,2.128953
267.468675939075,-3.535563759818423,12.297989,2.775072
268.07298550504106,-3.1723703095599687,11.08321,2.3592768
266.55452552965517,-3.657198579758423,12.798129,1.263833
266.86853049799555,-3.5189137956012475,11.94372,2.2460155
266.74264295284445,-3.4220892691015004,11.791802,3.2233248
265.83772178826376,-3.587367305508915,12.747554,1.3400679
266.628345146273,-3.2711488994467235,12.708656,1.9510775
267.4410120456299,-3.361917532269635,12.137146,1.108058
267.2563580120063,-3.304980509587913,12.576141,2.012229
267.0610248645378,-3.2449890313371177,12.249317,1.5569077
267.7343677004068,-3.112041907994769,11.705923,1.1478748
266.6642457136635,-3.020570178950123,12.071563,1.4338589
266.68586472682307,-2.883836480607352,9.185771,1.6290693
266.87074439883696,-2.9511620276831168,11.236015,2.143898
266.79267414068426,-2.7252836869270327,12.040851,1.4321156
267.47669470412603,-2.6616097319193655,12.058325,1.2430382
267.21635328089354,-2.697761866879846,12.02067,1.1970472
266.85611924977303,-2.683331840632039,11.61736,1.8965597
269.4617697804585,-4.121740524161019,11.601896,2.5570383
269.77015336995515,-3.881045721123508,11.895792,3.2001295
268.9730022549116,-3.876743279501277,12.380862,3.2660341
269.8423161996165,-3.705419231065348,12.600615,2.2983036
269.8389813995272,-3.6114581521099645,11.4605055,1.1488333
269.5845692416533,-3.549204028397692,12.328086,1.5083647
269.69734704196685,-3.4936848386185706,12.243231,2.1903934
269.20442732711507,-3.4384177884803875,12.835257,2.2003756
269.4884231443503,-3.347707106285501,12.461226,2.2239456
269.9349947557974,-3.3812485983075917,11.964345,2.275712
269.8797397002743,-3.247108016323423,12.362555,2.6224003
269.7928804610049,-3.3018983456530866,12.183193,1.0360651
269.8267241437114,-3.262353683401126,12.94094,2.6753302
269.9924574749986,-2.4637503565322194,8.951892,0.7276459
268.48098629286653,-3.460836379510337,12.1573515,2.3941374
268.5066767430353,-3.3789288787359513,12.925047,2.3544197
268.48941621639636,-3.0378386930949226,12.82691,2.1560736
268.6240312281384,-2.8738631989068035,12.872354,1.4851246
268.7586670904259,-2.6019109946337804,11.160469,1.1931639
268.43989775419533,-2.772963400863819,9.219251,0.65715885
268.3775533628862,-2.783846651123467,12.399323,2.4989033
268.31491364771404,-2.635154140395676,12.296219,1.2793121
268.4755617151225,-2.606034028084817,11.600077,1.6131792
268.534498871847,-2.512141999397526,12.521476,1.504529
269.0423601769662,-2.684831929264568,12.882864,2.146469
269.09643300040614,-2.6385605090905404,12.627037,1.4261017
269.2727558639079,-2.6438479778715744,12.416835,1.9903364
269.35291806181965,-2.567185196817172,12.59088,1.9427967
269.8622434658483,-2.4539526740298934,10.342536,0.94728947
269.89109380453885,-2.3423255902112405,10.082521,1.8729925
269.019239293673,-2.4609731991791444,10.8255625,2.12819
269.0911693329699,-2.3943423880757,12.877544,1.2521315
268.98751379977574,-2.3921336835992246,12.268281,0.7327452
269.34230127210526,-2.2124002831477836,12.135228,1.0682335
269.14802858479845,-2.2085282659681273,12.864362,2.814826
267.85773552028195,-2.862361781329333,12.243682,1.1044216
268.0930937186501,-2.5651960219118806,12.432189,3.0939379
267.74219078250985,-2.7988812326676293,12.219598,3.2523222
268.2636383650492,-2.5795319897345403,5.3987517,3.9058027
268.2979489391074,-2.4189405192030384,11.914712,3.2300053
268.2474730371749,-2.2574183985442993,7.6019807,1.9568872
268.20988560053036,-2.1399105217245644,12.27415,1.5677795
267.81319048899024,-2.3483011408624903,12.523869,0.90432644
267.8924745622815,-2.2281298294917944,12.964488,1.8442049
268.4412590763313,-2.2191122762117907,11.998171,2.8860874
268.75079221015795,-2.0778292194590207,12.055644,1.8892593
268.49856039889823,-1.9953421916249872,11.891488,2.5426502
269.0946242890542,-1.8831359160418861,12.480855,1.3472452
268.8769954790218,-1.5822722140824863,10.710835,2.4262085
268.0741690015822,-1.8477861601470946,11.373639,1.0885391
268.17769156422753,-1.6773895354208037,11.760115,2.0773935
268.7474568406333,-1.5936210115467568,12.888439,3.5460339
268.58706929319027,-1.3366558492251004,12.890803,1.166194
269.44339138884214,-1.7649912957376435,7.4625616,2.0048213
269.7598781979428,-1.584286962936052,12.403085,1.4500704
269.9905853371409,-1.4963168839485645,12.119503,1.1680183
269.32310268381906,-1.7138348996947428,12.6375885,1.7065506
269.34016886986797,-1.5772280548881883,12.533342,1.1696482
269.59940621386625,-1.4671327730405204,10.994454,3.3087082
269.69916053737177,-1.341458255143199,11.913695,0.99065495
270.5656302739096,-7.35731466443392,12.869427,4.6484814
270.8281420831357,-7.108817801754683,12.845319,2.790306
270.28617694310157,-7.055930078346985,10.936638,1.1372776
270.7821223967983,-6.959381035502951,12.708021,2.6963272
271.5882538926486,-6.719886432319678,9.345555,0.53977203
271.7347546363614,-6.5089189337448925,10.951877,2.1416302
271.3085454136005,-6.612856660971634,12.909422,1.4858818
270.7852540550711,-6.591990352597244,12.846795,5.2472763
271.2602456882922,-6.306392018043592,11.83575,1.2154121
270.00764235224904,-6.878013933836811,12.384034,4.317771
270.09441737860135,-6.731543926621203,12.849104,2.3911896
270.22561026419726,-6.524967081269842,12.912307,1.3656864
270.1978922635551,-6.389001039505752,12.35945,1.9797583
270.52632787141374,-6.154884994066758,11.372682,2.1746588
270.56394503846064,-6.126896008209139,11.530543,2.5813427
270.43651359567053,-5.939852582164668,10.613551,1.0492163
270.7036338303906,-5.9697489241750485,12.9695015,4.853756
270.62963064758713,-5.675583780143831,11.937651,3.4638119
270.1820891723779,-5.741120810264568,12.746107,2.442151
270.3291219685535,-5.457862669216129,11.238248,2.1815119
270.56760649158934,-5.347739838834743,12.913828,1.6687355
270.1335911647933,-5.427227059486881,12.6366625,4.637371
270.30247809331854,-5.4182629044967845,11.948613,2.6565762
270.4113643404415,-5.203148748353042,11.908342,5.761588
272.9221596539746,-7.00860049463133,12.795806,3.2335625
272.59630118439696,-6.967884961645662,12.718017,2.9213781
272.5927014444795,-6.861411427937436,12.037503,6.899728
272.60316956584813,-6.769425456141449,12.90932,2.6206923
272.8355122942065,-6.723678629274758,12.719265,2.9329233
273.2184287837675,-6.542464934439854,12.171839,1.9189358
273.2290242947494,-6.363211285602082,12.834431,1.4035625
273.4712807394474,-6.055842470155567,12.553261,2.9691248
273.8455575336395,-6.159513786176625,12.018461,2.3605022
274.0493936818756,-5.897736123852405,12.996301,1.4385805
273.66094879884565,-5.95958932572028,12.51501,3.9498224
273.87319471751783,-5.968262289970804,9.695744,1.0971651
273.9437623191252,-5.747949616404915,12.424535,2.1861906
273.22829671666756,-5.975791633748436,12.570714,2.795722
273.3670665469408,-5.896181259039059,12.85461,2.4854937
272.9761016735897,-5.852494832911619,12.5875225,2.5660915
273.48823732320267,-5.58890598060923,12.884413,1.4305973
273.4300191162083,-5.515933547427559,12.2095375,2.5264988
272.6168011873379,-6.08645122624922,11.892429,2.3773212
272.69434285212975,-6.008391473522602,12.601214,2.2486553
272.36550106136883,-5.913085076443521,12.123906,1.7559376
271.8544315711109,-6.083611540652468,10.84747,1.4525108
272.3099564556634,-5.643499663058684,12.466547,1.445818
271.9567442917029,-5.767441174838257,12.748755,1.8046522
273.17884504174606,-5.582816271748135,12.645466,2.638647
273.3140277017636,-5.524844171157377,12.609084,2.5750713
273.12774838526184,-5.527277273866281,11.08929,2.7306442
273.10855909054027,-5.291390438317302,12.99576,1.4724846
272.43148305371557,-5.572433023366709,10.077952,1.7084332
272.57817127972805,-5.4329166525825885,11.510393,1.1492453
272.9025974067731,-4.883391500810461,12.564383,2.2848482
274.3854133105768,-5.608680004937664,11.651002,1.4527836
274.1422523517689,-5.598672304128787,12.303865,1.4126301
273.9631199148627,-5.429873030410722,12.277461,5.1247883
273.9659346111041,-5.401261500619768,12.59203,1.5647602
273.883107559127,-5.360122291438395,12.504203,1.243679
273.9644561259366,-5.259956335179637,12.565193,2.4970465
273.88113824877473,-5.2082782700622445,10.864576,3.457818
273.91489627633825,-5.151209158828269,12.976631,3.7282686
274.01776161981326,-5.104932458389889,12.664747,2.653946
274.00682344860274,-4.977071894710504,11.920805,4.184905
274.1344555692602,-4.997531740116719,11.65208,2.2019024
275.15522191486195,-5.133432580527733,12.095271,4.376543
275.37351719042294,-4.956672609311266,11.205632,2.8614311
275.389102384361,-4.810181395271425,12.89609,1.5475378
275.24295490077077,-4.691499935369202,10.697318,1.5514488
275.3607889967153,-4.642278715719691,12.80515,3.606699
274.9698984404084,-4.421067581772383,12.373205,1.6692047
273.5157478523341,-5.321537126364373,11.423896,2.27851
273.66314599521235,-5.1950169757788,9.909126,0.956727
273.9075913048065,-4.874361132970154,11.107882,0.88627434
273.8305457832304,-4.873263876199955,12.997486,2.4303303
273.2949018704437,-4.69724787135965,12.847575,2.2443209
273.1444325476013,-4.639987950588935,12.781616,5.0340214
274.0944675198675,-4.593957840253812,12.436311,1.2620392
273.9216323603916,-4.229861393610345,11.129193,1.3861275
273.9786098492001,-4.0952351334225,12.198511,1.1311941
274.1947103872557,-3.9213037597699305,12.537018,2.2546692
271.6470979561229,-5.757692814709255,12.960803,1.2983923
271.2721349946231,-5.552894111377472,12.362649,3.0785322
271.4549347650071,-5.486698873898206,12.756052,2.55581
271.7848565897322,-5.56668678659637,12.890254,3.8682356
271.64059998051704,-5.147478223521925,12.9662,3.3033886
271.6024503210468,-5.038268401017562,11.707147,1.4811201
272.19863004397234,-5.08688418909655,12.465075,2.8281698
272.6785403278259,-4.680274702710692,12.612163,1.3639965
272.0996690393853,-4.735435592902553,12.36687,3.156105
270.27988398596875,-4.563075518043705,12.970108,2.5472784
271.4216859811206,-4.697657585666406,10.912402,2.6690626
271.8389565453088,-4.1178872973797915,11.93553,2.3207216
272.8611018901946,-4.729177715539663,12.455978,2.1469173
272.74250578889485,-4.507273569803125,12.817417,1.7679968
273.1704617663214,-4.261007591914536,12.562182,2.8848658
272.2696907614954,-4.092738705349009,11.294568,3.3017817
273.51023490996107,-4.129258492919017,12.47978,1.5468578
273.5751685298716,-3.5938929703490055,12.393697,6.1019697
273.2999094156842,-3.6795974906160516,11.022135,1.067277
273.3274310681337,-3.40678904574872,8.554315,0.8076701
271.9611110805488,-3.9629337895687797,11.764457,2.9343777
272.5376800025014,-3.4799139051739525,12.222908,4.7672625
272.699846226378,-3.358246050403139,11.623302,1.8195801
272.2181143937269,-2.917740026095522,12.077307,1.5311575
272.96166872357503,-2.660839715907044,11.513963,5.2247343
270.01350769599503,-4.211687985483754,12.314079,1.1309834
270.16263059977973,-4.304419158458958,11.214935,1.7818756
270.67942512088126,-3.934792832634033,12.791155,2.8568497
270.9133459533917,-3.753793482706439,12.525555,3.3031073
271.14172027907387,-3.620814988158383,12.817055,3.101986
270.87425969316286,-3.4520025623927886,12.150969,1.1965046
270.18703311553855,-3.4639603405563526,12.9652195,2.3366709
270.60538553814615,-3.147205862696769,12.587263,2.453969
271.43365676144435,-3.155232235129927,11.983249,4.065813
272.01511346095566,-2.6709149210084044,12.87958,2.8243103
271.8576848666044,-2.668668703356183,12.511863,3.1593876
272.1904179956291,-2.3634921866167162,12.917886,1.2436008
272.31846122084124,-2.1278660712284228,11.934381,6.4825516
270.823837600899,-2.8605963172285507,12.555686,3.579299
270.2382939735717,-2.579094985420551,7.1772594,1.3591051
270.6566183859753,-2.364395872948517,12.207144,2.0705814
270.4956668545566,-2.3187511499997964,12.474939,2.4710503
270.359732277704,-2.267558156271632,10.380294,0.9050007
270.49330917206623,-1.9995911746266013,12.920299,2.199934
271.51811862993515,-2.158150292338253,12.938234,1.7046127
271.7355198192045,-2.081257803960055,11.408848,1.1327391
270.87422726649305,-1.9217072707470717,10.300999,1.8428421
270.7958757029796,-1.7595878087338777,12.148325,1.8657932
270.99333275071086,-1.5910021508871832,12.907233,2.5556402
271.6149983416204,-1.411154963403994,12.454965,2.290125
271.1263361430223,-1.4620216983061227,11.936204,2.0919104
271.24576504458634,-1.428242514593588,10.160048,2.1424084
271.4291881751304,-1.3739819556534587,12.334572,1.2455969
270.02461916402393,-1.991388669215711,12.916917,1.1603556
270.0904922998113,-1.8942539918339667,12.152079,4.0196133
270.37358165338145,-1.787538418673812,12.921704,1.2702608
270.4168748783623,-1.6899035621312204,12.899732,1.9088049
270.78827940601855,-1.6269473883899137,12.17987,2.2361107
271.000249079393,-1.4727912616675969,10.756187,2.256133
270.62478210502087,-1.3176796284752126,12.032125,1.9393196
271.22571459862166,-1.1328176779081072,12.503963,2.6639204
270.9895665146485,-1.1206635574724626,12.972019,1.2970219
270.9429294442208,-1.0359351514439303,11.263678,1.0645905
270.3089515174002,-1.1585118590501584,12.257536,1.7973118
270.2687770918758,-1.1598195337597736,12.793715,1.8829231
270.3376378618182,-0.960292729693698,11.547882,2.6338434
270.5344787324954,-1.0015670789675155,10.963238,1.6765871
270.55374557433413,-0.9232880232750668,9.838199,0.8597603
270.16525122152365,-0.8188657737736214,12.551619,1.1767292
270.17098403032577,-0.7846571551723521,12.755915,1.7724352
270.47813969912806,-0.6441685153800799,10.72245,2.3202868
270.61746497597665,-0.6605200728274252,11.84554,2.5361624
270.15219060668136,-0.5856861622669423,10.666829,1.0459251
270.132160938156,-0.4242740401348599,12.241306,1.6572819
270.1010631807128,-0.14824640286051455,12.036342,2.1868744
270.35359287082866,-6.714293848327608,12.566643,1.496768
270.5034323898407,-6.520460222978016,11.722529,2.6983624
270.5410824014563,-6.411803597492854,12.854524,3.7004032
270.5901496200692,-6.278177955789837,12.987143,1.6130228
271.102179398701,-6.046133505885941,10.199976,1.0880117
271.3457453015079,-5.943877078063718,12.001503,3.4132795
270.93436438802433,-6.058020854025904,12.294932,2.7403803
270.94464500838126,-5.885698314648477,11.769251,2.645318
270.46180315185995,-5.907295154105486,11.694927,4.762473
270.1357209998611,-6.0400485751981785,12.430654,2.8754025
270.4390041399364,-5.32414787907573,12.992919,1.9066772
270.3264607437241,-5.36179753173038,12.990563,2.0052109
272.8470625010233,-6.9630231643947,12.018503,2.4081106
272.42353744532085,-6.794392693874369,12.795634,2.3701982
272.8047162980757,-6.487274797169521,12.187161,2.756957
273.63746201682795,-6.316011973820169,12.23163,2.399684
273.3849987673324,-6.3006746684338975,12.936937,5.0189085
273.51050161894506,-6.175698538317301,10.159104,1.5478258
273.7952597393451,-6.168004825134873,12.810863,2.4481077
273.72499424301367,-6.040970994465257,11.514916,2.2020168
273.28630441677655,-6.116092064444597,12.889474,2.4566326
273.3218272764108,-6.076681216981322,12.701509,1.1648588
273.30773243749474,-6.043270096795519,12.287034,2.9313002
273.310550777397,-6.020715092241615,12.862712,1.5287104
273.17781831954335,-5.747546601577346,11.780576,1.5867424
273.41567553945055,-5.847566707508675,12.966345,2.502572
273.84201298185707,-5.669879829713733,12.323027,2.326867
271.90134342052687,-6.365165817841913,12.862696,2.9041452
271.95100881205457,-6.158613390966779,10.7416115,2.4339027
272.6072254911249,-5.9640367776205885,12.820397,3.2126732
272.2519998372114,-6.0541671484558,11.562018,1.3500252
272.26560643698434,-5.832142142843187,12.453206,2.5453281
272.3337459177456,-5.769451362816023,12.961918,1.4593344
272.40280793462557,-5.653917188785084,7.164326,1.155024
271.9383711147586,-5.729006373298231,12.01601,4.41875
273.0553429690624,-5.624463965382845,12.838539,2.2502823
272.9002690903919,-5.674068501943902,12.195246,2.9015427
272.55347487455407,-5.69682108952727,11.635034,2.4795427
273.103947870365,-5.618224516167446,9.863419,0.7387123
272.8557756204562,-5.3734065417629395,12.808699,2.3124723
272.6827002354427,-5.394956469624154,12.326201,1.4240093
272.2848154530863,-5.475666150571387,12.794366,5.183934
272.5974366273559,-5.254968804124696,12.468424,1.5023203
272.8622534639361,-5.205011270550472,6.727187,0.08976936
272.7090666329571,-5.0076321859623425,12.641808,3.4767237
272.8462853195514,-5.017281515383551,12.7248955,2.5586996
272.87357468699304,-4.984972785585002,11.253895,2.2478104
274.5323755151001,-5.699755155984762,11.7500105,2.8011913
274.0038387427054,-5.783888387858155,11.036683,3.0584278
274.1254006468234,-5.691068762375374,12.457463,2.1347885
273.9247974619849,-5.703071933617605,12.798922,1.3871269
274.05880495985986,-5.652386195655753,12.994553,1.4320526
274.04620940053206,-5.488467666990038,12.480274,2.4507904
273.9536572352325,-5.429357183071526,12.950994,1.5154743
273.6205100891577,-5.312817227243131,12.812276,3.259822
274.35874603328523,-5.068005506592323,11.519521,1.3981762
274.0065668404643,-5.112253450751635,12.27145,1.4412374
274.1801551112881,-5.078488508799808,12.996126,4.3697414
274.09164377520705,-5.057580975432549,12.267378,2.2170782
273.97591267896405,-5.112692421547047,10.59395,1.0861998
275.1464499354503,-5.140489110680955,11.297215,2.4309883
274.951189312455,-4.96157925950803,7.6954045,0.6825514
274.5423899203344,-4.609955428161316,12.736367,4.807249
275.1602378953507,-4.559132503134437,12.015327,4.626583
275.2196881653057,-4.454687859313852,12.571933,3.2024097
273.56292860327767,-5.238035396888689,12.07463,2.584281
274.01591713616267,-4.952808031776903,12.958064,3.1121435
273.9366118017245,-4.673800628740951,12.363774,2.9017544
273.11754137782714,-4.828385034153362,11.4922695,1.7719822
273.2063413488918,-4.7857497662469255,12.704073,5.17548
273.36554735488363,-4.752046196047545,12.263777,1.5293732
272.95068301019984,-4.682522209481403,12.946859,1.5540848
273.5639520462296,-4.714973676702899,12.191814,1.4859734
273.9696844719492,-4.491261618402801,12.470174,2.0780363
274.3465198308457,-4.366565853717598,12.781342,3.2060204
274.56037667699854,-4.36115410207375,10.835086,0.7779989
274.64267211960686,-4.21734380865306,12.052304,3.505332
273.97271133644784,-4.300844322795111,12.904925,6.1865826
274.2287754563837,-4.144267770143109,12.627133,1.302721
271.50805355143234,-5.885814316481802,10.280746,1.1635227
271.74804189460735,-5.4805829052285,11.242483,2.470111
271.9598333270964,-5.420539511593262,12.282591,3.017891
270.8870408117792,-5.4813361826982465,11.781794,1.4898386
271.37532020558314,-5.302472428067799,11.829677,1.2964506
271.65802259163786,-4.967916873487358,12.565799,2.6836739
272.33716808732777,-4.577751576162778,8.890147,1.155653
271.95990567691484,-4.512358269293595,12.816434,2.7855492
270.6928144022172,-5.3581621239762445,6.692715,0.27448797
270.7569378874083,-5.254300366076239,12.210138,3.545269
270.57574188759247,-5.118439916517698,11.173111,5.9437094
270.7712329771229,-4.430529756507011,12.967669,4.257757
271.7393594356245,-3.8702208747495965,12.655713,2.0082169
272.8562425943337,-4.284906980948536,12.877125,1.6276369
272.71098583872805,-4.1591997604057305,11.948414,2.6349792
272.4157490086028,-4.118279612169345,12.903616,2.4596968
273.0204316691738,-3.9506699088329524,12.996967,2.8021374
272.84888301930476,-3.8206930255950944,12.905809,2.9739094
273.63229802902237,-3.3727041173619514,12.729106,3.0479393
272.15610200571075,-3.9715719689361184,10.805592,0.85241604
272.57816537436184,-3.667896459439293,11.913153,3.1977196
271.67846390264083,-3.6625454251121004,12.792473,6.8891296
272.8930796803455,-3.215449336349875,12.619811,3.64645
273.3941174592933,-2.9892924408827706,11.922669,1.1553755
273.2577528739637,-2.897202657227526,10.450062,2.071125
272.89636277422073,-2.8196730638638536,12.977058,1.5416174
270.34718451803076,-4.368636262037615,12.147653,1.6834383
270.4161390004217,-4.185879461854635,12.387993,1.3941088
270.04582591160244,-3.937282261461962,12.568227,1.4291401
270.13720022338424,-3.153651562553971,11.113053,0.9784832
270.07232614262887,-2.946068352748319,11.152157,4.5519266
270.17609802453217,-2.5567116483318637,12.23278,2.526989
271.31500043430145,-3.3824003392954274,12.649307,2.9957132
271.3271188600429,-2.5046701276705083,11.016667,0.8525505
272.06760496084013,-2.4264302940020452,12.01142,1.1838598
272.04189396670023,-2.407540589604867,10.181507,3.3192863
271.72012432877943,-2.3156948360303304,11.032068,1.4704962
271.83846741239535,-2.072699639705031,12.881611,1.2285471
271.2424735139945,-2.317824682021785,11.727492,3.0105562
270.5604120852666,-2.2181008812064387,11.803254,1.9592152
270.7148037780158,-2.1592629240774457,12.459906,1.3568497
270.6732046433775,-2.1708626693510826,12.917161,1.9582596
270.87298629967853,-2.0853524012005282,9.737403,1.4227734
270.6865631006032,-1.878218692827466,12.685971,1.0855999
271.60560920526,-2.041830089549696,12.030349,2.91368
271.65928160088583,-1.4902772078419613,11.111649,3.5665522
271.1733750177823,-1.4072640999896684,12.694283,1.3540335
270.1305801561457,-2.217771018255335,12.900828,2.3094873
270.34376642608845,-1.9957010760227285,12.888869,1.8956203
270.608834283657,-1.8236015283154445,12.84001,2.8502502
270.00225461045346,-1.762267931849964,12.793212,1.964673
270.04857295916753,-1.68950280426458,11.001011,1.8300877
270.11660102693514,-1.3236502767887504,12.258682,2.078475
270.84826825259506,-1.53170117719128,12.631948,2.2926378
270.7013841186864,-1.4333333574257285,11.730861,1.8525715
270.68097723041285,-1.389668919022479,12.847599,2.3626652
270.8666527160415,-1.2294047577433818,12.417769,1.7863913
271.1536051337929,-1.0091535738386415,12.436099,2.7775087
271.05902483027677,-0.9692444061933191,12.687447,2.1606712
270.44417609931827,-1.3447127450120568,12.81439,1.2475033
270.5225494743394,-1.2369744696481166,12.903089,1.7592096
270.15966639617636,-1.1262772469857532,12.96793,2.4563532
270.32541038975154,-1.0328530145615433,12.184774,3.0249662
270.65944704449856,-1.0142067923863107,12.7658415,2.0523262
270.47314647581385,-0.969459829480297,12.110279,1.8141108
270.6935807583469,-0.7176106240148953,10.182033,1.982441
270.080479740726,-0.9147682081376742,12.861035,1.8798838
270.0258737446137,-0.8250316571184723,12.44871,1.5212612
270.4116962388341,-0.4909957573169038,10.294618,1.5403509
270.19197703841775,-0.40307607605383955,12.126627,1.1041145
269.71731452970243,-1.2859747721878585,12.351937,1.286829
269.7586417047915,-1.1427005804560832,12.603242,1.950139
269.6805988820243,-1.0724638837231812,9.741415,0.86432076
269.5585659571179,-1.0771924266724573,11.343197,1.1016369
269.41373236509855,-0.7734487520354566,11.989725,5.0480337
269.92727100755616,-0.9752037510108235,12.620484,1.887353
270.2845241128561,-9.045424031814095,12.552216,1.6259842
270.21004116068445,-8.672064440848612,12.107522,2.117117
270.3731991161288,-8.145135543063837,12.032699,1.1706333
270.7176121486906,-8.272149109232073,12.8237295,2.5002346
270.7739676762566,-8.219103578518876,12.233776,1.5989485
270.4306381677377,-7.768233778317848,11.494738,4.434743
270.2745289265234,-7.786695364531756,12.025405,2.0601559
270.38674031426143,-7.6706426339236184,11.644117,2.225626
270.14686674199226,-7.526392386719086,9.155707,0.78644276
271.3149940288665,-8.181218963372823,12.85073,1.7382259
271.7465193937727,-7.94523473326516,11.580873,3.9099293
271.5792257031263,-7.728875019879588,10.068537,3.6400528
271.1697544777994,-7.786619656278325,12.783431,2.636735
270.87623649061925,-7.828041448537579,12.8988905,2.3233356
271.52138970063226,-7.637942097003403,12.515103,1.6412086
271.28504164070574,-7.675861756833354,12.279536,1.5220232
271.37316098228314,-7.581603065891651,12.852173,2.3701782
271.18852043357964,-7.567790999364363,12.147911,1.6311235
271.2089555692587,-7.441146961847013,12.871989,2.5131187
271.8155318241735,-7.431395934046398,12.602818,2.5123024
271.72484786762965,-7.407705851618285,12.237595,1.3746414
270.6155802584072,-7.433648190639764,12.959297,3.4325848
270.6798877428934,-7.2935874899004185,12.706664,2.9645748
270.6739687644707,-7.221833940190904,10.496295,2.7425175
271.19501250652337,-7.262744896162787,12.856249,3.1003962
270.9142838531261,-7.165629345250137,12.871659,3.0644302
271.0640715151608,-6.518640543069886,12.421887,2.693019
271.0049355461038,-6.391589141707911,7.9202666,2.0585618
271.2351871759568,-6.14912304872751,12.833208,1.5615358
271.40041708309525,-6.154128202008345,12.929361,1.4381781
271.52100046206374,-6.0919476312721415,11.731953,2.5296268
270.15267454367694,-6.511010186395916,12.862398,1.3350744
270.41925212804006,-6.502018923511725,12.232398,2.9055681
270.2145091437568,-6.236789469429055,11.289531,2.0477734
270.04929525513916,-6.0555240051032255,12.80947,1.458724
270.890224729557,-6.172533103297567,12.479915,1.4292679
270.60637624549986,-6.3381531935022375,12.682985,5.235305
270.69983444606305,-6.273634825059029,12.90535,2.6846151
272.69032472330645,-6.8307217081235985,10.223376,1.4047165
273.17388383609335,-6.361662115447819,12.309999,2.183463
272.4542769098506,-6.584109088340235,12.883535,1.7792339
272.96500293401607,-6.247669064579875,12.3834505,1.6539049
272.73822218742026,-6.138196248726835,12.750153,3.14563
273.35843050224764,-6.38648034542109,12.86668,4.5168266
273.12571986895546,-6.055262941837763,8.801132,0.6080065
273.1831685347931,-6.03559962488785,12.864465,2.3977785
273.4641471410417,-5.772303758527029,12.965049,4.180896
273.74557828061705,-5.707680911877521,11.857855,1.070363
273.7332888320232,-5.611927223286665,11.589609,2.4070215
273.45700395021066,-5.6201079406736065,12.8452835,3.0870037
272.6196729350909,-6.1046158728429925,11.694702,2.4871616
272.6480007005047,-6.029242040978401,12.131104,1.186018
271.6864888274793,-6.199865148532322,12.764044,2.6671991
272.055742323591,-5.965034832603744,10.170681,0.99789715
272.28601242368615,-5.766372924199817,12.27859,5.101202
272.1217153310536,-5.68159693529751,12.345903,1.3937235
273.0711842431114,-5.645424269329423,10.62269,3.1352224
273.4983657114982,-5.388432070808471,12.793375,3.2274332
273.2740749277199,-5.20273296166267,11.648451,5.2138844
272.26063157529626,-5.3305396245156915,12.422637,2.5769653
272.8665360498581,-5.332081869456678,12.5046625,5.3148937
274.36136481112186,-5.785741006016683,12.146397,2.4212322
274.3250269713294,-5.724458283232865,12.969012,2.2732582
274.3874432907055,-5.5869482464575775,11.431932,1.9998732
274.3367251809099,-5.573353785275511,12.057903,2.909154
274.0650962060919,-5.52352463264209,11.172681,1.4020452
273.664547789993,-5.498603914142222,12.252893,2.2423487
273.7191175357721,-5.26493600254242,11.029973,2.246047
273.8613950620974,-5.273300490515821,12.628551,2.5030432
274.17549162338196,-5.215072065370087,12.709065,1.4322681
274.9267855485424,-4.901785093381717,12.604151,4.030882
275.174955863821,-4.946222702902421,9.35477,2.8795576
275.38214808282106,-4.861513993904613,10.577076,1.4750395
275.2507661119147,-4.635133920283914,11.071899,0.8972664
274.3636729256861,-4.877359296115139,10.41502,1.711832
274.90613907670297,-4.47665147618136,12.035376,1.418973
274.7857437650886,-4.394402794818746,12.10403,1.1087036
273.4369490499492,-5.283674706142074,10.46569,0.7297411
273.68391677593905,-5.124264821076712,12.688799,1.5470085
273.70367087038335,-5.083500492024147,11.400201,1.6501122
273.54976241475424,-5.093321824328466,11.931222,1.9532413
273.4857155729172,-5.075090994475655,12.785275,2.2086802
273.9726709152275,-4.869468526003414,12.656266,2.166895
274.1317665576243,-4.81622749125325,12.775749,2.2996883
273.6939150516771,-4.895166568328311,12.16613,2.607565
273.6711192641428,-4.874499439737184,12.216931,1.9736128
273.6902421249274,-4.687235764811633,9.130058,1.2144632
272.92063246544467,-4.7440057968946885,12.743403,1.4055986
273.7246736613458,-4.474132962947572,11.501141,4.5806932
273.63394018736074,-4.3152828243615415,12.878561,4.893136
273.5786425166145,-4.319114260458899,12.929929,2.1446886
273.56413893239034,-4.269321491951894,12.3295355,2.8963966
274.15811295881093,-4.573172789093074,12.912887,2.489707
274.217495350723,-4.211420289146962,12.931786,1.4999857
274.002399936495,-4.185256943335362,12.738667,3.4410381
274.0336031628527,-4.1358856111986135,12.189635,2.4796572
271.381600759727,-5.805714493599043,12.591381,1.959774
271.67257314701646,-5.621540147818306,12.164185,2.859479
271.3624881709982,-5.509652127875191,12.526566,2.5869694
271.02649103785785,-5.462485122117761,12.80263,4.5266533
272.10715475471847,-5.071526779063491,12.801066,2.9786701
272.23095592646536,-4.929249778902602,12.390839,1.3075733
271.7660160301056,-4.975007695880957,12.921047,3.317377
270.56768781904134,-4.603881140809085,12.914173,1.3924551
270.63169401241584,-4.336517903838778,12.971719,5.652792
271.6292690935624,-4.465325656600202,12.772771,3.6305275
271.8815246135715,-4.363785862379303,12.570956,1.2677832
271.28280922652635,-3.7726747709794513,11.537878,0.9758034
273.1779332639118,-4.424428101430977,12.150204,2.6920042
273.0868468353611,-4.343467555715631,11.871392,1.4947319
273.38879353408066,-4.140896575195976,11.677222,2.7641335
273.34231738185235,-4.11145157908215,12.71358,2.6792974
273.2193593710298,-3.9750435335968395,11.587695,2.9421816
272.19356537108916,-4.124054006126736,12.494025,1.6878481
273.92684736883706,-3.3576002460230208,7.0353,1.2752571
273.2466780986169,-3.8061874134967293,12.15038,2.3793688
273.2798522472228,-3.7033579128062915,12.851443,1.8035688
271.74167268597296,-3.4422169133294402,12.082203,1.0625782
272.7155500371102,-3.372267265366692,11.830402,1.0199232
272.7749392262978,-3.165893520153895,12.847245,1.2578802
272.98868614923896,-2.8898526024561404,11.443629,1.4928923
272.46864840607856,-3.027284197584836,10.930355,0.83881855
270.1685322568611,-4.121121929963116,12.404643,4.429372
270.14308859915536,-3.9794814803758536,7.2203526,1.9465423
270.4872432731698,-3.790860474139756,11.479081,0.9986515
270.3677381579758,-3.3925203204512866,12.354988,3.6270103
270.6384994570661,-3.3969131712796647,11.965021,2.8291779
270.62662755506386,-2.974938092552559,12.629366,1.2712421
271.91908992535673,-3.017081573991825,12.390307,3.764865
272.080899085165,-2.251725866244648,12.4407425,2.7008495
270.747398588117,-2.881360495202405,11.221906,0.96054745
270.1863499502389,-2.483781069434385,12.144081,1.2412643
270.3072241341939,-2.3912247887259044,11.050027,1.8136625
270.4121735636338,-2.2990592235122342,12.281353,3.7143154
270.3460134028071,-2.1693549242467465,12.125644,2.215085
271.5498813466847,-2.003565619065387,12.879892,3.4346151
271.7753272102674,-1.7705899031852195,8.148793,0.4581623
270.9946991621659,-1.5863308046757496,10.334211,0.85704994
270.18488070551916,-1.787183167214047,12.892826,1.3039026
270.34425829530323,-1.6896434648485805,12.355752,1.3765469
270.1379537049798,-1.6280525763668925,12.529096,1.8364878
270.6389854658887,-1.7130890619317618,12.271267,2.3724957
270.9380086930351,-1.533401956342985,11.605628,1.7846937
270.8073810058593,-1.4243719963682777,12.270841,0.98928356
271.04666354115375,-1.3986001775775971,9.63275,1.7605715
270.99175345363875,-1.3184518517267545,11.30019,1.862731
270.81676424208104,-1.2670521607028564,12.380877,1.1223164
271.05150091407774,-1.1615214256060977,10.669411,2.6486359
271.04034258046624,-0.997074592586968,12.758904,2.2683668
270.42437089220533,-1.3372161198301342,11.519732,2.2512608
270.75379772614656,-0.9609253810966601,12.078734,2.1188707
270.13404112982886,-0.9692678171755479,11.857155,1.1753902
270.0668360716712,-0.7077770632598946,12.392535,4.720536
270.3787422404208,-0.3294192660646846,11.785905,1.8223848
270.2033726969635,-0.2811509533666834,12.290653,0.9108677
